Date,Ticker,TimeBarStart,OpenBarTime,OpenBidPrice,OpenBidSize,OpenAskPrice,OpenAskSize,FirstTradeTime,FirstTradePrice,FirstTradeSize,HighBidTime,HighBidPrice,HighBidSize,HighAskTime,HighAskPrice,HighAskSize,HighTradeTime,HighTradePrice,HighTradeSize,LowBidTime,LowBidPrice,LowBidSize,LowAskTime,LowAskPrice,LowAskSize,LowTradeTime,LowTradePrice,LowTradeSize,CloseBarTime,CloseBidPrice,CloseBidSize,CloseAskPrice,CloseAskSize,LastTradeTime,LastTradePrice,LastTradeSize,MinSpread,MaxSpread,CancelSize,VolumeWeightPrice,NBBOQuoteCount,TradeAtBid,TradeAtBidMid,TradeAtMid,TradeAtMidAsk,TradeAtAsk,TradeAtCrossOrLocked,Volume,TotalTrades,FinraVolume,FinraVolumeWeightPrice,UptickVolume,DowntickVolume,RepeatUptickVolume,RepeatDowntickVolume,UnknownTickVolume,TradeToMidVolWeight,TradeToMidVolWeightRelative,TimeWeightBid,TimeWeightAsk
20200131,SPY,04:00,04:00:00.000000000,,,,,04:00:00.017290596,327.33,630,04:00:53.355562990,327.40,300,04:00:00.003836371,327.80,300,04:00:36.977032363,327.34,100,04:00:00.003812465,326.90,0,04:00:06.634956939,327.26,3000,04:00:06.647103654,327.21,100,04:00:59.999999999,327.40,600,327.46,3700,04:00:39.365626759,327.32,15,0.02,0.90,,327.31914,607,15,830,101,0,0,0,946,6,0,,100,115,100,1,630,-1.61469,-0.04387,327.29669,327.37862
20200131,SPY,04:01,04:01:00.000000000,327.40,600,327.46,3700,04:01:11.018653329,327.45,34,04:01:25.259270325,327.46,500,04:01:25.259275792,327.51,500,04:01:23.188439374,327.48,100,04:01:49.263190104,327.30,700,04:01:44.061980898,327.38,500,04:01:43.987515216,327.39,5,04:01:59.999999999,327.34,600,327.38,4700,04:01:43.987515216,327.39,5,0.01,0.08,,327.46879,572,0,0,0,39,110,0,149,4,0,,134,15,0,0,0,1.77181,0.43736,327.39998,327.44076
20200131,SPY,04:02,04:02:00.000000000,327.34,600,327.38,4700,04:02:40.412723390,327.43,40,04:02:58.600659993,327.44,500,04:02:58.600802494,327.48,500,04:02:58.600933746,327.44,100,04:02:09.662357155,327.31,1000,04:02:06.708542737,327.35,2500,04:02:45.125079540,327.40,10,04:02:59.999999999,327.44,1600,327.48,4700,04:02:58.600933746,327.44,100,0.01,0.07,,327.43437,480,100,0,0,0,60,0,160,4,0,,150,10,0,0,0,-0.65625,-0.125,327.3603,327.39898
20200131,SPY,04:03,04:03:00.000000000,327.44,1600,327.48,4700,04:03:20.121397472,327.43,25,04:03:01.702872971,327.46,500,04:03:04.168576518,327.58,700,04:03:20.121397472,327.43,25,04:03:16.452589813,327.36,700,04:03:10.340424630,327.43,500,04:03:20.121397472,327.43,25,04:03:59.999999999,327.44,1400,327.48,4700,04:03:20.121397472,327.43,25,0.01,0.13,,327.43,748,0,0,0,0,25,0,25,1,0,,0,25,0,0,0,2.00,0.50,327.4138,327.45551
20200131,SPY,04:04,04:04:00.000000000,327.44,1400,327.48,4700,04:04:04.009716669,327.47,25,04:04:06.021263628,327.48,300,04:04:06.021869573,327.52,1700,04:04:04.009716669,327.47,25,04:04:13.770429603,327.42,1600,04:04:14.317644254,327.45,300,04:04:47.485096567,327.44,50,04:04:59.999999999,327.42,600,327.46,5300,04:04:47.485096567,327.44,50,0.01,0.06,,327.45,822,50,50,0,0,25,0,125,3,0,,25,100,0,0,0,-1.00,-0.20,327.44205,327.48278
20200131,SPY,04:05,04:05:00.000000000,327.42,600,327.46,5300,04:05:53.275645810,327.39,100,04:05:00.573952623,327.45,300,04:05:00.574323116,327.48,5400,04:05:55.136280828,327.43,1,04:05:34.069280244,327.37,200,04:05:50.251247256,327.40,100,04:05:53.275645810,327.39,100,04:05:59.999999999,327.39,900,327.43,4600,04:05:55.136280828,327.43,1,0.01,0.07,,327.3904,486,100,0,0,0,1,0,101,2,0,,1,100,0,0,0,-1.46535,-0.4901,327.39679,327.43561
20200131,SPY,04:06,04:06:00.000000000,327.39,900,327.43,4600,04:06:23.125249167,327.37,15,04:06:00.107127091,327.44,500,04:06:00.029475054,327.45,100,04:06:23.125249167,327.37,15,04:06:51.877594947,327.24,2100,04:06:51.877144109,327.27,300,04:06:51.292861586,327.29,377,04:06:59.999999999,327.26,3900,327.31,3700,04:06:51.293209777,327.29,377,0.01,0.07,,327.29177,988,20,0,377,0,392,0,789,4,0,,0,412,0,377,0,0.26426,0.24525,327.33056,327.36933
20200131,SPY,04:07,04:07:00.000000000,327.26,3900,327.31,3700,04:07:04.356712379,327.29,200,04:07:56.780262585,327.39,300,04:07:56.560736253,327.41,1500,04:07:04.356712379,327.29,200,04:07:10.369963483,327.24,2300,04:07:10.365018571,327.28,300,04:07:04.356712379,327.29,200,04:07:59.999999999,327.35,600,327.38,4700,04:07:04.356712379,327.29,200,0.01,0.06,,327.29,724,200,0,0,0,0,0,200,1,0,,0,0,0,200,0,-2.00,-0.50,327.30171,327.3413
20200131,SPY,04:08,04:08:00.000000000,327.35,600,327.38,4700,04:08:28.098594838,327.40,30,04:08:28.095400622,327.40,300,04:08:16.628323346,327.41,5300,04:08:28.098594838,327.40,30,04:08:49.394088834,327.32,600,04:08:49.616847523,327.34,300,04:08:28.098594838,327.40,30,04:08:59.999999999,327.40,600,327.41,100,04:08:28.098594838,327.40,30,0.01,0.06,,327.40,604,30,0,0,0,0,0,30,1,0,,30,0,0,0,0,-0.50,-0.50,327.35784,327.39554
20200131,SPY,04:09,04:09:00.000000000,327.40,600,327.41,100,04:09:07.636138489,327.40,100,04:09:01.582670879,327.41,300,04:09:01.588015498,327.43,100,04:09:07.636138489,327.40,100,04:09:47.545661001,327.32,600,04:09:47.545452249,327.35,300,04:09:39.506719697,327.38,100,04:09:59.999999999,327.34,6300,327.38,4700,04:09:39.506719697,327.38,100,0.01,0.06,,327.39333,502,100,0,0,100,100,0,300,3,0,,0,100,200,0,0,0.33333,0.05556,327.36807,327.4019
20200131,SPY,04:10,04:10:00.000000000,327.34,6300,327.38,4700,04:10:29.615514504,327.30,50,04:10:58.382557941,327.42,300,04:10:58.369775947,327.43,2100,04:10:58.369053346,327.38,50,04:10:41.324486092,327.24,2800,04:10:42.322394386,327.27,300,04:10:45.894336371,327.27,100,04:10:59.999999999,327.36,1200,327.41,5300,04:10:58.369053346,327.38,50,0.01,0.06,,327.305,838,150,0,0,0,50,0,200,3,0,,50,150,0,0,0,-1.125,-0.375,327.30424,327.34812
20200131,SPY,04:11,04:11:00.000000000,327.36,1200,327.41,5300,04:11:32.793293410,327.33,50,04:11:00.377602835,327.37,300,04:11:00.000000000,327.41,5300,04:11:32.793293410,327.33,50,04:11:23.262132775,327.30,600,04:11:23.889068689,327.31,300,04:11:32.793293410,327.33,50,04:11:59.999999999,327.32,600,327.36,5300,04:11:32.793293410,327.33,50,0.01,0.07,,327.33,748,0,0,0,0,50,0,50,1,0,,0,50,0,0,0,1.50,0.50,327.32499,327.36087
20200131,SPY,04:12,04:12:00.000000000,327.32,600,327.36,5300,04:12:03.937170346,327.37,1,04:12:11.850018531,327.36,300,04:12:11.850894333,327.39,500,04:12:03.937170346,327.37,1,04:12:30.328061262,327.30,600,04:12:33.026231854,327.31,300,04:12:03.937170346,327.37,1,04:12:59.999999999,327.32,600,327.36,4400,04:12:06.012902586,327.37,1,0.01,0.06,,327.37,388,0,0,0,0,10,0,10,10,0,,1,0,9,0,0,1.50,0.50,327.32081,327.35386
20200131,SPY,04:13,04:13:00.000000000,327.32,600,327.36,4400,04:13:05.721175569,327.33,300,04:13:54.434341964,327.36,300,04:13:52.744872839,327.38,2000,04:13:05.721175569,327.33,300,04:13:12.350309099,327.22,2700,04:13:12.142267303,327.26,300,04:13:12.174836248,327.26,50,04:13:59.999999999,327.32,1200,327.36,3600,04:13:12.174836248,327.26,50,0.01,0.07,,327.32,876,0,0,0,50,300,0,350,2,0,,0,350,0,0,0,2.28571,0.46429,327.3035,327.34296
20200131,SPY,04:14,04:14:00.000000000,327.32,1200,327.36,3600,04:14:02.368045285,327.36,100,04:14:04.897558539,327.35,300,04:14:04.897569916,327.38,4600,04:14:02.368045285,327.36,100,04:14:39.145744504,327.24,1600,04:14:36.339808200,327.27,300,04:14:36.277808011,327.28,30,04:14:59.999999999,327.28,2300,327.33,4500,04:14:38.893897517,327.28,100,0.01,0.07,,327.31478,438,0,0,0,30,200,0,230,3,0,,100,30,0,100,0,1.15217,0.45652,327.28623,327.32336
20200131,SPY,04:15,04:15:00.000000000,327.28,2300,327.33,4500,04:15:17.928189500,327.28,100,04:15:51.666371687,327.33,300,04:15:51.666467189,327.36,2000,04:15:17.928189500,327.28,100,04:15:22.966548418,327.22,5300,04:15:46.675941104,327.25,300,04:15:17.928189500,327.28,100,04:15:59.999999999,327.26,2200,327.31,4700,04:15:17.928189500,327.28,100,0.01,0.07,,327.28,858,0,0,0,0,100,0,100,1,0,,0,0,0,100,0,1.50,0.50,327.25873,327.29559
20200131,SPY,04:16,04:16:00.000000000,327.26,2200,327.31,4700,,,,04:16:07.895118871,327.35,300,04:16:07.216123976,327.38,2000,,,,04:16:29.301279808,327.22,1800,04:16:28.871644123,327.26,300,,,,04:16:59.999999999,327.30,600,327.33,4500,,,,0.01,0.07,,,636,0,0,0,0,0,0,0,0,0,,0,0,0,0,0,,,327.27918,327.31819
20200131,SPY,04:17,04:17:00.000000000,327.30,600,327.33,4500,,,,04:17:31.838263198,327.38,300,04:17:31.838291139,327.41,1000,,,,04:17:13.731234746,327.27,1800,04:17:03.820313270,327.30,300,,,,04:17:59.999999999,327.32,600,327.36,4600,,,,0.01,0.06,,,630,0,0,0,0,0,0,0,0,0,,0,0,0,0,0,,,327.32516,327.35982
20200131,SPY,04:18,04:18:00.000000000,327.32,600,327.36,4600,04:18:13.454543581,327.38,50,04:18:23.593044394,327.42,300,04:18:21.486046571,327.43,1100,04:18:35.785771836,327.42,100,04:18:00.000000000,327.32,600,04:18:00.000000000,327.36,4600,04:18:26.773918423,327.36,70,04:18:59.999999999,327.42,600,327.43,100,04:18:35.785771836,327.42,100,0.01,0.06,,327.38963,678,70,0,0,0,200,0,270,4,0,,150,70,50,0,0,0.59259,0.61111,327.37694,327.41041
20200131,SPY,04:19,04:19:00.000000000,327.42,600,327.43,100,04:19:14.843728817,327.42,100,04:19:43.375886557,327.47,300,04:19:43.376592573,327.51,2000,04:19:34.452923306,327.45,100,04:19:05.934029399,327.40,600,04:19:00.000000000,327.43,100,04:19:14.843728817,327.42,100,04:19:59.999999999,327.42,600,327.46,5300,04:19:34.452923306,327.45,100,0.01,0.06,,327.43007,306,203,0,0,100,0,0,303,5,0,,103,100,100,0,0,-0.5033,-0.27998,327.43075,327.4577
20200131,SPY,04:20,04:20:00.000000000,327.42,600,327.46,5300,04:20:19.044159523,327.42,100,04:20:03.495813046,327.44,300,04:20:03.498697288,327.48,5700,04:20:19.044159523,327.42,100,04:20:19.044635709,327.37,600,04:20:19.965186436,327.39,300,04:20:19.044159523,327.42,100,04:20:59.999999999,327.40,1200,327.43,3400,04:20:19.044159523,327.42,100,0.01,0.06,,327.42,436,0,0,0,0,100,0,100,1,0,,0,100,0,0,0,2.50,0.83333,327.39963,327.43267
20200131,SPY,04:21,04:21:00.000000000,327.40,1200,327.43,3400,,,,04:21:43.926527305,327.43,300,04:21:43.852297637,327.46,4300,,,,04:21:01.196521000,327.37,700,04:21:22.427934876,327.40,300,,,,04:21:59.999999999,327.40,1200,327.42,300,,,,0.01,0.06,,,328,0,0,0,0,0,0,0,0,0,,0,0,0,0,0,,,327.39558,327.42873
20200131,SPY,04:22,04:22:00.000000000,327.40,1200,327.42,300,04:22:41.036778573,327.42,321,04:22:56.644023843,327.44,300,04:22:41.036539054,327.46,1000,04:22:41.036778573,327.42,321,04:22:09.851476859,327.37,700,04:22:09.850926657,327.40,300,04:22:41.036778573,327.42,321,04:22:59.999999999,327.42,1200,327.46,4700,04:22:41.036778573,327.42,321,0.01,0.06,,327.42,286,321,0,0,0,0,0,321,1,0,,0,0,0,321,0,-2.00,-0.50,327.392,327.42326
20200131,SPY,04:23,04:23:00.000000000,327.42,1200,327.46,4700,,,,04:23:00.000000000,327.42,1200,04:23:00.000000000,327.46,4700,,,,04:23:24.853010670,327.34,2800,04:23:31.250490027,327.37,300,,,,04:23:59.999999999,327.40,600,327.43,1200,,,,0.01,0.06,,,538,0,0,0,0,0,0,0,0,0,,0,0,0,0,0,,,327.37547,327.41193
20200131,SPY,04:24,04:24:00.000000000,327.40,600,327.43,1200,04:24:02.286202069,327.42,40,04:24:05.108329503,327.41,300,04:24:00.000000000,327.43,1200,04:24:02.286202069,327.42,40,04:24:16.917286594,327.32,1600,04:24:16.912643624,327.35,300,04:24:02.286202069,327.42,40,04:24:59.999999999,327.36,600,327.41,5900,04:24:02.286202069,327.42,40,0.01,0.07,,327.42,572,0,0,0,0,40,0,40,1,0,,0,0,0,40,0,1.50,1.50,327.36341,327.40268
20200131,SPY,04:25,04:25:00.000000000,327.36,600,327.41,5900,,,,04:25:59.602576615,327.44,300,04:25:20.557269355,327.46,2000,,,,04:25:11.954152140,327.32,1600,04:25:11.953420343,327.35,300,,,,04:25:59.999999999,327.42,900,327.46,4700,,,,0.01,0.06,,,478,0,0,0,0,0,0,0,0,0,,0,0,0,0,0,,,327.38629,327.42188
20200131,SPY,04:26,04:26:00.000000000,327.42,900,327.46,4700,04:26:10.301755938,327.46,100,04:26:00.122873816,327.45,300,04:26:00.123534806,327.48,2000,04:26:10.301755938,327.46,100,04:26:53.981666015,327.36,3900,04:26:53.981243702,327.40,300,04:26:54.110179000,327.42,377,04:26:59.999999999,327.42,1600,327.46,4600,04:26:54.110179000,327.42,377,0.01,0.06,,327.42839,310,0,377,0,0,100,0,477,2,0,,100,377,0,0,0,-0.87107,-0.13229,327.40985,327.44334
20200131,SPY,04:27,04:27:00.000000000,327.42,1600,327.46,4600,04:27:50.163667414,327.46,75,04:27:44.585486918,327.45,300,04:27:44.586269764,327.48,1100,04:27:50.163667414,327.46,75,04:27:38.045263157,327.40,900,04:27:38.044753783,327.43,500,04:27:50.163667414,327.46,75,04:27:59.999999999,327.42,600,327.46,4600,04:27:50.163667414,327.46,75,0.01,0.06,,327.46,136,0,0,0,0,75,0,75,1,0,,75,0,0,0,0,1.50,0.50,327.42,327.46071
20200131,SPY,04:28,04:28:00.000000000,327.42,600,327.46,4600,04:28:26.118430691,327.48,15,04:28:21.235585402,327.46,300,04:28:19.598779693,327.48,2000,04:28:26.118430691,327.48,15,04:28:53.811463055,327.39,1800,04:28:53.768273097,327.42,300,04:28:53.769313385,327.42,100,04:28:59.999999999,327.42,1200,327.46,5600,04:28:53.769640202,327.42,377,0.01,0.06,,327.42183,384,0,0,0,0,492,0,492,3,0,,15,100,0,377,0,0.64736,0.50,327.42172,327.46269
20200131,SPY,04:29,04:29:00.000000000,327.42,1200,327.46,5600,04:29:00.104498245,327.46,10,04:29:51.483806244,327.45,300,04:29:51.154122343,327.48,2100,04:29:00.104498245,327.46,10,04:29:14.229950186,327.39,4900,04:29:14.668723719,327.42,300,04:29:00.104498245,327.46,10,04:29:59.999999999,327.44,1600,327.48,3100,04:29:00.104498245,327.46,10,0.01,0.06,,327.46,320,0,0,0,0,10,0,10,1,0,,10,0,0,0,0,1.50,0.50,327.41253,327.4519
20200131,SPY,04:30,04:30:00.000000000,327.44,1600,327.48,3100,04:30:01.355001756,327.47,85,04:30:29.226800820,327.47,300,04:30:29.227181077,327.51,1000,04:30:29.226428346,327.48,1,04:30:13.257707218,327.36,2600,04:30:13.261985474,327.39,300,04:30:01.355001756,327.47,85,04:30:59.999999999,327.45,300,327.48,2100,04:30:29.226448912,327.48,376,0.01,0.06,,327.47816,420,0,0,0,0,462,0,462,3,0,,86,0,376,0,0,2.00,0.50,327.42519,327.46095
20200131,SPY,04:31,04:31:00.000000000,327.45,300,327.48,2100,04:31:02.568897725,327.44,300,04:31:00.000000000,327.45,300,04:31:00.000000000,327.48,2100,04:31:08.353804009,327.47,25,04:31:23.492752863,327.40,400,04:31:35.460964155,327.41,300,04:31:02.568897725,327.44,300,04:31:59.999999999,327.40,100,327.43,2700,04:31:08.353804009,327.47,25,0.01,0.06,,327.44231,230,300,0,0,0,25,0,325,2,0,,25,300,0,0,0,-1.23077,-0.38462,327.41376,327.44905
20200131,SPY,04:32,04:32:00.000000000,327.40,100,327.43,2700,04:32:06.588209978,327.43,377,04:32:06.593116142,327.44,300,04:32:06.681399992,327.47,300,04:32:06.588209978,327.43,377,04:32:55.546536759,327.34,2800,04:32:55.929336804,327.37,300,04:32:55.545328044,327.40,100,04:32:59.999999999,327.38,600,327.41,4700,04:32:55.545328044,327.40,100,0.01,0.06,,327.42371,522,0,0,0,0,477,0,477,2,0,,0,477,0,0,0,1.31447,0.56988,327.40736,327.44191
20200131,SPY,04:33,04:33:00.000000000,327.38,600,327.41,4700,04:33:15.968166305,327.32,300,04:33:00.000000000,327.38,600,04:33:00.000000000,327.41,4700,04:33:15.968166305,327.32,300,04:33:16.455372970,327.25,100,04:33:20.443691549,327.26,500,04:33:54.290933872,327.28,100,04:33:59.999999999,327.25,100,327.30,3500,04:33:54.291177524,327.28,300,0.01,0.07,,327.29207,1132,477,0,0,0,300,300,1077,5,0,,0,500,0,577,0,0.33565,0.01068,327.28643,327.32621
20200131,SPY,04:34,04:34:00.000000000,327.25,100,327.30,3500,04:34:21.107222920,327.26,500,04:34:09.257980225,327.28,300,04:34:00.017872248,327.31,5800,04:34:21.107222920,327.26,500,04:34:24.037236233,327.17,200,04:34:24.032795272,327.20,300,04:34:49.097114705,327.23,200,04:34:59.999999999,327.22,1200,327.26,4700,04:34:49.097214262,327.23,500,0.01,0.07,,327.24308,802,0,0,0,0,1300,0,1300,4,0,,0,800,0,500,0,1.19231,0.65385,327.22193,327.25824
20200131,SPY,04:35,04:35:00.000000000,327.22,1200,327.26,4700,04:35:31.602354268,327.16,500,04:35:00.063595687,327.23,300,04:35:00.000000000,327.26,4700,04:35:31.602354268,327.16,500,04:35:07.503535229,327.14,2600,04:35:30.677047187,327.16,500,04:35:31.602354268,327.16,500,04:35:59.999999999,327.16,2800,327.21,4500,04:35:31.602354268,327.16,500,0.01,0.07,,327.16,856,500,0,0,0,0,0,500,1,0,,0,500,0,0,0,-2.00,-0.50,327.1662,327.20905
20200131,SPY,04:36,04:36:00.000000000,327.16,2800,327.21,4500,04:36:32.141863906,327.26,1,04:36:16.035622249,327.27,300,04:36:16.035741292,327.31,2000,04:36:32.141863906,327.26,1,04:36:00.000000000,327.16,2800,04:36:00.000000000,327.21,4500,04:36:32.141863906,327.26,1,04:36:59.999999999,327.22,1600,327.26,4700,04:36:32.141863906,327.26,1,0.01,0.07,,327.26,760,0,0,0,0,1,0,1,1,0,,1,0,0,0,0,1.50,0.50,327.22372,327.26409
20200131,SPY,04:37,04:37:00.000000000,327.22,1600,327.26,4700,04:37:10.527495168,327.22,50,04:37:00.000000000,327.22,1600,04:37:00.000000000,327.26,4700,04:37:10.527495168,327.22,50,04:37:58.433706768,327.03,1700,04:37:27.292725766,327.07,300,04:37:27.292211142,327.10,10,04:37:59.999999999,327.04,1000,327.08,4700,04:37:45.729608623,327.10,300,0.01,0.07,,327.13304,1254,1654,0,0,377,587,1677,4295,20,0,,577,1564,300,1854,0,0.16659,-0.07256,327.11859,327.1619
20200131,SPY,04:38,04:38:00.000000000,327.04,1000,327.08,4700,04:38:01.377766190,327.02,105,04:38:00.000000000,327.04,1000,04:38:00.000000000,327.08,4700,04:38:01.465248816,327.03,300,04:38:01.378072565,327.00,2800,04:38:37.384699268,327.00,300,04:38:21.905298292,327.00,99,04:38:59.999999999,327.00,1800,327.01,100,04:38:37.385693749,327.00,1,0.01,0.06,,327.0124,424,199,1501,0,0,406,1,2107,23,0,,300,205,0,1602,0,-0.25937,-0.06965,327.00221,327.02746
20200131,SPY,04:39,04:39:00.000000000,327.00,1800,327.01,100,04:39:12.338913840,327.00,19,04:39:01.411280688,327.01,300,04:39:01.416305563,327.03,3400,04:39:14.173454132,327.01,50,04:39:22.190612045,326.92,1800,04:39:22.191374785,326.95,300,04:39:18.816582974,326.94,1,04:39:59.999999999,326.95,500,326.98,4700,04:39:18.854819579,326.94,124,0.01,0.06,,326.98392,392,2105,0,1,0,98,377,2581,16,0,,50,380,0,2151,0,-0.81286,-0.4497,326.96808,327.00154
20200131,SPY,04:40,04:40:00.000000000,326.95,500,326.98,4700,04:40:02.183313932,326.95,377,04:40:50.267983269,327.12,300,04:40:57.693880046,327.16,2200,04:40:42.045063186,327.04,30,04:40:02.240752059,326.88,1600,04:40:02.184417162,326.92,300,04:40:02.185392906,326.92,1,04:40:59.999999999,327.07,600,327.11,4700,04:40:42.045063186,327.04,30,0.01,0.06,,326.95899,930,407,0,0,124,100,0,631,5,0,,507,1,123,0,0,0.16165,-0.18439,327.00134,327.04086
20200131,SPY,04:41,04:41:00.000000000,327.07,600,327.11,4700,04:41:06.669092846,327.08,300,04:41:00.006093381,327.10,300,04:41:00.006518094,327.13,5000,04:41:59.562981779,327.09,1,04:41:30.832579445,327.03,2800,04:41:32.000667669,327.06,300,04:41:06.669092846,327.08,300,04:41:59.999999999,327.09,1000,327.12,300,04:41:59.562981779,327.09,1,0.01,0.08,,327.08002,536,1,0,0,0,0,600,601,3,0,,301,0,300,0,0,-0.0025,-0.00083,327.0581,327.10378
20200131,SPY,04:42,04:42:00.000000000,327.09,1000,327.12,300,04:42:50.964865827,327.09,5,04:42:02.525957850,327.10,300,04:42:03.209295494,327.13,5100,04:42:50.964865827,327.09,5,04:42:08.885953896,327.03,1500,04:42:08.913440276,327.06,300,04:42:50.964865827,327.09,5,04:42:59.999999999,327.04,1000,327.08,4500,04:42:55.384459424,327.09,5,0.01,0.06,,327.09,418,0,0,0,5,5,0,10,2,0,,0,0,10,0,0,1.25,0.55,327.05713,327.10197
20200131,SPY,04:43,04:43:00.000000000,327.04,1000,327.08,4500,,,,04:43:47.610278103,327.10,300,04:43:47.611078631,327.13,2000,,,,04:43:04.792118691,327.03,1500,04:43:28.642970848,327.06,300,,,,04:43:59.999999999,327.09,1000,327.13,5800,,,,0.01,0.07,,,272,0,0,0,0,0,0,0,0,0,,0,0,0,0,0,,,327.05361,327.09504
20200131,SPY,04:44,04:44:00.000000000,327.09,1000,327.13,5800,04:44:21.670522846,327.08,1,04:44:01.542756009,327.10,300,04:44:00.000000000,327.13,5800,04:44:21.670522846,327.08,1,04:44:40.719140454,326.99,2000,04:44:40.717723853,327.03,500,04:44:39.298280990,327.06,3,04:44:59.999999999,327.01,2200,327.06,4600,04:44:56.179419397,327.07,100,0.01,0.07,,327.06981,528,0,0,0,0,104,0,104,3,0,,100,4,0,0,0,3.44231,1.14103,327.04728,327.09017
20200131,SPY,04:45,04:45:00.000000000,327.01,2200,327.06,4600,,,,04:45:08.413800661,327.07,300,04:45:08.243787661,327.10,600,,,,04:45:34.757275477,326.98,1600,04:45:34.756484891,327.02,300,,,,04:45:59.999999999,327.01,600,327.05,300,,,,0.01,0.06,,,518,0,0,0,0,0,0,0,0,0,,0,0,0,0,0,,,327.01494,327.05573
20200131,SPY,04:46,04:46:00.000000000,327.01,600,327.05,300,,,,04:46:34.991517082,327.06,300,04:46:34.997082844,327.09,1000,,,,04:46:02.187296418,326.99,2200,04:46:01.686852693,327.03,300,,,,04:46:59.999999999,327.01,1000,327.05,600,,,,0.01,0.06,,,520,0,0,0,0,0,0,0,0,0,,0,0,0,0,0,,,327.02264,327.06159
20200131,SPY,04:47,04:47:00.000000000,327.01,1000,327.05,600,,,,04:47:50.241294349,327.08,300,04:47:49.559323146,327.11,1000,,,,04:47:01.685841483,326.99,3100,04:47:26.656533569,327.02,300,,,,04:47:59.999999999,327.04,1000,327.08,3500,,,,0.01,0.07,,,564,0,0,0,0,0,0,0,0,0,,0,0,0,0,0,,,327.02024,327.0647
20200131,SPY,04:48,04:48:00.000000000,327.04,1000,327.08,3500,04:48:53.910485401,327.11,500,04:48:57.380460170,327.13,300,04:48:57.276036982,327.16,2600,04:48:57.381467217,327.13,1,04:48:00.000000000,327.04,1000,04:48:05.614423947,327.07,300,04:48:53.910485401,327.11,500,04:48:59.999999999,327.11,1600,327.16,1000,04:48:57.381467217,327.13,1,0.01,0.07,,327.11003,518,1,0,0,0,700,0,701,3,0,,501,0,200,0,0,1.99501,0.49857,327.08068,327.12445
20200131,SPY,04:49,04:49:00.000000000,327.11,1600,327.16,1000,04:49:34.062358195,327.12,500,04:49:51.212055234,327.15,300,04:49:51.216490988,327.19,1500,04:49:48.330554378,327.16,499,04:49:27.567564867,327.07,1700,04:49:27.567453988,327.10,300,04:49:34.062358195,327.12,500,04:49:59.999999999,327.14,1300,327.18,4600,04:49:48.647211727,327.16,10,0.01,0.06,,327.14019,588,0,0,0,1,1009,0,1010,4,0,,500,500,10,0,0,2.49901,0.4998,327.10451,327.14823
20200131,SPY,04:50,04:50:00.000000000,327.14,1300,327.18,4600,04:50:35.123779186,327.16,100,04:50:38.495831169,327.19,300,04:50:38.495837907,327.23,2000,04:50:38.496818077,327.19,1,04:50:00.161656185,327.11,2000,04:50:00.157028755,327.14,300,04:50:35.123779186,327.16,100,04:50:59.999999999,327.19,1000,327.23,5600,04:50:38.496818077,327.19,1,0.01,0.07,,327.1603,564,101,0,0,0,0,0,101,2,0,,1,0,100,0,0,-2.00,-0.50,327.14418,327.18597
20200131,SPY,04:51,04:51:00.000000000,327.19,1000,327.23,5600,,,,04:51:00.331761907,327.20,300,04:51:00.000000000,327.23,5600,,,,04:51:51.053515455,327.09,1600,04:51:51.048590227,327.12,300,,,,04:51:59.999999999,327.11,1000,327.16,5900,,,,0.01,0.07,,,466,0,0,0,0,0,0,0,0,0,,0,0,0,0,0,,,327.15398,327.20052
20200131,SPY,04:52,04:52:00.000000000,327.11,1000,327.16,5900,,,,04:52:00.000000000,327.11,1000,04:52:00.000000000,327.16,5900,,,,04:52:36.067038332,327.04,2600,04:52:55.323134809,327.07,300,,,,04:52:59.999999999,327.04,2200,327.09,3700,,,,0.01,0.07,,,414,0,0,0,0,0,0,0,0,0,,0,0,0,0,0,,,327.06645,327.11406
20200131,SPY,04:53,04:53:00.000000000,327.04,2200,327.09,3700,04:53:57.514580847,327.14,500,04:53:56.991937925,327.15,300,04:53:56.990795066,327.18,2200,04:53:57.514580847,327.14,500,04:53:00.000000000,327.04,2200,04:53:01.008310267,327.08,500,04:53:57.514580847,327.14,500,04:53:59.999999999,327.14,1000,327.18,4600,04:53:57.514580847,327.14,500,0.01,0.07,,327.14,608,500,0,0,0,0,0,500,1,0,,0,500,0,0,0,-1.50,-0.50,327.06644,327.11579
20200131,SPY,04:54,04:54:00.000000000,327.14,1000,327.18,4600,,,,04:54:40.533093039,327.20,300,04:54:40.533445037,327.23,2000,,,,04:54:02.419198991,327.12,2400,04:54:02.418403391,327.15,300,,,,04:54:59.999999999,327.13,1600,327.18,4600,,,,0.01,0.07,,,510,0,0,0,0,0,0,0,0,0,,0,0,0,0,0,,,327.14622,327.1913
20200131,SPY,04:55,04:55:00.000000000,327.13,1600,327.18,4600,,,,04:55:27.004399419,327.20,300,04:55:26.943343499,327.23,4300,,,,04:55:00.000000000,327.13,1600,04:55:07.581225725,327.16,300,,,,04:55:59.999999999,327.16,1600,327.21,5400,,,,0.01,0.06,,,496,0,0,0,0,0,0,0,0,0,,0,0,0,0,0,,,327.1539,327.19997
20200131,SPY,04:56,04:56:00.000000000,327.16,1600,327.21,5400,,,,04:56:22.137644780,327.20,300,04:56:22.138362323,327.23,2000,,,,04:56:47.853631714,327.09,2000,04:56:47.848928029,327.13,500,,,,04:56:59.999999999,327.10,600,327.15,1000,,,,0.01,0.06,,,452,0,0,0,0,0,0,0,0,0,,0,0,0,0,0,,,327.14164,327.18966
20200131,SPY,04:57,04:57:00.000000000,327.10,600,327.15,1000,,,,04:57:05.734620210,327.16,300,04:57:05.248413464,327.18,4900,,,,04:57:00.153504646,327.09,3300,04:57:02.416161114,327.13,300,,,,04:57:59.999999999,327.11,2200,327.16,4700,,,,0.01,0.06,,,334,0,0,0,0,0,0,0,0,0,,0,0,0,0,0,,,327.11858,327.16515
20200131,SPY,04:58,04:58:00.000000000,327.11,2200,327.16,4700,,,,04:58:17.927535250,327.15,300,04:58:17.500057534,327.18,3800,,,,04:58:47.642986504,327.06,5100,04:58:28.667579519,327.10,300,,,,04:58:59.999999999,327.09,1000,327.13,5400,,,,0.01,0.07,,,482,0,0,0,0,0,0,0,0,0,,0,0,0,0,0,,,327.10253,327.1487
20200131,SPY,04:59,04:59:00.000000000,327.09,1000,327.13,5400,04:59:32.534252725,327.13,434,04:59:48.939312223,327.19,300,04:59:51.942646214,327.23,3400,04:59:32.534252725,327.13,434,04:59:07.522078954,327.08,3400,04:59:09.213272042,327.11,300,04:59:32.534252725,327.13,434,04:59:59.999999999,327.16,2600,327.21,3500,04:59:32.534252725,327.13,434,0.01,0.06,,327.13,380,0,0,0,0,434,0,434,1,0,,0,434,0,0,0,1.50,0.50,327.1116,327.15536
20200131,SPY,05:00,05:00:00.000000000,327.16,2600,327.21,3500,05:00:24.693629109,327.11,1200,05:00:00.000000000,327.16,2600,05:00:00.000000000,327.21,3500,05:00:24.693629109,327.11,1200,05:00:19.022213790,327.04,2500,05:00:35.013288261,327.07,300,05:00:24.693629109,327.11,1200,05:00:59.999999999,327.07,600,327.11,5300,05:00:24.693651680,327.11,234,0.01,0.07,,327.11,638,0,0,0,0,1434,0,1434,2,0,,0,1200,0,234,0,3.50,0.50,327.05778,327.10411
20200131,SPY,05:01,05:01:00.000000000,327.07,600,327.11,5300,,,,05:01:00.000000000,327.07,600,05:01:00.000000000,327.11,5300,,,,05:01:57.984364008,326.94,2000,05:01:57.983558996,326.98,500,,,,05:01:59.999999999,326.96,1000,327.01,5300,,,,0.01,0.06,,,562,0,0,0,0,0,0,0,0,0,,0,0,0,0,0,,,327.02119,327.06377
20200131,SPY,05:02,05:02:00.000000000,326.96,1000,327.01,5300,05:02:05.392974478,326.90,1,05:02:59.626484938,327.04,300,05:02:42.538175580,327.06,1000,05:02:57.308305318,327.00,377,05:02:06.982841436,326.85,1100,05:02:06.982165180,326.89,300,05:02:17.910079920,326.89,100,05:02:59.999999999,327.02,600,327.06,4500,05:02:57.309210592,327.00,246,0.01,0.07,,326.96681,1228,346,0,0,500,2255,1000,4101,10,0,,1254,101,2746,0,0,0.85113,0.32516,326.93883,326.97733
20200131,SPY,05:03,05:03:00.000000000,327.02,600,327.06,4500,05:03:13.871967965,327.08,1,05:03:52.911471721,327.17,300,05:03:52.911471721,327.21,2200,05:03:13.871967965,327.08,1,05:03:00.000000000,327.02,600,05:03:02.206722024,327.05,300,05:03:13.871967965,327.08,1,05:03:59.999999999,327.11,1600,327.16,5700,05:03:13.871967965,327.08,1,0.01,0.07,,327.08,1038,1,0,0,0,0,0,1,1,0,,1,0,0,0,0,-2.00,-1.00,327.10835,327.14891
20200131,SPY,05:04,05:04:00.000000000,327.11,1600,327.16,5700,05:04:05.543329941,327.16,500,05:04:00.683378911,327.15,300,05:04:00.681990526,327.18,2200,05:04:05.543329941,327.16,500,05:04:27.883732750,327.08,1700,05:04:14.812739153,327.12,300,05:04:05.543329941,327.16,500,05:04:59.999999999,327.12,300,327.16,5400,05:04:05.543345263,327.16,500,0.01,0.07,,327.16,446,0,0,0,0,1000,0,1000,2,0,,500,0,500,0,0,2.00,0.50,327.10062,327.14322
20200131,SPY,05:05,05:05:00.000000000,327.12,300,327.16,5400,,,,05:05:04.195499353,327.13,300,05:05:00.000000000,327.16,5400,,,,05:05:11.950274068,327.07,3400,05:05:19.747547598,327.10,300,,,,05:05:59.999999999,327.11,1000,327.14,300,,,,0.01,0.07,,,412,0,0,0,0,0,0,0,0,0,,0,0,0,0,0,,,327.10044,327.14512
20200131,SPY,05:06,05:06:00.000000000,327.11,1000,327.14,300,05:06:41.763614366,327.16,300,05:06:52.149583193,327.22,300,05:06:52.150442804,327.26,2200,05:06:41.766182452,327.18,1,05:06:00.000000000,327.11,1000,05:06:00.000000000,327.14,300,05:06:41.763614366,327.16,300,05:06:59.999999999,327.21,1000,327.25,1000,05:06:41.766182452,327.18,1,0.01,0.07,,327.16007,558,301,0,0,0,0,0,301,2,0,,1,0,300,0,0,-1.50,-1.49668,327.15588,327.19787
20200131,SPY,05:07,05:07:00.000000000,327.21,1000,327.25,1000,05:07:07.190832761,327.24,1,05:07:13.705834903,327.27,300,05:07:13.706214135,327.31,2200,05:07:10.568094597,327.26,434,05:07:00.074595893,327.19,2200,05:07:41.754750900,327.22,300,05:07:07.190832761,327.24,1,05:07:59.999999999,327.24,2000,327.29,1200,05:07:41.748683907,327.26,99,0.01,0.07,,327.25996,718,0,0,1,0,533,0,534,3,0,,435,0,99,0,0,1.90356,0.68446,327.22542,327.26475
20200131,SPY,05:08,05:08:00.000000000,327.24,2000,327.29,1200,05:08:27.711898837,327.29,1,05:08:27.710858341,327.29,300,05:08:27.710477499,327.33,2200,05:08:58.713240787,327.30,10,05:08:00.000000000,327.24,2000,05:08:01.467505391,327.27,300,05:08:44.738782335,327.26,300,05:08:59.999999999,327.26,1700,327.30,300,05:08:58.713240787,327.30,10,0.01,0.07,,327.26138,488,301,0,0,0,10,0,311,3,0,,11,300,0,0,0,-2.33762,-0.45713,327.25438,327.30072
20200131,SPY,05:09,05:09:00.000000000,327.26,1700,327.30,300,,,,05:09:00.000000000,327.26,1700,05:09:02.233447405,327.31,4700,,,,05:09:24.055952873,327.18,1700,05:09:19.322072443,327.22,300,,,,05:09:59.999999999,327.22,1000,327.26,4700,,,,0.01,0.07,,,516,0,0,0,0,0,0,0,0,0,,0,0,0,0,0,,,327.21867,327.26207
20200131,SPY,05:10,05:10:00.000000000,327.22,1000,327.26,4700,05:10:11.087631238,327.15,377,05:10:00.000000000,327.22,1000,05:10:00.000000000,327.26,4700,05:10:23.768218565,327.16,200,05:10:40.465784580,327.04,2500,05:10:40.465191667,327.08,300,05:10:49.092908259,327.06,100,05:10:59.999999999,327.06,2000,327.10,600,05:10:49.092908259,327.06,100,0.01,0.07,,327.14148,924,477,0,0,0,333,0,810,5,0,,200,477,10,123,0,0.62407,0.06296,327.10541,327.15001
20200131,SPY,05:11,05:11:00.000000000,327.06,2000,327.10,600,05:11:09.884593689,327.04,300,05:11:20.200798587,327.07,300,05:11:00.000000000,327.10,600,05:11:29.640542055,327.09,500,05:11:57.961030865,326.94,2200,05:11:57.959940226,326.98,300,05:11:55.494867645,326.98,434,05:11:59.999999999,326.94,2200,326.98,1000,05:11:55.495693513,326.99,500,0.01,0.07,,327.01624,590,1200,500,100,305,500,0,2605,10,0,,1000,1439,0,166,0,-0.28599,-0.24264,327.02221,327.05916
20200131,SPY,05:12,05:12:00.000000000,326.94,2200,326.98,1000,05:12:03.646808915,327.01,100,05:12:16.249257373,327.12,300,05:12:16.250026626,327.16,2500,05:12:43.372216755,327.02,50,05:12:00.000000000,326.94,2200,05:12:00.000000000,326.98,1000,05:12:03.646808915,327.01,100,05:12:59.999999999,326.99,1000,327.03,600,05:12:54.891697623,327.01,377,0.01,0.07,,327.01198,1196,1900,0,0,0,0,0,1900,11,0,,150,500,327,923,0,-2.10316,-0.68351,327.03526,327.0794
20200131,SPY,05:13,05:13:00.000000000,326.99,1000,327.03,600,05:13:42.424713621,326.88,1,05:13:00.000000000,326.99,1000,05:13:00.000000000,327.03,600,05:13:50.723203441,326.90,100,05:13:52.387462299,326.83,500,05:13:53.877570327,326.83,300,05:13:52.388756774,326.84,1,05:13:59.999999999,326.87,600,326.91,4800,05:13:52.388756774,326.84,1,0.01,0.07,,326.87478,972,0,0,0,0,203,0,203,5,0,,100,103,0,0,0,1.48768,0.50,326.90126,326.9432
20200131,SPY,05:14,05:14:00.000000000,326.87,600,326.91,4800,05:14:21.269257481,326.91,50,05:14:31.416644936,326.93,300,05:14:31.413630888,326.96,2600,05:14:58.089955330,326.96,100,05:14:01.264708024,326.83,5200,05:14:03.629478316,326.84,300,05:14:21.269257481,326.91,50,05:14:59.999999999,326.92,800,326.96,4400,05:14:58.089955330,326.96,100,0.01,0.07,,326.92467,672,600,0,0,0,150,0,750,5,0,,527,0,223,0,0,-0.66667,-0.30,326.88026,326.91542
20200131,SPY,05:15,05:15:00.000000000,326.92,800,326.96,4400,05:15:15.219562154,326.98,377,05:15:53.950552748,327.02,300,05:15:53.951348528,327.06,1600,05:15:15.219562154,326.98,377,05:15:00.000000000,326.92,800,05:15:00.042644324,326.94,300,05:15:15.219562154,326.98,377,05:15:59.999999999,327.01,1000,327.06,4700,05:15:15.219562154,326.98,377,0.01,0.08,,326.98,350,0,0,0,0,377,0,377,1,0,,377,0,0,0,0,2.00,0.50,326.96194,327.00857
20200131,SPY,05:16,05:16:00.000000000,327.01,1000,327.06,4700,05:16:41.878662480,326.97,1000,05:16:02.187521291,327.04,300,05:16:00.000000000,327.06,4700,05:16:41.878662480,326.97,1000,05:16:52.717214237,326.92,5500,05:16:52.768525027,326.95,300,05:16:41.878662480,326.97,1000,05:16:59.999999999,326.96,600,326.99,600,05:16:41.878662480,326.97,1000,0.01,0.06,,326.97,638,0,1000,0,0,0,0,1000,1,0,,0,1000,0,0,0,-1.50,-0.30,326.97493,327.01805
20200131,SPY,05:17,05:17:00.000000000,326.96,600,326.99,600,,,,05:17:00.690038927,326.97,300,05:17:55.765095079,327.01,5700,,,,05:17:06.445254588,326.89,1000,05:17:06.440266162,326.92,300,,,,05:17:59.999999999,326.95,600,327.00,3500,,,,0.01,0.07,,,520,0,0,0,0,0,0,0,0,0,,0,0,0,0,0,,,326.9139,326.95624
20200131,SPY,05:18,05:18:00.000000000,326.95,600,327.00,3500,,,,05:18:00.000000000,326.95,600,05:18:00.000000000,327.00,3500,,,,05:18:05.175288754,326.89,2300,05:18:07.624964892,326.92,300,,,,05:18:59.999999999,326.92,300,326.96,4500,,,,0.01,0.07,,,452,0,0,0,0,0,0,0,0,0,,0,0,0,0,0,,,326.91002,326.95582
20200131,SPY,05:19,05:19:00.000000000,326.92,300,326.96,4500,05:19:06.308177422,326.89,100,05:19:40.437162146,326.97,300,05:19:40.437974078,327.01,2200,05:19:06.308177422,326.89,100,05:19:06.308354118,326.85,1000,05:19:06.308091378,326.88,800,05:19:06.308177422,326.89,100,05:19:59.999999999,326.96,1600,327.01,5700,05:19:06.308177422,326.89,100,0.01,0.07,,326.89,598,0,0,0,0,100,0,100,1,0,,0,100,0,0,0,2.00,1.00,326.93243,326.97319
20200131,SPY,05:20,05:20:00.000000000,326.96,1600,327.01,5700,05:20:20.452980367,326.83,100,05:20:00.000000000,326.96,1600,05:20:00.000000000,327.01,5700,05:20:30.635676422,326.85,377,05:20:47.557223386,326.76,3100,05:20:47.579392502,326.78,300,05:20:47.578358152,326.80,10,05:20:59.999999999,326.79,1600,326.83,1000,05:20:55.932917440,326.83,100,0.01,0.07,,326.83434,866,0,0,0,124,1205,100,1429,11,0,,577,211,123,518,0,0.78341,0.44198,326.82936,326.86217
20200131,SPY,05:21,05:21:00.000000000,326.79,1600,326.83,1000,05:21:01.406474064,326.83,400,05:21:18.229606778,326.82,300,05:21:18.230421743,326.85,600,05:21:01.406474064,326.83,400,05:21:42.185493860,326.76,3300,05:21:42.210529778,326.77,300,05:21:51.744438095,326.76,300,05:21:59.999999999,326.79,1000,326.83,1500,05:21:51.744455988,326.76,200,0.01,0.07,,326.79702,610,1000,0,377,0,2177,0,3554,13,0,,0,777,1700,1077,0,0.26435,0.16559,326.78721,326.82423
20200131,SPY,05:22,05:22:00.000000000,326.79,1000,326.83,1500,05:22:13.335568010,326.76,500,05:22:00.000000000,326.79,1000,05:22:00.000000000,326.83,1500,05:22:30.615068042,326.78,500,05:22:55.104467482,326.66,2600,05:22:55.133354353,326.69,300,05:22:55.099370132,326.72,1,05:22:59.999999999,326.69,2200,326.74,600,05:22:55.099381322,326.72,150,0.01,0.05,,326.76928,444,110,0,0,0,2256,0,2366,10,0,,500,11,1005,850,0,1.11644,0.55931,326.74975,326.78286
20200131,SPY,05:23,05:23:00.000000000,326.69,2200,326.74,600,05:23:07.656815282,326.68,50,05:23:00.005677267,326.70,300,05:23:00.000000000,326.74,600,05:23:22.096649211,326.70,246,05:23:59.557899758,326.57,1200,05:23:59.553285610,326.61,300,05:23:59.553000036,326.62,1,05:23:59.999999999,326.58,1600,326.62,600,05:23:59.553000036,326.62,1,0.01,0.06,,326.66679,824,2100,500,0,877,1057,300,4834,18,0,,623,954,877,2380,0,-0.29499,-0.1069,326.6429,326.68099
20200131,SPY,05:24,05:24:00.000000000,326.58,1600,326.62,600,05:24:00.333259491,326.61,1,05:24:01.212763537,326.62,300,05:24:01.213436397,326.65,600,05:24:00.333259491,326.61,1,05:24:25.125654116,326.39,1000,05:24:25.120178091,326.43,300,05:24:25.121014995,326.43,377,05:24:59.999999999,326.42,4300,326.48,1600,05:24:54.074645597,326.48,5,0.01,0.07,,326.50528,1674,1477,1042,0,1,993,0,3513,18,0,,505,1185,123,1700,0,-0.32081,-0.13674,326.48755,326.52607
20200131,SPY,05:25,05:25:00.000000000,326.42,4300,326.48,1600,05:25:05.264479379,326.49,50,05:25:39.512987208,326.61,300,05:25:39.669678477,326.64,3700,05:25:10.580433790,326.50,377,05:25:00.000000000,326.42,4300,05:25:03.866289855,326.47,300,05:25:05.264479379,326.49,50,05:25:59.999999999,326.59,1000,326.63,1000,05:25:10.581388298,326.50,123,0.01,0.07,,326.49909,1026,123,0,0,0,427,0,550,3,0,,427,0,123,0,0,0.07727,0.16455,326.52215,326.56744
20200131,SPY,05:26,05:26:00.000000000,326.59,1000,326.63,1000,05:26:01.127863382,326.58,300,05:26:16.801337532,326.63,300,05:26:16.140160378,326.65,600,05:26:01.127863382,326.58,300,05:26:53.298806851,326.51,2200,05:26:51.814406431,326.54,100,05:26:52.039761237,326.54,150,05:26:59.999999999,326.54,1600,326.58,1000,05:26:53.315854795,326.55,100,0.01,0.07,,326.56941,802,150,0,0,100,0,600,850,4,0,,400,150,300,0,0,0.00,-0.05294,326.55281,326.5962
20200131,SPY,05:27,05:27:00.000000000,326.54,1600,326.58,1000,05:27:29.257845610,326.55,100,05:27:09.875874923,326.57,300,05:27:09.855834614,326.61,2200,05:27:29.257845610,326.55,100,05:27:56.105238060,326.32,1300,05:27:56.101287510,326.36,300,05:27:47.346392991,326.41,1,05:27:59.999999999,326.37,600,326.41,4700,05:27:48.240625583,326.41,48,0.01,0.07,,326.48914,966,48,102,0,377,778,0,1305,10,0,,300,380,100,525,0,1.10996,0.41949,326.47243,326.51512
20200131,SPY,05:28,05:28:00.000000000,326.37,600,326.41,4700,05:28:04.634710150,326.41,500,05:28:00.046975341,326.39,300,05:28:00.048479716,326.42,600,05:28:04.634710150,326.41,500,05:28:40.115248875,326.25,1600,05:28:40.085973018,326.29,300,05:28:40.085843282,326.31,100,05:28:59.999999999,326.35,300,326.39,3700,05:28:56.213537493,326.36,123,0.01,0.07,,326.36597,846,537,100,0,0,2018,1501,4156,19,0,,607,689,123,2737,0,0.69021,0.1416,326.32924,326.36611
20200131,SPY,05:29,05:29:00.000000000,326.35,300,326.39,3700,05:29:08.636507996,326.40,2,05:29:48.101936291,326.39,500,05:29:48.102162837,326.42,600,05:29:08.636507996,326.40,2,05:29:33.282555008,326.29,2600,05:29:33.392285146,326.32,300,05:29:26.431571075,326.38,500,05:29:59.999999999,326.37,600,326.40,600,05:29:26.431571075,326.38,500,0.01,0.06,,326.38008,870,0,0,0,0,502,0,502,2,0,,2,500,0,0,0,1.50199,0.50,326.34555,326.38477
20200131,SPY,05:30,05:30:00.000000000,326.37,600,326.40,600,05:30:32.067034025,326.31,100,05:30:00.000000000,326.37,600,05:30:00.000000000,326.40,600,05:30:32.067034025,326.31,100,05:30:43.502991100,326.25,1400,05:30:50.517717579,326.26,300,05:30:52.291847442,326.28,25,05:30:59.999999999,326.29,1000,326.32,600,05:30:52.291847442,326.28,25,0.01,0.07,,326.304,792,0,0,0,0,125,0,125,2,0,,0,125,0,0,0,1.10,0.50,326.28999,326.33134
20200131,SPY,05:31,05:31:00.000000000,326.29,1000,326.32,600,05:31:02.232549439,326.31,100,05:31:20.382745321,326.30,300,05:31:00.000000000,326.32,600,05:31:02.232549439,326.31,100,05:31:30.500434481,326.17,1800,05:31:30.500269705,326.21,300,05:31:29.597716829,326.22,1,05:31:59.999999999,326.19,2000,326.23,1600,05:31:57.057446525,326.23,50,0.01,0.07,,326.29312,1088,98,0,0,0,864,0,962,10,0,,110,81,600,171,0,1.43659,0.43278,326.24429,326.28376
20200131,SPY,05:32,05:32:00.000000000,326.19,2000,326.23,1600,05:32:13.276217193,326.21,1,05:32:03.809680166,326.23,300,05:32:01.580721667,326.26,6300,05:32:13.276217193,326.21,1,05:32:58.797843750,326.09,2200,05:32:59.279806363,326.11,900,05:32:59.279922841,326.12,1,05:32:59.999999999,326.10,4700,326.11,900,05:32:59.279922841,326.12,1,0.01,0.07,,326.14244,1380,1500,500,0,100,55,0,2155,8,0,,0,652,0,1503,0,-1.19234,-0.37889,326.14892,326.19227
20200131,SPY,05:33,05:33:00.000000000,326.10,4700,326.11,900,05:33:00.469026890,326.11,500,05:33:05.025313388,326.15,300,05:33:04.050026646,326.18,3300,05:33:02.103752019,326.15,300,05:33:25.233131780,326.07,1200,05:33:25.246494634,326.10,300,05:33:00.469026890,326.11,500,05:33:59.999999999,326.07,1000,326.11,4700,05:33:35.655276903,326.13,500,0.01,0.07,,326.12728,794,122,0,0,700,1377,0,2199,7,0,,300,1000,400,499,0,0.74784,0.36494,326.10049,326.14417
20200131,SPY,05:34,05:34:00.000000000,326.07,1000,326.11,4700,05:34:01.243849580,326.10,10,05:34:58.531141413,326.10,300,05:34:57.878012863,326.13,2700,05:34:01.243849580,326.10,10,05:34:23.631462868,326.00,700,05:34:23.621823642,326.03,300,05:34:26.155944283,326.01,1,05:34:59.999999999,326.06,1200,326.10,700,05:34:49.822642609,326.06,10,0.01,0.06,,326.03874,544,35,99,0,1,810,0,945,11,0,,100,137,210,498,0,1.3291,0.3963,326.03519,326.07502
20200131,SPY,05:35,05:35:00.000000000,326.06,1200,326.10,700,05:35:02.326656138,326.08,100,05:35:58.320895334,326.11,300,05:35:58.395105481,326.15,200,05:35:59.155877548,326.13,50,05:35:25.448214101,326.00,1200,05:35:25.447868451,326.03,300,05:35:37.682885195,326.07,30,05:35:59.999999999,326.09,1000,326.14,3600,05:35:59.155877548,326.13,50,0.01,0.07,,326.09845,1550,0,0,0,130,450,0,580,6,0,,550,30,0,0,0,1.51724,0.45259,326.04465,326.08846
20200131,SPY,05:36,05:36:00.000000000,326.09,1000,326.14,3600,05:36:03.335851555,326.15,50,05:36:40.876417993,326.20,1900,05:36:17.743724197,326.21,2800,05:36:40.876517967,326.20,1,05:36:00.175091605,326.08,2800,05:36:00.175537586,326.11,300,05:36:03.335851555,326.15,50,05:36:59.999999999,326.15,600,326.18,500,05:36:45.677319365,326.20,200,0.01,0.06,,326.18885,1130,1438,0,0,550,1392,0,3380,12,0,,281,500,2599,0,0,0.76065,0.34497,326.14389,326.18378
20200131,SPY,05:37,05:37:00.000000000,326.15,600,326.18,500,05:37:12.642911298,326.20,177,05:37:56.291464093,326.26,300,05:37:44.362668753,326.29,1000,05:37:59.389079641,326.28,100,05:37:00.000000000,326.15,600,05:37:00.000000000,326.18,500,05:37:12.642911298,326.20,177,05:37:59.999999999,326.25,300,326.29,5700,05:37:59.389079641,326.28,100,0.01,0.06,,326.21359,688,16,0,0,577,2823,0,3416,12,0,,678,0,2738,0,0,1.3507,0.4436,326.20398,326.23866
20200131,SPY,05:38,05:38:00.000000000,326.25,300,326.29,5700,05:38:15.716830236,326.25,99,05:38:00.000000000,326.25,300,05:38:00.000000000,326.29,5700,05:38:15.716830236,326.25,99,05:38:15.717185148,326.21,700,05:38:16.053393263,326.22,300,05:38:59.617423328,326.21,146,05:38:59.999999999,326.21,2400,326.25,600,05:38:59.618094824,326.22,500,0.01,0.07,,326.22076,758,1023,877,0,0,99,0,1999,6,0,,377,622,500,500,0,-1.41146,-0.26001,326.21766,326.2566
20200131,SPY,05:39,05:39:00.000000000,326.21,2400,326.25,600,05:39:32.616850774,326.25,10,05:39:01.502061182,326.25,300,05:39:01.502820281,326.28,1600,05:39:32.616850774,326.25,10,05:39:00.000000000,326.21,2400,05:39:34.078233421,326.22,300,05:39:38.953469505,326.21,100,05:39:59.999999999,326.21,800,326.23,1000,05:39:38.953469505,326.21,100,0.01,0.06,,326.21364,560,100,0,0,0,10,0,110,2,0,,10,100,0,0,0,-0.63636,-0.31818,326.21331,326.24758
20200131,SPY,05:40,05:40:00.000000000,326.21,800,326.23,1000,05:40:01.075180591,326.21,39,05:40:00.000000000,326.21,800,05:40:35.751787353,326.24,4500,05:40:01.075180591,326.21,39,05:40:11.299104207,326.08,5000,05:40:11.300134069,326.11,500,05:40:10.715626620,326.15,377,05:40:59.999999999,326.15,300,326.18,900,05:40:59.387133047,326.18,50,0.01,0.07,,326.18683,820,100,0,0,0,1389,0,1489,7,0,,50,477,0,962,0,2.15111,0.76864,326.13908,326.17636
20200131,SPY,05:41,05:41:00.000000000,326.15,300,326.18,900,05:41:36.683630137,326.20,100,05:41:58.370105841,326.23,300,05:41:58.369112088,326.26,2800,05:41:58.372987813,326.23,30,05:41:00.669766019,326.14,600,05:41:00.669354901,326.17,300,05:41:36.683630137,326.20,100,05:41:59.999999999,326.19,1600,326.23,1000,05:41:58.372987813,326.23,30,0.01,0.06,,326.205,554,30,0,0,50,100,0,180,3,0,,130,0,50,0,0,1.00,0.27778,326.16784,326.21175
20200131,SPY,05:42,05:42:00.000000000,326.19,1600,326.23,1000,05:42:44.246747042,326.20,100,05:42:11.585356096,326.22,300,05:42:11.586100638,326.26,2800,05:42:44.246747042,326.20,100,05:42:02.319197496,326.16,2100,05:42:23.401947265,326.18,500,05:42:44.246747042,326.20,100,05:42:59.999999999,326.20,600,326.23,1000,05:42:44.247463714,326.20,146,0.01,0.07,,326.20,800,146,0,0,0,1477,377,2000,6,0,,0,100,0,1900,0,0.18675,0.30842,326.18441,326.22268
20200131,SPY,05:43,05:43:00.000000000,326.20,600,326.23,1000,05:43:16.915066160,326.21,50,05:43:11.343064332,326.22,300,05:43:10.280164180,326.26,2200,05:43:16.915066160,326.21,50,05:43:15.795663090,326.16,2900,05:43:15.795329067,326.20,300,05:43:16.915066160,326.21,50,05:43:59.999999999,326.17,300,326.21,1000,05:43:16.915066160,326.21,50,0.01,0.06,,326.21,558,0,0,0,0,50,0,50,1,0,,50,0,0,0,0,2.00,0.50,326.19251,326.2354
20200131,SPY,05:44,05:44:00.000000000,326.17,300,326.21,1000,05:44:22.889305988,326.20,50,05:44:57.591148386,326.27,300,05:44:57.595779738,326.31,2000,05:44:22.889305988,326.20,50,05:44:01.305943497,326.16,100,05:44:01.385164176,326.18,500,05:44:22.889305988,326.20,50,05:44:59.999999999,326.22,2300,326.27,600,05:44:22.889305988,326.20,50,0.01,0.06,,326.20,482,50,0,0,0,0,0,50,1,0,,0,50,0,0,0,-1.50,-0.50,326.20214,326.24402
20200131,SPY,05:45,05:45:00.000000000,326.22,2300,326.27,600,05:45:11.290258714,326.21,30,05:45:00.109723155,326.25,300,05:45:58.945331508,326.29,5400,05:45:41.274228038,326.23,100,05:45:04.214317853,326.20,1600,05:45:11.290510744,326.20,300,05:45:11.290258714,326.21,30,05:45:59.999999999,326.24,1000,326.28,1000,05:45:41.274228038,326.23,100,0.01,0.05,,326.22538,522,0,0,0,0,130,0,130,2,0,,130,0,0,0,0,1.26923,0.50,326.20413,326.24056
20200131,SPY,05:46,05:46:00.000000000,326.24,1000,326.28,1000,05:46:18.392871562,326.29,1,05:46:23.321662650,326.34,800,05:46:23.321706736,326.38,2500,05:46:23.322717644,326.34,1,05:46:00.000000000,326.24,1000,05:46:00.000000000,326.28,1000,05:46:18.392871562,326.29,1,05:46:59.999999999,326.31,2200,326.36,2100,05:46:23.322717644,326.34,1,0.01,0.07,,326.315,538,2,0,0,0,0,0,2,2,0,,2,0,0,0,0,-1.75,-0.50,326.29179,326.34067
20200131,SPY,05:47,05:47:00.000000000,326.31,2200,326.36,2100,05:47:41.700807361,326.39,1,05:47:57.153360922,326.49,300,05:47:56.957480759,326.50,1100,05:47:57.153424853,326.49,1,05:47:00.000000000,326.31,2200,05:47:03.974932414,326.35,300,05:47:41.700807361,326.39,1,05:47:59.999999999,326.49,1000,326.50,100,05:47:57.153424853,326.49,1,0.01,0.07,,326.43057,910,52,0,0,1,0,0,53,4,0,,53,0,0,0,0,-1.4434,-0.48428,326.36747,326.41183
20200131,SPY,05:48,05:48:00.000000000,326.49,1000,326.50,100,05:48:00.264265705,326.50,15,05:48:14.050836650,326.54,800,05:48:00.264640622,326.55,1100,05:48:14.051945541,326.54,1,05:48:30.790791132,326.41,2200,05:48:30.786300459,326.45,300,05:48:56.432349520,326.45,1,05:48:59.999999999,326.47,600,326.50,100,05:48:59.425385942,326.48,1,0.01,0.06,,326.49136,1308,106,0,1,0,135,0,242,11,0,,20,122,100,0,0,0.32438,0.07369,326.46838,326.50755
20200131,SPY,05:49,05:49:00.000000000,326.47,600,326.50,100,05:49:07.168475805,326.46,100,05:49:46.028011091,326.54,300,05:49:46.023465139,326.55,100,05:49:46.028795798,326.54,1,05:49:03.919609538,326.43,4900,05:49:03.919492979,326.46,300,05:49:07.168475805,326.46,100,05:49:59.999999999,326.53,1000,326.55,100,05:49:46.028795798,326.54,1,0.01,0.06,,326.49023,402,456,0,0,0,149,0,605,12,0,,6,100,499,0,0,-0.71653,-0.00744,326.48876,326.51783
20200131,SPY,05:50,05:50:00.000000000,326.53,1000,326.55,100,05:50:22.012517826,326.40,200,05:50:00.068299870,326.54,500,05:50:00.000000000,326.55,100,05:50:39.128770776,326.46,377,05:50:22.012391993,326.36,1900,05:50:22.012391993,326.39,100,05:50:22.012517826,326.40,200,05:50:59.999999999,326.44,1000,326.49,4900,05:50:39.357114389,326.46,123,0.01,0.07,,326.45,1184,377,0,0,0,823,0,1200,4,0,,377,200,623,0,0,1.5575,0.41444,326.42694,326.46281
20200131,SPY,05:51,05:51:00.000000000,326.44,1000,326.49,4900,,,,05:51:19.915187021,326.54,300,05:51:19.906157164,326.55,100,,,,05:51:04.915243439,326.41,2000,05:51:04.911082994,326.44,300,,,,05:51:59.999999999,326.49,1600,326.53,2000,,,,0.01,0.07,,,748,0,0,0,0,0,0,0,0,0,,0,0,0,0,0,,,326.46377,326.50477
20200131,SPY,05:52,05:52:00.000000000,326.49,1600,326.53,2000,05:52:04.720086493,326.46,100,05:52:00.000000000,326.49,1600,05:52:00.000000000,326.53,2000,05:52:04.720086493,326.46,100,05:52:43.121922192,326.41,2200,05:52:34.680557605,326.45,500,05:52:34.671146460,326.45,200,05:52:59.999999999,326.41,2200,326.46,1100,05:52:34.671146460,326.45,200,0.01,0.07,,326.45333,686,100,0,200,0,0,0,300,2,0,,0,200,100,0,0,-0.66667,-0.16667,326.44485,326.49016
20200131,SPY,05:53,05:53:00.000000000,326.41,2200,326.46,1100,,,,05:53:48.164428631,326.50,300,05:53:48.155974991,326.53,2200,,,,05:53:18.710317871,326.36,2000,05:53:18.708630457,326.40,300,,,,05:53:59.999999999,326.46,2000,326.51,5400,,,,0.01,0.06,,,874,0,0,0,0,0,0,0,0,0,,0,0,0,0,0,,,326.42627,326.47132
20200131,SPY,05:54,05:54:00.000000000,326.46,2000,326.51,5400,05:54:46.213642820,326.46,500,05:54:03.667214789,326.48,300,05:54:00.000000000,326.51,5400,05:54:46.213642820,326.46,500,05:54:00.322294658,326.44,2800,05:54:14.865379076,326.47,300,05:54:46.213642820,326.46,500,05:54:59.999999999,326.46,2600,326.51,4400,05:54:46.213642820,326.46,500,0.01,0.05,,326.46,204,500,0,0,0,0,0,500,1,0,,500,0,0,0,0,-2.00,-0.50,326.46114,326.50677
20200131,SPY,05:55,05:55:00.000000000,326.46,2600,326.51,4400,05:55:16.643973732,326.53,25,05:55:42.425948519,326.59,300,05:55:41.765968760,326.61,2200,05:55:35.316243827,326.55,100,05:55:22.528517454,326.44,2600,05:55:23.960217430,326.47,300,05:55:16.643973732,326.53,25,05:55:59.999999999,326.56,2600,326.61,4600,05:55:35.316243827,326.55,100,0.01,0.06,,326.546,794,100,0,0,0,25,0,125,2,0,,125,0,0,0,0,-0.90,-0.30,326.51201,326.55377
20200131,SPY,05:56,05:56:00.000000000,326.56,2600,326.61,4600,05:56:18.468033459,326.60,4,05:56:55.716212334,326.63,300,05:56:51.789613517,326.66,5800,05:56:49.062484652,326.61,90,05:56:00.018671152,326.54,3900,05:56:00.017304267,326.58,300,05:56:18.468033459,326.60,4,05:56:59.999999999,326.62,600,326.66,5600,05:56:49.062484652,326.61,90,0.01,0.07,,326.60957,506,94,0,0,0,0,0,94,2,0,,94,0,0,0,0,-0.52128,-0.50,326.58664,326.62475
20200131,SPY,05:57,05:57:00.000000000,326.62,600,326.66,5600,05:57:03.634249470,326.62,300,05:57:50.240944027,326.63,300,05:57:00.000000000,326.66,5600,05:57:03.634249470,326.62,300,05:57:03.634637648,326.60,800,05:57:03.752121330,326.60,300,05:57:24.035714277,326.60,25,05:57:59.999999999,326.60,100,326.63,1000,05:57:43.654483234,326.60,50,0.01,0.06,,326.61369,466,775,0,0,0,377,0,1152,6,0,,300,402,300,150,0,-0.21615,-0.17274,326.60474,326.62734
20200131,SPY,05:58,05:58:00.000000000,326.60,100,326.63,1000,,,,05:58:20.472061854,326.62,300,05:58:21.931305395,326.66,5800,,,,05:58:00.000000000,326.60,100,05:58:06.445892824,326.60,300,,,,05:58:59.999999999,326.60,100,326.61,4600,,,,0.01,0.05,,,234,0,0,0,0,0,0,0,0,0,,0,0,0,0,0,,,326.60045,326.62598
20200131,SPY,05:59,05:59:00.000000000,326.60,100,326.61,4600,05:59:19.994769117,326.61,20,05:59:33.667517418,326.67,300,05:59:55.006142910,326.71,2200,05:59:27.524211150,326.65,25,05:59:00.000000000,326.60,100,05:59:00.000000000,326.61,4600,05:59:19.994769117,326.61,20,05:59:59.999999999,326.63,600,326.66,4600,05:59:27.524211150,326.65,25,0.01,0.05,,326.63222,436,25,0,0,0,20,0,45,2,0,,45,0,0,0,0,-0.05556,-0.05556,326.62391,326.65459
20200131,SPY,06:00,06:00:00.000000000,326.63,600,326.66,4600,06:00:03.193980623,326.70,4,06:00:03.192933342,326.70,1300,06:00:03.193171148,326.74,1800,06:00:03.193980623,326.70,4,06:00:32.315180869,326.55,1200,06:00:32.314915142,326.59,200,06:00:32.315081102,326.60,125,06:00:59.999999999,326.59,1000,326.62,100,06:00:32.315081102,326.60,125,0.01,0.08,,326.6031,972,4,0,0,0,125,0,129,2,0,,4,125,0,0,0,2.37597,0.79199,326.60292,326.64353
20200131,SPY,06:01,06:01:00.000000000,326.59,1000,326.62,100,06:01:12.202655234,326.61,100,06:01:37.490027161,326.65,300,06:01:31.246778245,326.68,2200,06:01:52.992667647,326.66,377,06:01:07.045099158,326.55,4700,06:01:07.036936062,326.59,300,06:01:12.202655234,326.61,100,06:01:59.999999999,326.62,400,326.66,3500,06:01:52.992690704,326.66,623,0.01,0.06,,326.64786,392,300,0,0,0,1100,0,1400,5,0,,577,0,823,0,0,1.14286,0.2619,326.61248,326.65186
20200131,SPY,06:02,06:02:00.000000000,326.62,400,326.66,3500,06:02:37.756919316,326.74,100,06:02:48.595524777,326.78,100,06:02:44.497987773,326.81,2200,06:02:42.821812791,326.78,100,06:02:00.000000000,326.62,400,06:02:24.969680496,326.64,300,06:02:37.756919316,326.74,100,06:02:59.999999999,326.78,200,326.81,4500,06:02:49.976528732,326.78,277,0.01,0.06,,326.77726,644,904,0,0,600,500,0,2004,9,0,,250,0,1754,0,0,0.48553,-0.03842,326.69859,326.73313
20200131,SPY,06:03,06:03:00.000000000,326.78,200,326.81,4500,06:03:03.285229805,326.78,100,06:03:53.887599189,326.84,300,06:03:53.880628128,326.86,1600,06:03:49.758232598,326.81,20,06:03:03.285570445,326.75,600,06:03:03.285581785,326.77,300,06:03:18.445783959,326.77,50,06:03:59.999999999,326.79,1600,326.84,4700,06:03:53.879925287,326.81,30,0.01,0.06,,326.78345,636,818,0,20,15,708,5,1566,16,0,,35,50,1481,0,0,0.46552,0.07328,326.77247,326.81014
20200131,SPY,06:04,06:04:00.000000000,326.79,1600,326.84,4700,06:04:18.117088360,326.83,377,06:04:58.047558221,327.00,300,06:04:58.047580971,327.04,2600,06:04:58.048440356,327.00,4,06:04:00.145313098,326.77,2200,06:04:05.108332063,326.79,300,06:04:18.117088360,326.83,377,06:04:59.999999999,326.97,1000,327.01,5800,06:04:58.048440356,327.00,4,0.01,0.06,,326.86527,1078,437,80,0,20,497,4,1038,13,0,,511,0,527,0,0,-0.71869,-0.13592,326.85634,326.8901
20200131,SPY,06:05,06:05:00.000000000,326.97,1000,327.01,5800,06:05:14.664681468,326.90,200,06:05:00.371600663,326.98,300,06:05:00.000000000,327.01,5800,06:05:37.766765981,326.95,20,06:05:43.975361509,326.85,1400,06:05:50.338041533,326.85,300,06:05:53.085103284,326.87,100,06:05:59.999999999,326.85,200,326.89,5900,06:05:54.185895462,326.87,5,0.01,0.06,,326.91042,854,1100,0,0,0,325,0,1425,8,0,,320,600,500,5,0,-0.85263,-0.22515,326.90092,326.93941
20200131,SPY,06:06,06:06:00.000000000,326.85,200,326.89,5900,06:06:13.765199670,326.85,100,06:06:59.345791950,326.88,300,06:06:59.350177245,326.91,1600,06:06:13.765199670,326.85,100,06:06:36.589254216,326.77,1200,06:06:36.588311806,326.81,500,06:06:54.584407983,326.82,200,06:06:59.999999999,326.87,600,326.91,2800,06:06:55.244994863,326.84,25,0.01,0.06,,326.83596,470,325,0,0,0,100,20,445,5,0,,25,300,0,120,0,-0.5618,-0.1779,326.83072,326.86255
20200131,SPY,06:07,06:07:00.000000000,326.87,600,326.91,2800,06:07:02.082574594,326.91,200,06:07:04.952016247,326.89,300,06:07:00.000000000,326.91,2800,06:07:02.082574594,326.91,200,06:07:12.053514413,326.81,3900,06:07:36.666831798,326.83,200,06:07:38.788473593,326.83,200,06:07:59.999999999,326.82,600,326.86,1000,06:07:38.788473593,326.83,200,0.02,0.06,,326.86952,350,0,200,0,20,200,0,420,3,0,,200,220,0,0,0,0.50,0.12698,326.82601,326.86859
20200131,SPY,06:08,06:08:00.000000000,326.82,600,326.86,1000,06:08:08.784715914,326.86,5,06:08:29.847621937,326.87,300,06:08:30.058847165,326.92,6000,06:08:08.784715914,326.86,5,06:08:16.565090941,326.80,1300,06:08:17.333851940,326.81,300,06:08:08.784715914,326.86,5,06:08:59.999999999,326.82,300,326.86,2000,06:08:08.784715914,326.86,5,0.01,0.06,,326.86,536,0,0,0,0,5,0,5,1,0,,5,0,0,0,0,2.00,0.50,326.83437,326.87316
20200131,SPY,06:09,06:09:00.000000000,326.82,300,326.86,2000,,,,06:09:08.901417705,326.87,300,06:09:08.069238990,326.91,2200,,,,06:09:55.116425355,326.80,5000,06:09:55.277193656,326.82,300,,,,06:09:59.999999999,326.81,1000,326.86,2200,,,,0.01,0.07,,,430,0,0,0,0,0,0,0,0,0,,0,0,0,0,0,,,326.83095,326.8757
20200131,SPY,06:10,06:10:00.000000000,326.81,1000,326.86,2200,06:10:17.064997694,326.83,25,06:10:10.663487088,326.85,300,06:10:10.668439588,326.89,4400,06:10:17.064997694,326.83,25,06:10:54.551784549,326.76,2000,06:10:53.747579931,326.80,300,06:10:54.551869792,326.81,200,06:10:59.999999999,326.77,300,326.81,800,06:10:54.551869792,326.81,200,0.01,0.05,,326.81857,216,25,0,0,0,325,0,350,3,0,,0,225,0,125,0,2.03571,0.60714,326.8217,326.84527
20200131,SPY,06:11,06:11:00.000000000,326.77,300,326.81,800,06:11:54.530850500,326.79,5,06:11:01.188261504,326.81,300,06:11:06.117567667,326.84,6100,06:11:54.530850500,326.79,5,06:11:29.503593166,326.72,1600,06:11:29.503593166,326.76,500,06:11:58.955796079,326.75,1000,06:11:59.999999999,326.74,2000,326.78,600,06:11:58.955796079,326.75,1000,0.01,0.06,,326.7502,568,1000,0,0,0,5,0,1005,2,0,,0,1005,0,0,0,-1.48259,-0.49502,326.76721,326.81232
20200131,SPY,06:12,06:12:00.000000000,326.74,2000,326.78,600,06:12:42.443149238,326.72,200,06:12:03.869621685,326.78,300,06:12:03.870221128,326.81,2000,06:12:42.443149238,326.72,200,06:12:36.225353013,326.69,1800,06:12:36.360090353,326.71,300,06:12:42.443149238,326.72,200,06:12:59.999999999,326.72,600,326.76,2200,06:12:42.443149238,326.72,200,0.01,0.07,,326.72,482,200,0,0,0,0,0,200,1,0,,0,200,0,0,0,-2.00,-0.50,326.72066,326.7627
20200131,SPY,06:13,06:13:00.000000000,326.72,600,326.76,2200,,,,06:13:58.359754224,326.79,300,06:13:28.318922672,326.82,5400,,,,06:13:04.805886441,326.69,3400,06:13:02.556862032,326.73,300,,,,06:13:59.999999999,326.77,600,326.81,1000,,,,0.01,0.07,,,448,0,0,0,0,0,0,0,0,0,,0,0,0,0,0,,,326.74104,326.78344
20200131,SPY,06:14,06:14:00.000000000,326.77,600,326.81,1000,06:14:25.397052010,326.84,400,06:14:56.276674300,326.87,300,06:14:56.277460346,326.91,2200,06:14:36.980717962,326.86,100,06:14:07.036127833,326.74,2200,06:14:08.785325847,326.76,300,06:14:25.397052010,326.84,400,06:14:59.999999999,326.85,300,326.89,4700,06:14:36.980717962,326.86,100,0.01,0.07,,326.84364,628,50,0,0,0,500,0,550,3,0,,500,0,50,0,0,1.72727,0.40909,326.80174,326.84312
20200131,SPY,06:15,06:15:00.000000000,326.85,300,326.89,4700,06:15:28.673074867,326.85,100,06:15:01.917640372,326.88,300,06:15:01.918257419,326.92,3700,06:15:33.667957494,326.86,200,06:15:09.867491179,326.78,1900,06:15:09.867066050,326.82,300,06:15:31.883495933,326.82,100,06:15:59.999999999,326.84,1600,326.88,600,06:15:53.803429941,326.86,10,0.01,0.06,,326.84025,514,600,0,0,0,210,0,810,9,0,,210,350,0,250,0,-0.65432,-0.24074,326.82831,326.87097
20200131,SPY,06:16,06:16:00.000000000,326.84,1600,326.88,600,06:16:33.305886833,326.86,5,06:16:43.679018233,326.97,300,06:16:43.674500966,326.99,1600,06:16:52.354944519,326.94,20,06:16:15.145466217,326.82,1800,06:16:14.969475216,326.86,300,06:16:33.305886833,326.86,5,06:16:59.999999999,326.91,1600,326.96,1300,06:16:52.354944519,326.94,20,0.01,0.06,,326.9288,424,25,0,0,0,100,0,125,3,0,,120,0,5,0,0,0.92,0.30,326.87249,326.91469
20200131,SPY,06:17,06:17:00.000000000,326.91,1600,326.96,1300,06:17:16.426187344,326.92,10,06:17:08.267961775,326.97,300,06:17:08.365320663,327.01,2300,06:17:16.426187344,326.92,10,06:17:59.273152312,326.81,1000,06:17:59.034705694,326.84,300,06:17:52.091952117,326.89,10,06:17:59.999999999,326.81,1000,326.86,1600,06:17:52.091952117,326.89,10,0.01,0.07,,326.90969,530,0,0,0,0,320,0,320,3,0,,0,320,0,0,0,2.48438,0.51563,326.86587,326.91343
20200131,SPY,06:18,06:18:00.000000000,326.81,1000,326.86,1600,06:18:05.790712394,326.84,10,06:18:51.673458980,326.89,300,06:18:43.402776829,326.92,5200,06:18:16.811775980,326.86,10,06:18:07.825399401,326.78,2800,06:18:08.274572570,326.80,300,06:18:05.790712394,326.84,10,06:18:59.999999999,326.87,600,326.91,1000,06:18:16.811775980,326.86,10,0.01,0.06,,326.85,408,0,0,0,0,20,0,20,2,0,,10,10,0,0,0,2.00,0.75,326.82774,326.87212
20200131,SPY,06:19,06:19:00.000000000,326.87,600,326.91,1000,,,,06:19:07.403731792,326.90,300,06:19:07.404572569,326.93,600,,,,06:19:59.941833446,326.80,3800,06:19:59.941008679,326.85,300,,,,06:19:59.999999999,326.80,5600,326.87,5200,,,,0.01,0.07,,,324,0,0,0,0,0,0,0,0,0,,0,0,0,0,0,,,326.85941,326.90574
20200131,SPY,06:20,06:20:00.000000000,326.80,5600,326.87,5200,06:20:44.622669106,326.82,10,06:20:26.175480767,326.87,300,06:20:26.191562725,326.91,1500,06:20:44.622669106,326.82,10,06:20:03.065770139,326.77,600,06:20:02.632944596,326.80,300,06:20:44.622669106,326.82,10,06:20:59.999999999,326.80,400,326.84,5800,06:20:44.622669106,326.82,10,0.01,0.07,,326.82,710,0,0,0,0,10,0,10,1,0,,0,10,0,0,0,2.50,0.83333,326.81448,326.85415
20200131,SPY,06:21,06:21:00.000000000,326.80,400,326.84,5800,06:21:08.704252692,326.80,10,06:21:08.481270728,326.82,300,06:21:08.482153949,326.86,2200,06:21:29.076432436,326.81,100,06:21:45.209270927,326.75,300,06:21:45.208430357,326.78,300,06:21:08.704252692,326.80,10,06:21:59.999999999,326.77,1000,326.81,1000,06:21:44.746678476,326.80,365,0.01,0.06,,326.80196,274,45,0,0,0,465,0,510,5,0,,100,30,0,380,0,1.41176,0.76961,326.7893,326.81505
20200131,SPY,06:22,06:22:00.000000000,326.77,1000,326.81,1000,06:22:10.720940054,326.78,10,06:22:00.000000000,326.77,1000,06:22:00.000000000,326.81,1000,06:22:10.720940054,326.78,10,06:22:57.982911683,326.71,4700,06:22:48.922603334,326.74,300,06:22:10.720940054,326.78,10,06:22:59.999999999,326.71,1000,326.76,1000,06:22:10.720962052,326.78,20,0.01,0.06,,326.78,316,0,0,0,0,30,0,30,2,0,,0,10,0,20,0,2.00,1.00,326.73642,326.78123
20200131,SPY,06:23,06:23:00.000000000,326.71,1000,326.76,1000,,,,06:23:41.733603844,326.79,300,06:23:49.768447720,326.82,3700,,,,06:23:14.517068523,326.70,4400,06:23:14.522762286,326.74,500,,,,06:23:59.999999999,326.76,2600,326.81,1000,,,,0.01,0.07,,,308,0,0,0,0,0,0,0,0,0,,0,0,0,0,0,,,326.73859,326.7884
20200131,SPY,06:24,06:24:00.000000000,326.76,2600,326.81,1000,06:24:40.895740263,326.76,20,06:24:04.688518075,326.80,300,06:24:04.689288017,326.84,2800,06:24:40.895740263,326.76,20,06:24:57.693285119,326.70,1900,06:24:59.261480266,326.70,300,06:24:59.261180395,326.71,10,06:24:59.999999999,326.70,100,326.71,1600,06:24:59.261180395,326.71,10,0.01,0.06,,326.75884,396,0,0,0,0,430,0,430,3,0,,0,30,0,400,0,1.50,0.50,326.75475,326.80036
20200131,SPY,06:25,06:25:00.000000000,326.70,100,326.71,1600,06:25:00.264178371,326.70,100,06:25:01.899845702,326.71,300,06:25:02.111436424,326.74,4500,06:25:00.264178371,326.70,100,06:25:59.826272730,326.55,2300,06:25:56.331408870,326.59,200,06:25:52.285814134,326.60,100,06:25:59.999999999,326.56,600,326.61,1800,06:25:56.331423985,326.60,100,0.01,0.07,,326.63854,978,0,0,100,100,830,0,1030,6,0,,400,630,0,0,0,1.90291,0.63592,326.63631,326.68511
20200131,SPY,06:26,06:26:00.000000000,326.56,600,326.61,1800,06:26:05.861026676,326.58,300,06:26:04.992240134,326.60,300,06:26:00.727504048,326.62,4800,06:26:05.861026676,326.58,300,06:26:45.684199426,326.51,2600,06:26:47.175162212,326.53,300,06:26:21.958568765,326.54,200,06:26:59.999999999,326.51,600,326.54,4700,06:26:36.985359626,326.54,100,0.01,0.07,,326.55906,524,6400,300,0,0,0,3900,10600,16,0,,300,1810,0,8490,0,-3.56604,-1.91274,326.54029,326.58777
20200131,SPY,06:27,06:27:00.000000000,326.51,600,326.54,4700,06:27:08.843639247,326.51,300,06:27:00.000000000,326.51,600,06:27:00.000000000,326.54,4700,06:27:08.843639247,326.51,300,06:27:27.028810870,326.39,2100,06:27:27.062512550,326.42,300,06:27:33.970451977,326.46,300,06:27:59.999999999,326.45,300,326.49,4600,06:27:51.478250792,326.49,100,0.01,0.07,,326.4925,574,300,0,0,0,823,77,1200,7,0,,100,700,100,300,0,1.33,0.21792,326.45516,326.49616
20200131,SPY,06:28,06:28:00.000000000,326.45,300,326.49,4600,06:28:02.846750017,326.44,500,06:28:38.245108552,326.59,100,06:28:42.836348925,326.61,2000,06:28:35.814606911,326.59,100,06:28:07.192904302,326.39,100,06:28:02.846641678,326.43,1000,06:28:02.846789824,326.43,1000,06:28:59.999999999,326.53,1300,326.59,5700,06:28:59.930708301,326.53,236,0.01,0.07,,326.44312,822,146,0,0,0,2918,8136,11200,26,0,,1100,2777,100,7223,0,-1.04286,-1.08205,326.49013,326.52326
20200131,SPY,06:29,06:29:00.000000000,326.53,1300,326.59,5700,06:29:26.153550542,326.53,200,06:29:06.132793739,326.57,300,06:29:06.137934595,326.61,4500,06:29:37.743080953,326.55,100,06:29:57.826203941,326.45,3400,06:29:57.826122669,326.49,300,06:29:26.153550542,326.53,200,06:29:59.999999999,326.48,1000,326.54,4700,06:29:49.992129561,326.54,22,0.01,0.08,,326.54,552,400,0,0,0,22,0,422,4,0,,100,22,100,200,0,-2.02844,-0.4218,326.52405,326.57367
20200131,SPY,06:30,06:30:00.000000000,326.48,1000,326.54,4700,06:30:08.107898282,326.52,200,06:30:06.088821395,326.53,300,06:30:06.081250237,326.56,2200,06:30:34.251558079,326.53,50,06:30:11.972978581,326.40,6500,06:30:11.913175770,326.44,300,06:30:39.552631715,326.45,1000,06:30:59.999999999,326.48,2200,326.54,5700,06:30:51.128547625,326.48,46,0.01,0.08,,326.48543,2326,7469,2785,1331,3385,1588,0,16558,45,0,,1050,4700,5954,4854,0,-0.85475,-0.20296,326.47116,326.51796
20200131,SPY,06:31,06:31:00.000000000,326.48,2200,326.54,5700,06:31:07.437227219,326.49,377,06:31:47.527036121,326.67,300,06:31:47.527328551,326.70,1600,06:31:26.431001148,326.56,50,06:31:04.538193034,326.46,2800,06:31:04.537249456,326.50,300,06:31:07.437227219,326.49,377,06:31:59.999999999,326.64,200,326.68,1000,06:31:26.431001148,326.56,50,0.01,0.07,,326.49438,1108,427,1231,0,0,0,0,1658,6,0,,804,0,854,0,0,-1.38631,-0.40023,326.5608,326.60697
20200131,SPY,06:32,06:32:00.000000000,326.64,200,326.68,1000,06:32:36.769582889,326.75,50,06:32:57.911071086,326.79,300,06:32:57.915994967,326.83,2200,06:32:36.769582889,326.75,50,06:32:00.000000000,326.64,200,06:32:00.000000000,326.68,1000,06:32:36.769582889,326.75,50,06:32:59.999999999,326.76,1600,326.80,1000,06:32:36.769582889,326.75,50,0.01,0.07,,326.75,1150,50,0,0,0,0,0,50,1,0,,50,0,0,0,0,-2.00,-1.00,326.7066,326.75208
20200131,SPY,06:33,06:33:00.000000000,326.76,1600,326.80,1000,06:33:18.606570080,326.75,50,06:33:29.335086921,326.77,300,06:33:54.981694561,326.81,5100,06:33:36.057458292,326.78,29,06:33:15.548302556,326.70,5100,06:33:15.327737271,326.73,300,06:33:18.606570080,326.75,50,06:33:59.999999999,326.76,1000,326.80,1000,06:33:36.057458292,326.78,29,0.01,0.06,,326.76101,688,0,0,0,0,79,0,79,2,0,,29,0,50,0,0,1.68354,0.50,326.73764,326.7818
20200131,SPY,06:34,06:34:00.000000000,326.76,1000,326.80,1000,06:34:09.324364099,326.83,500,06:34:07.295177520,326.79,300,06:34:09.324245792,326.84,5800,06:34:09.324364099,326.83,500,06:34:53.352871568,326.71,1600,06:34:54.551766129,326.73,300,06:34:09.324364099,326.83,500,06:34:59.999999999,326.74,100,326.75,1000,06:34:09.768355939,326.83,8,0.01,0.06,,326.83,754,0,0,0,3600,508,0,4108,9,0,,500,0,3608,0,0,1.69572,0.3296,326.75142,326.79233
20200131,SPY,06:35,06:35:00.000000000,326.74,100,326.75,1000,06:35:00.237760068,326.74,100,06:35:00.000000000,326.74,100,06:35:00.000000000,326.75,1000,06:35:00.237760068,326.74,100,06:35:59.847480642,326.54,2600,06:35:59.846623321,326.57,300,06:35:57.921046645,326.60,300,06:35:59.999999999,326.54,1000,326.58,1000,06:35:57.921046645,326.60,300,0.01,0.07,,326.70434,1084,0,0,0,0,1370,0,1370,7,0,,0,716,0,654,0,2.34124,1.52457,326.62235,326.66374
20200131,SPY,06:36,06:36:00.000000000,326.54,1000,326.58,1000,06:36:26.877123090,326.55,10,06:36:42.844113609,326.57,300,06:36:42.844779394,326.60,1700,06:36:26.877123090,326.55,10,06:36:04.465662367,326.51,1900,06:36:33.280410165,326.52,300,06:36:26.877123090,326.55,10,06:36:59.999999999,326.57,300,326.60,700,06:36:56.289141465,326.55,50,0.01,0.07,,326.55,506,0,0,0,0,60,0,60,2,0,,0,10,0,50,0,2.33333,0.77778,326.52544,326.5635
20200131,SPY,06:37,06:37:00.000000000,326.57,300,326.60,700,06:37:22.091488433,326.58,100,06:37:17.788118511,326.60,300,06:37:17.788867691,326.62,1200,06:37:33.887346960,326.60,300,06:37:28.373709680,326.53,1700,06:37:58.386852401,326.56,300,06:37:57.905934352,326.57,100,06:37:59.999999999,326.54,1000,326.58,1000,06:37:57.905934352,326.57,100,0.01,0.06,,326.58769,526,0,0,100,0,550,0,650,4,0,,400,100,150,0,0,1.65385,0.55128,326.56239,326.60143
20200131,SPY,06:38,06:38:00.000000000,326.54,1000,326.58,1000,06:38:12.694283442,326.61,20,06:38:31.884317601,326.63,1000,06:38:31.930720468,326.64,2900,06:38:31.884497177,326.63,500,06:38:01.494631697,326.53,1700,06:38:01.965545271,326.57,300,06:38:12.694283442,326.61,20,06:38:59.999999999,326.63,300,326.63,300,06:38:57.459013134,326.63,377,0.01,0.05,,326.62437,218,677,0,0,0,20,13854,14551,21,0,,2397,877,11277,0,0,1.88606,1.88399,326.59216,326.62022
20200131,SPY,06:39,06:39:00.000000000,326.63,300,326.63,300,06:39:00.272025453,326.63,323,06:39:24.189174981,326.68,300,06:39:24.190379845,326.71,700,06:39:48.012347895,326.66,10,06:39:00.355298831,326.58,300,06:39:00.275694723,326.60,300,06:39:00.272908167,326.61,377,06:39:59.999999999,326.65,600,326.69,1000,06:39:48.012347895,326.66,10,0.01,0.06,,326.62931,532,977,0,0,0,225,9277,10479,14,0,,387,377,9715,0,0,-0.06537,-0.10783,326.62287,326.66601
20200131,SPY,06:40,06:40:00.000000000,326.65,600,326.69,1000,06:40:14.887782645,326.71,500,06:40:06.094189781,326.73,300,06:40:06.094985127,326.76,2600,06:40:32.873326504,326.72,100,06:40:00.000000000,326.65,600,06:40:03.115697809,326.68,300,06:40:24.793585666,326.69,10,06:40:59.999999999,326.69,1000,326.74,4700,06:40:32.873339208,326.72,150,0.01,0.07,,326.71183,566,0,0,0,1010,250,0,1260,5,0,,600,10,650,0,0,1.59127,0.33862,326.67831,326.72321
20200131,SPY,06:41,06:41:00.000000000,326.69,1000,326.74,4700,,,,06:41:11.116870538,326.73,300,06:41:11.121803603,326.77,2000,,,,06:41:00.221339490,326.67,2300,06:41:25.975276338,326.70,300,,,,06:41:59.999999999,326.69,1600,326.74,4400,,,,0.01,0.07,,,318,0,0,0,0,0,0,0,0,0,,0,0,0,0,0,,,326.68241,326.72915
20200131,SPY,06:42,06:42:00.000000000,326.69,1600,326.74,4400,06:42:43.487070735,326.63,5,06:42:06.377257365,326.70,300,06:42:00.000000000,326.74,4400,06:42:43.487070735,326.63,5,06:42:32.552914393,326.56,600,06:42:32.551860151,326.59,300,06:42:43.487070735,326.63,5,06:42:59.999999999,326.63,600,326.67,5000,06:42:43.487070735,326.63,5,0.01,0.07,,326.63,572,0,0,0,0,5,0,5,1,0,,0,5,0,0,0,1.50,0.50,326.63045,326.67186
20200131,SPY,06:43,06:43:00.000000000,326.63,600,326.67,5000,06:43:30.156475868,326.67,9,06:43:44.360119266,326.69,300,06:43:44.350961865,326.71,300,06:43:30.156475868,326.67,9,06:43:06.141831146,326.61,1700,06:43:06.141611712,326.64,300,06:43:30.156475868,326.67,9,06:43:59.999999999,326.62,2200,326.67,4600,06:43:47.340817935,326.67,50,0.01,0.06,,326.67,348,0,0,0,50,9,0,59,2,0,,9,0,50,0,0,1.30508,0.28814,326.62515,326.67092
20200131,SPY,06:44,06:44:00.000000000,326.62,2200,326.67,4600,06:44:08.801533458,326.64,19,06:44:33.622702493,326.66,300,06:44:33.623588956,326.68,600,06:44:08.801533458,326.64,19,06:44:08.791144033,326.61,5000,06:44:08.791910615,326.64,500,06:44:08.801533458,326.64,19,06:44:59.999999999,326.61,600,326.64,2100,06:44:08.801533458,326.64,19,0.01,0.06,,326.64,198,0,0,0,0,19,0,19,1,0,,0,19,0,0,0,1.50,0.50,326.61848,326.66664
20200131,SPY,06:45,06:45:00.000000000,326.61,600,326.64,2100,06:45:23.956034240,326.61,100,06:45:09.926104422,326.65,300,06:45:09.926916062,326.68,600,06:45:23.956034240,326.61,100,06:45:43.634328055,326.46,1000,06:45:43.634778047,326.49,300,06:45:43.634351219,326.50,300,06:45:59.999999999,326.53,600,326.57,4700,06:45:46.912515323,326.52,9,0.01,0.06,,326.52,728,0,0,0,300,409,0,709,4,0,,9,700,0,0,0,1.23061,0.46239,326.55915,326.60227
20200131,SPY,06:46,06:46:00.000000000,326.53,600,326.57,4700,06:46:30.469670456,326.54,250,06:46:15.067607930,326.57,300,06:46:15.067945882,326.60,5300,06:46:30.469670456,326.54,250,06:46:37.385609779,326.45,1000,06:46:37.136452131,326.49,300,06:46:37.395458488,326.49,10,06:46:59.999999999,326.55,300,326.59,1000,06:46:37.395458488,326.49,10,0.01,0.06,,326.53808,628,0,0,0,0,260,0,260,2,0,,250,10,0,0,0,2.48077,0.50,326.51469,326.56108
20200131,SPY,06:47,06:47:00.000000000,326.55,300,326.59,1000,06:47:22.461690574,326.56,100,06:47:13.264143207,326.58,300,06:47:13.264118259,326.62,2800,06:47:22.461690574,326.56,100,06:47:47.316359914,326.48,4100,06:47:52.751331888,326.51,300,06:47:54.922027847,326.54,100,06:47:59.999999999,326.49,300,326.52,4700,06:47:56.576459740,326.54,100,0.01,0.07,,326.54667,504,0,0,0,100,200,0,300,3,0,,100,100,0,100,0,2.16667,0.43333,326.51597,326.56282
20200131,SPY,06:48,06:48:00.000000000,326.49,300,326.52,4700,,,,06:48:49.284282773,326.68,300,06:48:47.268579565,326.70,1100,,,,06:48:00.121812406,326.48,600,06:48:00.122346237,326.51,300,,,,06:48:59.999999999,326.63,600,326.67,4700,,,,0.01,0.06,,,806,0,0,0,0,0,0,0,0,0,,0,0,0,0,0,,,326.56168,326.6001
20200131,SPY,06:49,06:49:00.000000000,326.63,600,326.67,4700,06:49:33.914987240,326.70,100,06:49:52.892244841,326.81,300,06:49:51.375181850,326.84,2200,06:49:33.914987240,326.70,100,06:49:01.243969337,326.60,1000,06:49:01.246168500,326.61,300,06:49:33.914987240,326.70,100,06:49:59.999999999,326.74,3100,326.80,4300,06:49:33.914987240,326.70,100,0.01,0.07,,326.70,860,100,0,0,0,0,0,100,1,0,,100,0,0,0,0,-2.50,-0.83333,326.68455,326.73093
20200131,SPY,06:50,06:50:00.000000000,326.74,3100,326.80,4300,06:50:05.004999449,326.74,10,06:50:01.568712342,326.76,300,06:50:00.000000000,326.80,4300,06:50:18.517408362,326.76,20,06:50:28.212228724,326.64,2600,06:50:28.768607018,326.66,300,06:50:44.528887434,326.70,246,06:50:59.999999999,326.70,400,326.74,4400,06:50:51.167286831,326.70,50,0.01,0.07,,326.70853,870,703,377,0,0,21,0,1101,8,0,,408,693,0,0,0,-1.49455,-0.46375,326.70089,326.74693
20200131,SPY,06:51,06:51:00.000000000,326.70,400,326.74,4400,,,,06:51:01.731751362,326.73,300,06:51:01.732626508,326.76,600,,,,06:51:11.638203116,326.68,800,06:51:30.108692698,326.70,300,,,,06:51:59.999999999,326.71,600,326.74,4400,,,,0.01,0.06,,,420,0,0,0,0,0,0,0,0,0,,0,0,0,0,0,,,326.69246,326.7388
20200131,SPY,06:52,06:52:00.000000000,326.71,600,326.74,4400,06:52:17.570930654,326.70,100,06:52:00.000000000,326.71,600,06:52:00.000000000,326.74,4400,06:52:27.937033883,326.71,10,06:52:17.571255266,326.64,3300,06:52:43.583052901,326.67,300,06:52:17.570930654,326.70,100,06:52:59.999999999,326.64,2700,326.69,1000,06:52:27.937033883,326.71,10,0.01,0.07,,326.70091,350,0,0,0,0,110,0,110,2,0,,10,0,0,100,0,2.90909,0.72727,326.67199,326.71342
20200131,SPY,06:53,06:53:00.000000000,326.64,2700,326.69,1000,06:53:26.334152842,326.69,10,06:53:18.322976173,326.71,300,06:53:18.909927101,326.75,1500,06:53:26.334152842,326.69,10,06:53:33.678540867,326.61,4900,06:53:33.620154086,326.65,300,06:53:33.845914270,326.65,10,06:53:59.999999999,326.65,300,326.69,1000,06:53:33.845914270,326.65,10,0.01,0.06,,326.67,370,0,0,0,10,10,0,20,2,0,,0,20,0,0,0,1.50,0.375,326.65219,326.69447
20200131,SPY,06:54,06:54:00.000000000,326.65,300,326.69,1000,06:54:20.582483876,326.70,10,06:54:27.829295879,326.75,300,06:54:30.774342089,326.79,2000,06:54:30.506112369,326.77,377,06:54:03.277759423,326.62,2800,06:54:03.280595910,326.66,300,06:54:20.582483876,326.70,10,06:54:59.999999999,326.73,400,326.77,4300,06:54:51.919638846,326.77,400,0.01,0.06,,326.75988,446,295,0,0,0,1000,0,1295,7,0,,887,100,308,0,0,1.01544,0.2722,326.70434,326.74127
20200131,SPY,06:55,06:55:00.000000000,326.73,400,326.77,4300,06:55:07.116203680,326.77,10,06:55:58.387344594,326.76,300,06:55:58.393097234,326.80,4800,06:55:07.116203680,326.77,10,06:55:08.509663874,326.70,5000,06:55:28.227734380,326.72,300,06:55:58.388130905,326.76,15,06:55:59.999999999,326.75,800,326.79,1000,06:55:58.388130905,326.76,15,0.01,0.07,,326.764,460,15,0,0,0,10,0,25,2,0,,0,15,10,0,0,0.20,-0.10,326.7189,326.76126
20200131,SPY,06:56,06:56:00.000000000,326.75,800,326.79,1000,06:56:02.211759948,326.75,377,06:56:53.870401149,326.82,300,06:56:49.468539651,326.83,1200,06:56:02.211759948,326.75,377,06:56:02.212015069,326.70,1200,06:56:02.212189295,326.73,300,06:56:02.211759948,326.75,377,06:56:59.999999999,326.81,600,326.83,200,06:56:02.211906292,326.75,100,0.01,0.07,,326.75,584,377,0,0,0,223,0,600,3,0,,0,377,0,223,0,0.30083,-0.00444,326.75732,326.79761
20200131,SPY,06:57,06:57:00.000000000,326.81,600,326.83,200,06:57:03.275544399,326.83,10,06:57:13.163868757,326.84,300,06:57:13.236760470,326.89,2000,06:57:17.117483124,326.87,290,06:57:46.685606993,326.74,2800,06:57:48.953007245,326.77,300,06:57:52.097569409,326.79,16,06:57:59.999999999,326.74,2000,326.79,1000,06:57:52.097569409,326.79,16,0.01,0.06,,326.8482,348,290,0,30,10,316,0,646,8,0,,330,16,300,0,0,0.23529,-0.02993,326.7815,326.8239
20200131,SPY,06:58,06:58:00.000000000,326.74,2000,326.79,1000,06:58:00.962178389,326.74,50,06:58:46.645434117,326.80,300,06:58:46.645423741,326.84,2000,06:58:46.647185235,326.80,1,06:58:13.577291754,326.72,2800,06:58:13.577275045,326.75,300,06:58:00.962178389,326.74,50,06:58:59.999999999,326.77,1000,326.81,600,06:58:58.244239128,326.80,100,0.01,0.07,,326.79145,628,51,0,0,300,0,0,351,4,0,,1,50,300,0,0,0.99145,0.18376,326.74792,326.79318
20200131,SPY,06:59,06:59:00.000000000,326.77,1000,326.81,600,06:59:51.945351667,326.82,100,06:59:04.524403131,326.80,300,06:59:04.525015562,326.84,2200,06:59:51.945351667,326.82,100,06:59:25.277705210,326.75,4600,06:59:25.277631507,326.78,300,06:59:51.945351667,326.82,100,06:59:59.999999999,326.77,2200,326.82,4600,06:59:51.945351667,326.82,100,0.01,0.07,,326.82,336,0,0,0,0,100,0,100,1,0,,100,0,0,0,0,2.50,0.50,326.77502,326.82588
20200131,SPY,07:00,07:00:00.000000000,326.77,2200,326.82,4600,07:00:00.005701087,326.82,500,07:00:51.433095252,326.96,300,07:00:51.434232660,326.98,700,07:00:39.480539209,326.94,5,07:00:00.000000000,326.77,2200,07:00:01.495407459,326.81,300,07:00:01.595745284,326.77,123,07:00:59.999999999,326.92,2100,326.97,6700,07:00:51.433140123,326.93,100,0.01,0.08,,326.83002,1900,1143,377,30,93,1289,0,2932,23,0,,148,1140,1140,504,0,0.02353,-0.2219,326.87796,326.92273
20200131,SPY,07:01,07:01:00.000000000,326.92,2100,326.97,6700,07:01:01.198103597,326.94,5,07:01:53.041120618,326.98,300,07:01:55.962583067,327.00,300,07:01:25.017707736,326.98,30,07:01:03.612050331,326.89,4000,07:01:03.611909176,326.93,300,07:01:24.401377133,326.91,1000,07:01:59.999999999,326.98,200,327.00,300,07:01:55.962674700,326.98,100,0.01,0.06,,326.92899,1114,10189,378,0,0,415,0,10982,34,0,,1815,4245,100,4822,0,-2.1319,-0.90734,326.92837,326.9696
20200131,SPY,07:02,07:02:00.000000000,326.98,200,327.00,300,07:02:05.371387750,326.99,100,07:02:54.161518450,327.11,300,07:02:54.160864073,327.14,2300,07:02:53.028427617,327.10,10,07:02:05.481709447,326.93,6200,07:02:05.481709447,326.97,200,07:02:05.481750368,326.98,200,07:02:59.999999999,327.07,1000,327.12,9900,07:02:54.161585927,327.10,4,0.01,0.07,,327.03604,1158,412,0,0,10,12800,1400,14622,32,0,,8611,752,2909,2350,0,1.4934,1.41181,327.01058,327.0441
20200131,SPY,07:03,07:03:00.000000000,327.07,1000,327.12,9900,07:03:02.333636865,327.12,40,07:03:00.015861360,327.11,300,07:03:00.016785810,327.13,1300,07:03:02.333636865,327.12,40,07:03:33.864344030,327.00,3500,07:03:33.864431498,327.03,300,07:03:45.742847125,327.04,20,07:03:59.999999999,327.02,2000,327.06,600,07:03:52.889503638,327.05,30,0.01,0.06,,327.08869,1108,2786,0,120,0,1515,4610,9031,26,0,,840,646,0,7545,0,0.01052,-0.22296,327.04904,327.08536
20200131,SPY,07:04,07:04:00.000000000,327.02,2000,327.06,600,07:04:08.490289175,327.00,30,07:04:25.048653502,327.04,300,07:04:25.049102643,327.08,2600,07:04:36.058960510,327.02,30,07:04:11.415697147,326.96,600,07:04:11.306825313,326.99,300,07:04:55.072951460,326.99,29,07:04:59.999999999,327.02,2500,327.07,3500,07:04:55.072951460,326.99,29,0.01,0.06,,327.00013,904,971,1,0,0,1,1398,2371,14,0,,30,60,0,2281,0,-0.26276,-0.21102,327.00134,327.04726
20200131,SPY,07:05,07:05:00.000000000,327.02,2500,327.07,3500,07:05:05.413255599,327.02,200,07:05:00.926053813,327.04,300,07:05:00.926731433,327.08,9100,07:05:05.413255599,327.02,200,07:05:16.560504619,326.92,3600,07:05:16.559884626,326.96,400,07:05:26.556018771,326.93,1000,07:05:59.999999999,327.01,7500,327.07,4100,07:05:58.101733115,327.02,20,0.01,0.06,,326.98002,902,2651,1377,0,16,1288,0,5332,19,0,,1099,1027,2923,283,0,-1.00216,-0.2449,326.96621,327.01199
20200131,SPY,07:06,07:06:00.000000000,327.01,7500,327.07,4100,07:06:03.070396628,327.05,1,07:06:03.070663437,327.06,300,07:06:00.698765911,327.09,2700,07:06:03.070396628,327.05,1,07:06:50.258953898,326.94,4700,07:06:50.254346340,326.99,300,07:06:47.799467250,327.00,20,07:06:59.999999999,326.97,2000,327.00,900,07:06:47.800414814,327.00,80,0.01,0.07,,327.01881,774,0,0,0,301,477,1131,1909,9,0,,1,497,0,1411,0,0.7263,0.2005,326.98087,327.02007
20200131,SPY,07:07,07:07:00.000000000,326.97,2000,327.00,900,07:07:04.350451796,326.98,10,07:07:25.695763952,326.99,300,07:07:00.000000000,327.00,900,07:07:25.696986989,327.00,1,07:07:16.230795712,326.93,4900,07:07:17.085060685,326.95,100,07:07:17.691239784,326.95,100,07:07:59.999999999,326.97,400,326.99,300,07:07:56.379621716,326.97,30,0.01,0.05,,326.98726,422,130,5,0,0,438,0,573,7,0,,6,140,377,50,0,-0.01483,0.21553,326.96299,326.99452
20200131,SPY,07:08,07:08:00.000000000,326.97,400,326.99,300,07:08:09.641507113,326.97,377,07:08:59.878547879,327.02,500,07:08:59.878771803,327.05,5700,07:08:12.730705548,327.00,10,07:08:09.645806007,326.93,1400,07:08:09.641787889,326.96,300,07:08:09.641507113,326.97,377,07:08:59.999999999,327.02,300,327.05,900,07:08:59.878903543,327.00,46,0.01,0.06,,326.98931,528,46,0,0,577,1146,954,2723,13,0,,10,0,1743,970,0,0.48843,0.24406,326.97514,327.01165
20200131,SPY,07:09,07:09:00.000000000,327.02,300,327.05,900,07:09:39.977261041,327.01,14,07:09:05.068946314,327.05,400,07:09:03.030615182,327.09,1500,07:09:39.977261041,327.01,14,07:09:40.866772383,326.96,5400,07:09:40.866772383,326.99,100,07:09:40.866344841,327.00,300,07:09:59.999999999,326.99,3700,327.05,10400,07:09:40.866829429,327.00,200,0.01,0.07,,327.00027,770,300,0,0,0,214,0,514,3,0,,14,300,0,200,0,0.69455,0.04604,326.99456,327.03559
20200131,SPY,07:10,07:10:00.000000000,326.99,3700,327.05,10400,07:10:02.218416084,327.02,44,07:10:55.360060233,327.09,300,07:10:55.803351541,327.12,1200,07:10:55.170492274,327.07,16,07:10:02.291000557,326.96,10100,07:10:02.369158178,327.00,300,07:10:32.924387616,326.99,65,07:10:59.999999999,327.04,11400,327.09,900,07:10:55.356735783,327.07,84,0.01,0.06,,327.0309,806,174,16,0,0,44,0,234,5,0,,60,90,84,0,0,-1.19872,-0.54459,327.0028,327.04672
20200131,SPY,07:11,07:11:00.000000000,327.04,11400,327.09,900,07:11:21.801737189,327.09,1,07:11:47.817472420,327.19,300,07:11:47.817840282,327.23,1500,07:11:47.818499930,327.19,1,07:11:07.998027557,327.02,3300,07:11:07.994525074,327.05,300,07:11:21.801737189,327.09,1,07:11:59.999999999,327.17,3200,327.22,3000,07:11:59.471699141,327.18,30,0.01,0.07,,327.16338,1290,726,1,2,0,0,100,829,15,0,,227,377,102,123,0,-1.65018,-0.43959,327.10716,327.15182
20200131,SPY,07:12,07:12:00.000000000,327.17,3200,327.22,3000,07:12:00.475622983,327.20,4,07:12:38.671440117,327.23,300,07:12:47.271126170,327.27,4700,07:12:50.529479613,327.25,1,07:12:16.497150650,327.12,3700,07:12:16.828360296,327.14,100,07:12:24.284670039,327.12,90,07:12:59.999999999,327.20,900,327.25,10600,07:12:50.965852258,327.23,377,0.01,0.07,,327.20132,1266,1940,100,379,10,5564,0,7993,23,0,,3193,1118,413,3269,0,-0.03628,0.25447,327.17013,327.21808
20200131,SPY,07:13,07:13:00.000000000,327.20,900,327.25,10600,07:13:05.247369717,327.20,10,07:13:42.760918146,327.26,300,07:13:53.183454145,327.29,2100,07:13:51.463534076,327.27,250,07:13:05.975773709,327.15,2700,07:13:06.074146144,327.17,300,07:13:10.422743092,327.18,300,07:13:59.999999999,327.23,1000,327.27,1000,07:13:54.296492946,327.27,250,0.01,0.07,,327.21164,848,3183,677,0,100,2414,246,6620,22,0,,1614,1187,2927,892,0,-0.56624,-0.17447,327.20737,327.23973
20200131,SPY,07:14,07:14:00.000000000,327.23,1000,327.27,1000,07:14:18.078156355,327.25,25,07:14:58.435698309,327.29,300,07:14:58.435820722,327.33,1600,07:14:34.288743903,327.2690,100,07:14:01.032238267,327.22,2600,07:14:06.945255520,327.23,300,07:14:29.277407391,327.23,10,07:14:59.999999999,327.27,3200,327.32,2000,07:14:34.288979939,327.2690,200,0.01,0.06,,327.26264,786,0,10,0,300,125,0,435,5,0,,200,35,200,0,0,2.05172,0.52529,327.23403,327.27881
20200131,SPY,07:15,07:15:00.000000000,327.27,3200,327.32,2000,07:15:03.304539346,327.29,1,07:15:08.424608382,327.31,300,07:15:08.424608382,327.35,1400,07:15:35.742952975,327.32,249,07:15:22.243889862,327.25,900,07:15:20.008162090,327.28,300,07:15:03.304539346,327.29,1,07:15:59.999999999,327.28,600,327.30,100,07:15:47.793893994,327.30,18,0.01,0.06,,327.30663,896,483,0,1,505,517,0,1506,11,0,,255,100,256,895,0,0.81607,0.1343,327.28866,327.31965
20200131,SPY,07:16,07:16:00.000000000,327.28,600,327.30,100,07:16:08.077153366,327.30,250,07:16:24.580809684,327.30,300,07:16:24.584635747,327.35,4000,07:16:52.710289564,327.32,250,07:16:33.562246134,327.24,9800,07:16:32.375783595,327.27,300,07:16:08.489008958,327.28,2,07:16:59.999999999,327.24,9900,327.30,10600,07:16:57.934980714,327.30,23,0.01,0.07,,327.29839,534,341,0,0,100,942,0,1383,13,0,,350,419,16,598,0,0.65727,0.23536,327.26953,327.30319
20200131,SPY,07:17,07:17:00.000000000,327.24,9900,327.30,10600,07:17:01.518318648,327.28,10,07:17:50.248619289,327.29,300,07:17:54.455987794,327.33,6100,07:17:01.518318648,327.28,10,07:17:03.578433311,327.22,4700,07:17:01.518606822,327.26,300,07:17:01.518318648,327.28,10,07:17:59.999999999,327.27,2500,327.33,4900,07:17:01.518318648,327.28,10,0.01,0.07,,327.28,778,0,0,0,0,10,0,10,1,0,,0,10,0,0,0,2.50,0.83333,327.24751,327.30008
20200131,SPY,07:18,07:18:00.000000000,327.27,2500,327.33,4900,,,,07:18:00.000000000,327.27,2500,07:18:00.000000000,327.33,4900,,,,07:18:23.725495962,327.22,5400,07:18:20.991260546,327.26,300,,,,07:18:59.999999999,327.24,11200,327.29,1200,,,,0.02,0.06,,,710,0,0,0,0,0,0,0,0,0,,0,0,0,0,0,,,327.24174,327.28971
20200131,SPY,07:19,07:19:00.000000000,327.24,11200,327.29,1200,07:19:10.213440861,327.28,10,07:19:13.939596860,327.31,300,07:19:15.947093325,327.35,4000,07:19:27.830357207,327.32,4,07:19:00.000000000,327.24,11200,07:19:34.424144302,327.28,300,07:19:10.213440861,327.28,10,07:19:59.999999999,327.27,3700,327.31,800,07:19:47.805321998,327.32,100,0.01,0.06,,327.30879,736,110,0,0,0,104,0,214,4,0,,104,0,100,10,0,0.17757,-0.01402,327.27874,327.32067
20200131,SPY,07:20,07:20:00.000000000,327.27,3700,327.31,800,07:20:06.355452107,327.31,150,07:20:57.215288015,327.33,300,07:20:57.215345181,327.36,1400,07:20:06.355452107,327.31,150,07:20:20.230398455,327.24,11600,07:20:19.484558292,327.28,300,07:20:22.519670809,327.30,200,07:20:59.999999999,327.32,2600,327.36,1000,07:20:57.215344003,327.31,100,0.01,0.05,,327.30563,360,700,0,0,0,150,750,1600,7,0,,377,350,373,500,0,-0.17188,-0.17188,327.28933,327.31006
20200131,SPY,07:21,07:21:00.000000000,327.32,2600,327.36,1000,07:21:06.802646906,327.33,1,07:21:06.797210306,327.34,300,07:21:00.606867381,327.37,3500,07:21:06.802646906,327.33,1,07:21:15.508227294,327.28,1300,07:21:29.619052370,327.29,300,07:21:06.802646906,327.33,1,07:21:59.999999999,327.30,600,327.35,9800,07:21:06.802646906,327.33,1,0.01,0.07,,327.33,454,1,0,0,0,0,0,1,1,0,,1,0,0,0,0,-2.50,-0.83333,327.29733,327.33719
20200131,SPY,07:22,07:22:00.000000000,327.30,600,327.35,9800,07:22:15.320178427,327.35,100,07:22:04.252615044,327.33,300,07:22:04.253149071,327.37,3600,07:22:15.320178427,327.35,100,07:22:44.073591339,327.22,4700,07:22:57.969767841,327.23,300,07:22:37.938651707,327.24,500,07:22:59.999999999,327.24,1000,327.27,4100,07:22:37.939469512,327.24,10,0.01,0.06,,327.2513,542,1290,1010,0,200,106,0,2606,9,0,,100,1706,0,800,0,-1.39332,-0.32176,327.27169,327.31309
20200131,SPY,07:23,07:23:00.000000000,327.24,1000,327.27,4100,07:23:10.977242898,327.24,377,07:23:29.386914800,327.27,300,07:23:50.717600522,327.30,3200,07:23:28.988249505,327.25,2,07:23:15.989042740,327.18,2000,07:23:14.396135798,327.22,200,07:23:14.396141692,327.23,90,07:23:59.999999999,327.24,12600,327.27,100,07:23:54.359746769,327.24,200,0.01,0.06,,327.23837,684,352,0,0,0,233,877,1462,8,0,,2,290,0,1170,0,-0.2712,-0.04549,327.2319,327.2656
20200131,SPY,07:24,07:24:00.000000000,327.24,12600,327.27,100,07:24:28.339804840,327.24,600,07:24:10.658923511,327.26,300,07:24:18.592636197,327.30,7800,07:24:28.339804840,327.24,600,07:24:58.819534080,327.18,500,07:24:58.814917167,327.22,300,07:24:28.339804840,327.24,600,07:24:59.999999999,327.18,100,327.22,2000,07:24:58.814994564,327.24,87,0.01,0.06,,327.24,290,600,0,0,0,497,713,1810,9,0,,0,0,0,1810,0,0.52072,0.52072,327.2399,327.25943
20200131,SPY,07:25,07:25:00.000000000,327.18,100,327.22,2000,07:25:09.307201392,327.20,10,07:25:48.836695462,327.24,300,07:25:48.837479967,327.27,3700,07:25:54.903645006,327.25,500,07:25:29.277365727,327.15,2600,07:25:38.156129697,327.19,300,07:25:28.243012214,327.18,100,07:25:59.999999999,327.23,300,327.27,3200,07:25:54.903645006,327.25,500,0.01,0.07,,327.23651,608,0,100,0,30,500,0,630,4,0,,500,110,0,20,0,1.84921,0.36508,327.18526,327.22683
20200131,SPY,07:26,07:26:00.000000000,327.23,300,327.27,3200,07:26:08.506199835,327.25,10,07:26:08.962341485,327.27,500,07:26:08.506128075,327.30,3600,07:26:11.045509035,327.27,377,07:26:27.722284903,327.20,1800,07:26:27.721494164,327.23,300,07:26:31.643174001,327.23,1000,07:26:59.999999999,327.23,700,327.27,2000,07:26:37.025934977,327.24,200,0.01,0.05,,327.24536,566,4856,477,0,0,1000,377,6710,18,0,,577,2000,133,4000,0,-0.51006,-0.30835,327.23453,327.26623
20200131,SPY,07:27,07:27:00.000000000,327.23,700,327.27,2000,07:27:14.828945212,327.25,2,07:27:00.000000000,327.23,700,07:27:00.000000000,327.27,2000,07:27:14.828945212,327.25,2,07:27:51.150898406,327.13,2100,07:27:54.905511650,327.16,300,07:27:51.604233498,327.13,100,07:27:59.999999999,327.15,100,327.19,700,07:27:51.604233498,327.13,100,0.01,0.06,,327.1964,560,100,150,0,2,1110,0,1362,7,0,,2,1350,0,10,0,2.06021,1.08811,327.19553,327.23317
20200131,SPY,07:28,07:28:00.000000000,327.15,100,327.19,700,07:28:28.916834483,327.17,500,07:28:28.918159623,327.17,100,07:28:00.000000000,327.19,700,07:28:28.916922184,327.20,500,07:28:52.857567636,327.09,300,07:28:53.335494961,327.11,300,07:28:41.349877992,327.11,5,07:28:59.999999999,327.09,300,327.13,9000,07:28:41.349877992,327.11,5,0.01,0.06,,327.17864,418,488,992,25,0,9500,0,11005,25,0,,5307,1503,3193,1002,0,1.42326,1.44124,327.12737,327.16381
20200131,SPY,07:29,07:29:00.000000000,327.09,300,327.13,9000,07:29:02.358657941,327.11,50,07:29:30.074615577,327.15,300,07:29:30.075203660,327.20,2600,07:29:24.171792408,327.12,500,07:29:00.000000000,327.09,300,07:29:00.000000000,327.13,9000,07:29:24.188628870,327.10,300,07:29:59.999999999,327.12,100,327.15,6600,07:29:45.179744221,327.12,100,0.01,0.09,,327.11162,474,9155,995,0,0,0,0,10150,20,0,,650,645,2100,6755,0,-1.76675,-0.47358,327.11187,327.16245
20200131,SPY,07:30,07:30:00.000000000,327.12,100,327.15,6600,07:30:09.299100943,327.15,10,07:30:54.820242912,327.34,300,07:30:54.837447115,327.37,2300,07:30:54.819223715,327.30,10,07:30:00.000000000,327.12,100,07:30:00.221584909,327.13,300,07:30:09.299100943,327.15,10,07:30:59.999999999,327.25,600,327.28,900,07:30:54.819511329,327.29,5,0.01,0.07,,327.22292,934,35,0,0,0,0,205,240,6,0,,235,5,0,0,0,-0.34375,-0.20486,327.1635,327.21226
20200131,SPY,07:31,07:31:00.000000000,327.25,600,327.28,900,07:31:15.624304069,327.30,300,07:31:25.367192414,327.29,300,07:31:01.985068019,327.31,1200,07:31:15.624304069,327.30,300,07:31:56.179646592,327.21,7100,07:31:56.179096704,327.24,300,07:31:39.184690662,327.25,377,07:31:59.999999999,327.22,1500,327.28,8000,07:31:39.855480974,327.25,422,0.01,0.07,,327.25472,1106,12523,1700,300,0,800,377,15700,46,0,,2500,2885,1900,8415,0,-1.59108,-0.66841,327.24835,327.2956
20200131,SPY,07:32,07:32:00.000000000,327.22,1500,327.28,8000,07:32:28.796151455,327.27,1,07:32:03.120283744,327.26,300,07:32:00.794621484,327.29,2100,07:32:28.796151455,327.27,1,07:32:49.114615026,327.20,1600,07:32:50.824513104,327.22,300,07:32:51.836933040,327.24,235,07:32:59.999999999,327.20,1000,327.24,100,07:32:51.836933040,327.24,235,0.01,0.06,,327.24013,212,0,0,0,1,235,0,236,2,0,,1,235,0,0,0,1.49576,0.49831,327.22405,327.27191
20200131,SPY,07:33,07:33:00.000000000,327.20,1000,327.24,100,07:33:01.752783534,327.20,30,07:33:12.717686224,327.23,300,07:33:12.718709899,327.26,2300,07:33:51.864925815,327.23,200,07:33:00.305594133,327.17,2700,07:33:35.218730262,327.19,300,07:33:01.752783534,327.20,30,07:33:59.999999999,327.19,3100,327.23,200,07:33:51.864945264,327.23,300,0.01,0.05,,327.22761,428,5,0,0,0,540,0,545,5,0,,205,40,300,0,0,1.42661,0.50,327.19449,327.23456
20200131,SPY,07:34,07:34:00.000000000,327.19,3100,327.23,200,07:34:24.191859895,327.23,1,07:34:47.895511285,327.30,300,07:34:47.932455301,327.34,1900,07:34:47.895563683,327.29,377,07:34:00.000000000,327.19,3100,07:34:00.000000000,327.23,200,07:34:24.191859895,327.23,1,07:34:59.999999999,327.25,1200,327.30,10800,07:34:47.932467915,327.29,246,0.01,0.06,,327.26934,728,357,0,0,0,1,1254,1612,11,0,,488,0,1124,0,0,-0.36818,0.0001,327.23153,327.26473
20200131,SPY,07:35,07:35:00.000000000,327.25,1200,327.30,10800,07:35:25.581710415,327.28,377,07:35:25.582047003,327.29,300,07:35:56.153874582,327.32,2600,07:35:56.153911459,327.29,500,07:35:08.050609864,327.23,7700,07:35:02.117294256,327.26,300,07:35:25.581710415,327.28,377,07:35:59.999999999,327.29,11800,327.32,2600,07:35:56.153973258,327.29,100,0.01,0.07,,327.28561,308,93,600,0,0,377,0,1070,4,0,,500,377,100,93,0,-0.38224,-0.00748,327.25292,327.28727
20200131,SPY,07:36,07:36:00.000000000,327.29,11800,327.32,2600,07:36:09.369559727,327.29,1000,07:36:00.000000000,327.29,11800,07:36:00.000000000,327.32,2600,07:36:57.885893720,327.30,100,07:36:00.000000000,327.29,11800,07:36:13.196468673,327.30,300,07:36:09.369559727,327.29,1000,07:36:59.999999999,327.29,8200,327.30,12600,07:36:57.885893720,327.30,100,0.01,0.03,,327.29028,90,3510,0,0,0,100,0,3610,11,0,,100,0,3510,0,0,-0.6108,-0.4723,327.29,327.3043
20200131,SPY,07:37,07:37:00.000000000,327.29,8200,327.30,12600,07:37:02.365350858,327.29,377,07:37:58.910015626,327.31,300,07:37:00.000000000,327.30,12600,07:37:58.909677144,327.30,377,07:37:02.369908484,327.25,100,07:37:05.584601027,327.26,300,07:37:58.909451794,327.26,100,07:37:59.999999999,327.29,3100,327.30,1500,07:37:58.909769688,327.26,25,0.01,0.04,,327.28672,236,2720,0,0,0,150,7539,10409,12,0,,677,502,660,8570,0,-0.62316,-0.64478,327.25231,327.27596
20200131,SPY,07:38,07:38:00.000000000,327.29,3100,327.30,1500,07:38:06.224737244,327.30,2,07:38:23.559875965,327.38,300,07:38:06.528221943,327.39,1600,07:38:10.495589115,327.38,377,07:38:00.000000000,327.29,3100,07:38:00.000000000,327.30,1500,07:38:06.224737244,327.30,2,07:38:59.999999999,327.37,4100,327.39,1600,07:38:59.845113172,327.37,877,0.01,0.06,,327.34726,558,1543,1,0,0,1831,904,4279,20,0,,762,302,2915,300,0,0.20916,0.01801,327.32918,327.36748
20200131,SPY,07:39,07:39:00.000000000,327.37,4100,327.39,1600,07:39:06.552552356,327.38,1,07:39:59.730746008,327.40,300,07:39:59.730815237,327.44,1600,07:39:59.732356147,327.40,1,07:39:46.460285064,327.32,2000,07:39:46.459820156,327.35,300,07:39:14.267253107,327.35,50,07:39:59.999999999,327.39,2000,327.44,1000,07:39:59.732356147,327.40,1,0.01,0.06,,327.38202,514,3585,0,0,577,2010,0,6172,22,0,,58,627,5287,200,0,0.3959,-0.11503,327.35367,327.39303
20200131,SPY,07:40,07:40:00.000000000,327.39,2000,327.44,1000,07:40:42.706066352,327.36,377,07:40:00.829339108,327.40,300,07:40:00.000000000,327.44,1000,07:40:42.706066352,327.36,377,07:40:53.069194010,327.31,9300,07:40:53.060706539,327.35,300,07:40:42.706066352,327.36,377,07:40:59.999999999,327.32,2000,327.36,2000,07:40:42.706183827,327.36,377,0.02,0.07,,327.36,600,377,0,377,0,0,0,754,2,0,,0,377,0,377,0,-0.50,-0.25,327.3565,327.39706
20200131,SPY,07:41,07:41:00.000000000,327.32,2000,327.36,2000,07:41:04.371449878,327.36,377,07:41:40.475145750,327.38,300,07:41:40.436032847,327.43,3000,07:41:45.250933456,327.39,1,07:41:00.000000000,327.32,2000,07:41:00.000000000,327.36,2000,07:41:04.371449878,327.36,377,07:41:59.999999999,327.38,500,327.41,600,07:41:51.809240664,327.38,500,0.01,0.07,,327.36334,586,2792,71,0,754,20,0,3637,15,0,,1,500,70,3066,0,-0.7157,-0.35651,327.35746,327.39892
20200131,SPY,07:42,07:42:00.000000000,327.38,500,327.41,600,07:42:01.746997876,327.40,15,07:42:50.869130691,327.41,200,07:42:49.055273088,327.44,900,07:42:57.640609844,327.43,1,07:42:46.811326178,327.37,3400,07:42:00.870562463,327.39,300,07:42:11.065880198,327.38,100,07:42:59.999999999,327.39,2500,327.44,1600,07:42:57.640628741,327.43,287,0.01,0.05,,327.40118,250,3128,0,0,2080,288,0,5496,13,0,,117,100,5269,10,0,0.01365,-0.19529,327.39121,327.42183
20200131,SPY,07:43,07:43:00.000000000,327.39,2500,327.44,1600,07:43:01.154916077,327.42,25,07:43:46.151937856,327.47,300,07:43:46.145606830,327.50,7900,07:43:25.688047986,327.49,96,07:43:00.000000000,327.39,2500,07:43:33.292826814,327.42,300,07:43:01.154916077,327.42,25,07:43:59.999999999,327.39,2500,327.45,6700,07:43:55.809693294,327.44,40,0.01,0.07,,327.46409,802,31,3,0,3,161,0,198,17,0,,104,89,4,1,0,1.15404,0.31953,327.42328,327.4712
20200131,SPY,07:44,07:44:00.000000000,327.39,2500,327.45,6700,07:44:02.090511115,327.45,100,07:44:01.530712038,327.41,300,07:44:00.000000000,327.45,6700,07:44:02.090511115,327.45,100,07:44:41.869292859,327.27,2000,07:44:41.868438000,327.30,200,07:44:41.868536612,327.31,100,07:44:59.999999999,327.28,8500,327.34,1600,07:44:49.503509323,327.35,992,0.01,0.07,,327.34711,1078,0,50,100,754,1896,0,2800,9,0,,1469,150,1131,50,0,1.59196,0.41006,327.3512,327.40017
20200131,SPY,07:45,07:45:00.000000000,327.28,8500,327.34,1600,07:45:12.810115146,327.29,5,07:45:18.943274761,327.31,400,07:45:22.397552748,327.35,8000,07:45:28.072969025,327.30,300,07:45:51.333328763,327.17,3000,07:45:51.326935774,327.21,300,07:45:51.339341193,327.21,100,07:45:59.999999999,327.19,3600,327.23,1200,07:45:51.339341193,327.21,100,0.01,0.07,,327.28723,756,689,300,0,0,725,0,1714,9,0,,300,730,500,184,0,-0.08285,-0.02256,327.26345,327.30481
20200131,SPY,07:46,07:46:00.000000000,327.19,3600,327.23,1200,07:46:25.646733649,327.23,7,07:46:22.769683079,327.21,300,07:46:23.999757874,327.25,600,07:46:25.646733649,327.23,7,07:46:32.898365945,327.15,2500,07:46:58.177132136,327.18,300,07:46:28.085363466,327.17,500,07:46:59.999999999,327.19,500,327.23,1000,07:46:58.177247789,327.19,377,0.01,0.06,,327.18186,626,940,0,160,0,257,377,1734,7,0,,357,937,0,440,0,-0.42243,-0.30565,327.18389,327.22458
20200131,SPY,07:47,07:47:00.000000000,327.19,500,327.23,1000,07:47:15.855145572,327.22,15,07:47:03.527521633,327.21,300,07:47:07.082247263,327.25,7000,07:47:15.855145572,327.22,15,07:47:50.139045197,327.06,100,07:47:50.139433596,327.07,300,07:47:55.861890809,327.06,100,07:47:59.999999999,327.07,2000,327.11,600,07:47:55.861890809,327.06,100,0.01,0.06,,327.12541,880,2527,0,0,100,303,10,2940,15,0,,15,1146,0,1779,0,-0.62007,-0.33866,327.15344,327.1902
20200131,SPY,07:48,07:48:00.000000000,327.07,2000,327.11,600,07:48:22.468488127,327.11,100,07:48:43.495611523,327.13,300,07:48:04.824887636,327.15,8500,07:48:33.349648307,327.14,10,07:48:00.000000000,327.07,2000,07:48:16.118181319,327.10,300,07:48:29.702643194,327.09,200,07:48:59.999999999,327.10,900,327.13,7700,07:48:34.125218427,327.10,96,0.01,0.06,,327.09854,622,400,0,0,0,10,0,410,5,0,,110,204,0,96,0,-1.78537,-0.47561,327.09754,327.13615
20200131,SPY,07:49,07:49:00.000000000,327.10,900,327.13,7700,07:49:21.334805933,327.10,377,07:49:05.983080352,327.12,300,07:49:01.431192761,327.14,1700,07:49:21.334805933,327.10,377,07:49:48.334722183,327.03,300,07:49:48.334549375,327.07,300,07:49:48.334639059,327.08,377,07:49:59.999999999,327.04,10200,327.09,500,07:49:48.334725190,327.08,123,0.01,0.05,,327.09786,348,779,0,0,0,4450,377,5606,11,0,,0,577,0,5029,0,0.34864,0.29928,327.07955,327.11039
20200131,SPY,07:50,07:50:00.000000000,327.04,10200,327.09,500,07:50:04.469227602,327.09,100,07:50:04.891763743,327.14,300,07:50:04.470159092,327.14,2100,07:50:04.592104366,327.11,9,07:50:55.807577355,327.00,300,07:50:55.802157664,327.01,300,07:50:28.375625283,327.01,100,07:50:59.999999999,327.01,1700,327.04,1000,07:50:58.242693375,327.01,10,0.01,0.07,,327.02715,716,4946,500,0,860,1600,305,8211,64,0,,2286,1622,2183,2120,0,-0.81245,-0.2928,327.03865,327.07719
20200131,SPY,07:51,07:51:00.000000000,327.01,1700,327.04,1000,07:51:11.933403638,327.02,8,07:51:23.182091882,327.03,300,07:51:23.182064380,327.06,8600,07:51:11.933403638,327.02,8,07:51:41.442080260,326.98,900,07:51:31.088595103,327.00,100,07:51:31.088652866,327.00,300,07:51:59.999999999,327.02,6800,327.06,1000,07:51:54.549110171,327.00,493,0.01,0.06,,327.00467,320,1844,0,0,0,4575,1991,8410,44,0,,24,717,490,7179,0,-0.24887,-0.23977,327.00217,327.02463
20200131,SPY,07:52,07:52:00.000000000,327.02,6800,327.06,1000,07:52:00.058584281,327.06,300,07:52:00.059051425,327.03,300,07:52:00.000000000,327.06,1000,07:52:00.058584281,327.06,300,07:52:25.647582323,326.96,6700,07:52:38.258055594,326.96,300,07:52:53.416677385,326.96,1,07:52:59.999999999,326.96,5000,326.98,3900,07:52:54.985353978,326.96,5,0.01,0.06,,327.00662,528,6,0,525,0,467,460,1458,21,0,,300,69,0,1089,0,0.6869,0.35905,326.97554,327.00487
20200131,SPY,07:53,07:53:00.000000000,326.96,5000,326.98,3900,07:53:07.349880689,326.96,94,07:53:56.672839258,326.99,300,07:53:56.974440684,327.02,2000,07:53:56.991389781,327.02,37,07:53:13.460416542,326.91,1300,07:53:13.460027595,326.94,100,07:53:13.460886807,326.93,9,07:53:59.999999999,326.98,2000,327.02,1800,07:53:56.997516898,327.02,35,0.01,0.04,,326.95791,360,9490,958,150,219,168,0,10985,24,0,,433,1059,1570,7923,0,-1.02663,-0.43555,326.95554,326.98292
20200131,SPY,07:54,07:54:00.000000000,326.98,2000,327.02,1800,07:54:05.785416666,327.01,1,07:54:29.616615314,327.02,400,07:54:04.562923687,327.04,10100,07:54:32.903545510,327.02,300,07:54:47.462743814,326.95,4400,07:54:47.462469695,326.98,300,07:54:05.785812359,326.97,500,07:54:59.999999999,326.95,3900,326.99,3000,07:54:53.396276299,326.99,200,0.01,0.06,,326.98731,540,11738,51,1000,56,1977,4623,19445,47,0,,3005,2955,3954,9531,0,-1.3811,-0.58962,326.98502,327.01619
20200131,SPY,07:55,07:55:00.000000000,326.95,3900,326.99,3000,07:55:28.769034353,326.98,10,07:55:28.768832691,326.99,300,07:55:28.768805590,327.02,5700,07:55:37.094619416,327.02,7,07:55:00.000000000,326.95,3900,07:55:00.000000000,326.99,3000,07:55:28.769034353,326.98,10,07:55:59.999999999,326.98,2600,327.02,3800,07:55:58.824360868,327.02,25,0.01,0.04,,327.01048,50,10,0,0,0,32,0,42,3,0,,7,10,25,0,0,0.63095,0.18254,326.96562,327.00562
20200131,SPY,07:56,07:56:00.000000000,326.98,2600,327.02,3800,07:56:32.967300537,327.02,500,07:56:54.777678330,327.04,300,07:56:54.777729563,327.07,3000,07:56:54.792259007,327.06,82,07:56:27.968782876,326.97,300,07:56:09.439143435,326.99,300,07:56:32.967631358,327.00,100,07:56:59.999999999,327.01,800,327.03,900,07:56:54.792259007,327.06,82,0.01,0.05,,327.02521,546,500,300,500,0,1982,800,4082,12,0,,882,100,3100,0,0,1.0245,0.94096,326.98682,327.02022
20200131,SPY,07:57,07:57:00.000000000,327.01,800,327.03,900,07:57:11.567877988,327.00,9,07:57:40.328941333,327.04,1000,07:57:00.864928578,327.05,4100,07:57:41.537166090,327.04,377,07:57:11.672526271,326.97,300,07:57:11.575897370,326.99,300,07:57:11.567877988,327.00,9,07:57:59.999999999,327.02,200,327.04,200,07:57:56.845388329,327.04,10,0.01,0.04,,327.02286,538,1667,100,150,0,5681,1212,8810,28,0,,462,159,4548,3641,0,1.11788,0.39262,327.00142,327.02904
20200131,SPY,07:58,07:58:00.000000000,327.02,200,327.04,200,07:58:01.720564379,327.02,100,07:58:42.985326391,327.09,300,07:58:47.744672089,327.13,3100,07:58:42.986106330,327.09,1,07:58:09.265838350,327.00,3000,07:58:01.720492346,327.03,200,07:58:18.972422045,327.01,35,07:58:59.999999999,327.07,10200,327.12,1500,07:58:42.986106330,327.09,1,0.01,0.06,,327.02919,512,136,0,0,0,111,0,247,5,0,,112,135,0,0,0,0.42915,-0.12146,327.03291,327.0744
20200131,SPY,07:59,07:59:00.000000000,327.07,10200,327.12,1500,07:59:31.504926432,327.10,1,07:59:48.517599589,327.14,300,07:59:53.985970687,327.18,3600,07:59:48.517782241,327.13,25,07:59:00.431148148,327.05,4000,07:59:05.535737713,327.08,300,07:59:31.504926432,327.10,1,07:59:59.999999999,327.10,2000,327.14,900,07:59:48.517782241,327.13,25,0.01,0.07,,327.12885,680,26,0,0,0,0,0,26,2,0,,26,0,0,0,0,-2.48077,-0.82051,327.08388,327.13205
20200131,SPY,08:00,08:00:00.000000000,327.10,2000,327.14,900,08:00:00.335170121,327.14,5,08:00:00.334947558,327.11,300,08:00:00.000000000,327.14,900,08:00:02.891420836,327.4899,399,08:00:19.490613840,327.02,14100,08:00:08.044060094,327.02,300,08:00:01.283456287,326.79,50,08:00:59.999999999,327.02,14200,327.07,1500,08:00:46.587303575,327.06,50,0.01,0.06,,327.08059,1202,17861,100,1,540,8654,392,2206,131,25342,327.06937,12800,13734,489,525,0,-0.89619,-0.26292,327.03847,327.07756
20200131,SPY,08:01,08:01:00.000000000,327.02,14200,327.07,1500,08:01:00.272588687,327.07,7,08:01:00.855142229,327.07,300,08:01:00.756392122,327.09,8900,08:01:09.068694845,329.00,171,08:01:26.307366414,326.91,600,08:01:58.816062555,326.91,300,08:01:39.567838634,326.92,500,08:01:59.999999999,326.91,700,326.95,2600,08:01:59.055042582,326.92,15,0.01,0.06,,326.9751,1052,842,0,146,136,13380,4500,8933,106,10071,327.89968,6498,5476,10,7020,0,0.13612,0.15014,326.95589,326.98953
20200131,SPY,08:02,08:02:00.000000000,326.91,700,326.95,2600,08:02:04.598598882,326.92,10,08:02:00.000000000,326.91,700,08:02:00.000000000,326.95,2600,08:02:04.598598882,326.92,10,08:02:47.973673304,326.71,100,08:02:51.663377431,326.73,300,08:02:53.234738244,326.72,400,08:02:59.999999999,326.73,2200,326.77,8800,08:02:54.924846817,326.73,147,0.01,0.06,,326.78701,1764,5164,24,117,0,3278,1100,5283,46,4400,326.76273,236,4111,15,5321,0,0.69355,0.33305,326.7851,326.81928
20200131,SPY,08:03,08:03:00.000000000,326.73,2200,326.77,8800,08:03:16.894912281,326.75,25,08:03:48.974976783,326.87,300,08:03:59.821672989,326.90,3200,08:03:59.793638803,326.87,100,08:03:01.431572654,326.71,3200,08:03:01.431081311,326.75,300,08:03:16.894912281,326.75,25,08:03:59.999999999,326.86,1200,326.90,3200,08:03:59.821714276,326.87,200,0.01,0.06,,326.83415,1698,1171,300,0,0,750,0,2050,16,171,326.79152,246,0,1975,0,0,-0.78707,-0.18951,326.79474,326.83199
20200131,SPY,08:04,08:04:00.000000000,326.86,1200,326.90,3200,08:04:06.328195086,326.86,200,08:04:03.149183317,326.89,300,08:04:03.155229004,326.92,1200,08:04:06.328195086,326.86,200,08:04:17.219033513,326.81,100,08:04:23.444193665,326.82,500,08:04:17.217004408,326.84,1,08:04:59.999999999,326.81,100,326.84,2000,08:04:43.638765157,326.84,200,0.01,0.06,,326.84861,1396,10,0,0,238,457,0,476,11,229,326.85971,5,330,0,370,0,1.40651,0.43382,326.81972,326.8532
20200131,SPY,08:05,08:05:00.000000000,326.81,100,326.84,2000,08:05:01.745930150,326.81,50,08:05:51.031672306,326.89,300,08:05:56.878102044,326.92,3000,08:05:58.120442422,326.92,500,08:05:00.000000000,326.81,100,08:05:01.537650244,326.82,500,08:05:01.745930150,326.81,50,08:05:59.999999999,326.88,1200,326.92,8500,08:05:58.120442422,326.92,500,0.01,0.05,,326.87901,1138,450,1050,0,0,1500,600,3550,13,50,326.8701,1200,100,2300,0,0,0.37324,0.0493,326.83517,326.87244
20200131,SPY,08:06,08:06:00.000000000,326.88,1200,326.92,8500,08:06:10.627806972,326.92,100,08:06:54.514659731,326.95,300,08:06:10.631914244,326.97,3000,08:06:10.627806972,326.92,100,08:06:00.000000000,326.88,1200,08:06:00.000000000,326.92,8500,08:06:10.627806972,326.92,100,08:06:59.999999999,326.92,9700,326.97,11000,08:06:44.507266927,326.92,23,0.01,0.06,,326.92,766,123,0,0,0,2,2025,2150,14,0,,0,0,2150,0,0,-0.17116,-0.08535,326.90957,326.93632
20200131,SPY,08:07,08:07:00.000000000,326.92,9700,326.97,11000,08:07:24.316350646,326.9099,50,08:07:00.353510985,326.95,300,08:07:00.353883267,326.99,4200,08:07:38.577727627,326.91,153,08:07:53.203155272,326.80,2200,08:07:55.822014086,326.80,300,08:07:58.799932196,326.81,1000,08:07:59.999999999,326.80,1100,326.81,1200,08:07:58.799932196,326.81,1000,0.01,0.06,,326.84083,816,100,0,0,85,2253,0,1200,9,1238,326.82921,153,1685,0,600,0,0.95833,0.41667,326.87259,326.90739
20200131,SPY,08:08,08:08:00.000000000,326.80,1100,326.81,1200,08:08:00.102812971,326.8098,10,08:08:53.457878505,326.88,300,08:08:53.486971610,326.91,2100,08:08:41.389267469,326.82,500,08:08:07.599240394,326.75,2300,08:08:07.593163034,326.78,300,08:08:06.577349134,326.80,1000,08:08:59.999999999,326.82,9700,326.86,900,08:08:41.389549299,326.82,300,0.01,0.06,,326.81527,1052,6000,0,0,11,1400,0,7400,18,11,326.8098,900,1011,5400,100,0,-1.00622,-0.25412,326.8187,326.84909
20200131,SPY,08:09,08:09:00.000000000,326.82,9700,326.86,900,08:09:04.605777348,327.68,2,08:09:05.476609147,326.85,300,08:09:58.618831051,326.88,5700,08:09:04.605777348,327.68,2,08:09:22.576431114,326.75,1300,08:09:22.576241866,326.77,300,08:09:26.005902405,326.75,125,08:09:59.999999999,326.82,8700,326.85,200,08:09:58.618905368,326.85,277,0.01,0.06,,326.78563,1032,1122,377,100,0,932,378,2906,20,3,327.40667,202,330,1177,1200,0,-0.79095,0.04023,326.79695,326.82709
20200131,SPY,08:10,08:10:00.000000000,326.82,8700,326.85,200,08:10:00.235231238,326.85,100,08:10:22.248210300,326.89,300,08:10:23.845325528,326.92,6200,08:10:06.116685324,326.89,3,08:10:00.000000000,326.82,8700,08:10:00.000000000,326.85,200,08:10:00.235231238,326.85,100,08:10:59.999999999,326.86,200,326.88,1200,08:10:43.267615043,326.87,55,0.01,0.06,,326.88495,956,246,0,0,500,4858,377,5923,22,58,326.87103,380,555,5046,0,0,1.37692,0.40922,326.85383,326.88937
20200131,SPY,08:11,08:11:00.000000000,326.86,200,326.88,1200,08:11:04.007199852,326.87,100,08:11:02.596118701,326.87,100,08:11:00.000000000,326.88,1200,08:11:04.007199852,326.87,100,08:11:19.850124149,326.74,3300,08:11:19.850774551,326.75,100,08:11:19.805303632,326.75,325,08:11:59.999999999,326.77,5500,326.81,2600,08:11:38.939075152,326.8098,125,0.01,0.08,,326.78894,1352,53884,15508,377,125,6805,977,77551,146,125,326.8098,4756,9656,3074,60190,0,-1.85092,-0.33969,326.79276,326.82433
20200131,SPY,08:12,08:12:00.000000000,326.77,5500,326.81,2600,08:12:11.093101609,326.79,400,08:12:03.968993319,326.81,300,08:12:04.484934659,326.84,1500,08:12:11.093101609,326.79,400,08:12:30.983493543,326.71,1600,08:12:43.401417821,326.73,300,08:12:29.197668979,326.75,377,08:12:59.999999999,326.74,600,326.78,2000,08:12:39.923850132,326.76,100,0.01,0.06,,326.76704,1110,598,0,0,0,404,0,1001,7,1,326.76,3,898,100,1,0,-0.39161,-0.0974,326.74665,326.78982
20200131,SPY,08:13,08:13:00.000000000,326.74,600,326.78,2000,08:13:34.019544232,326.78,45,08:13:10.647590432,326.80,300,08:13:10.628698065,326.81,3200,08:13:34.019544232,326.78,45,08:13:39.468831259,326.70,18600,08:13:39.626907543,326.74,100,08:13:39.626652213,326.70,250,08:13:59.999999999,326.73,1000,326.75,200,08:13:58.950885831,326.75,1000,0.01,0.06,,326.70178,848,22799,2201,0,0,1055,0,25045,61,1010,326.7501,55,1350,0,24650,0,-2.55969,-0.48356,326.73807,326.78059
20200131,SPY,08:14,08:14:00.000000000,326.73,1000,326.75,200,08:14:06.888531677,326.7498,600,08:14:57.872517657,326.80,300,08:14:54.588569951,326.83,3600,08:14:45.254068470,326.75,15,08:14:00.000000000,326.73,1000,08:14:02.077688994,326.74,300,08:14:15.138727475,326.73,150,08:14:59.999999999,326.79,100,326.83,3000,08:14:46.934876610,326.75,508,0.01,0.06,,326.74369,530,1083,0,0,600,30,377,1490,10,600,326.7498,30,750,1010,300,0,-1.5245,-0.76141,326.7381,326.76158
20200131,SPY,08:15,08:15:00.000000000,326.79,100,326.83,3000,08:15:04.503097847,326.79,100,08:15:14.611119040,326.83,300,08:15:14.241647861,326.85,3000,08:15:16.460242795,326.80,30,08:15:38.428933243,326.73,2000,08:15:46.666243947,326.74,300,08:15:46.666321937,326.73,100,08:15:59.999999999,326.73,400,326.75,2600,08:15:58.196576249,326.7301,10,0.01,0.05,,326.76957,542,100,10,0,0,360,0,460,6,10,326.7301,140,300,30,0,0,1.06522,0.35507,326.75505,326.78358
20200131,SPY,08:16,08:16:00.000000000,326.73,400,326.75,2600,08:16:32.032478687,326.82,100,08:16:45.675738118,326.83,500,08:16:45.676372115,326.85,4000,08:16:32.582993732,326.83,72,08:16:00.000000000,326.73,400,08:16:00.000000000,326.75,2600,08:16:55.845268867,326.78,10,08:16:59.999999999,326.78,4500,326.80,2600,08:16:59.514699842,326.7999,10,0.01,0.05,,326.82009,604,938,0,0,19,600,600,2122,15,35,326.81426,882,147,200,928,0,-0.0787,-0.09814,326.78251,326.80694
20200131,SPY,08:17,08:17:00.000000000,326.78,4500,326.80,2600,08:17:02.261021275,326.80,30,08:17:02.661457514,326.81,500,08:17:02.659751511,326.82,2600,08:17:02.660458527,326.81,1,08:17:38.871428086,326.71,4800,08:17:38.873944329,326.72,300,08:17:38.871455745,326.72,9,08:17:59.999999999,326.79,6000,326.80,2000,08:17:46.838827853,326.77,800,0.01,0.05,,326.7484,996,7,0,991,0,3148,1000,5145,27,1,326.76,1006,489,2025,1626,0,0.4206,0.30923,326.75536,326.77681
20200131,SPY,08:18,08:18:00.000000000,326.79,6000,326.80,2000,08:18:04.190420543,326.84,1000,08:18:21.312829060,326.93,500,08:18:21.311875383,326.95,10800,08:18:26.064716339,326.93,100,08:18:00.614353788,326.75,2800,08:18:00.783110724,326.78,800,08:18:04.190420543,326.84,1000,08:18:59.999999999,326.79,7000,326.82,7100,08:18:52.901841561,326.87,20,0.01,0.06,,326.87326,2682,427,10,0,10,8247,0,8614,16,80,326.89876,2660,457,5200,377,0,0.55259,0.45594,326.85603,326.88196
20200131,SPY,08:19,08:19:00.000000000,326.79,7000,326.82,7100,08:19:02.403950561,326.80,100,08:19:59.982326233,326.84,500,08:19:49.724197744,326.86,4000,08:19:51.904043566,326.83,193,08:19:18.548103180,326.70,1000,08:19:18.548081455,326.71,700,08:19:24.191203778,326.70,200,08:19:59.999999999,326.84,6000,326.86,2600,08:19:51.904043566,326.83,193,0.01,0.05,,326.74385,1996,3721,0,0,0,827,0,4547,25,1,326.77,686,2252,200,1410,0,-0.30108,-0.3308,326.75469,326.77813
20200131,SPY,08:20,08:20:00.000000000,326.84,6000,326.86,2600,08:20:00.104761916,326.85,9,08:20:42.365802594,326.91,500,08:20:07.166686472,326.93,4700,08:20:49.635063305,326.91,7,08:20:00.109381331,326.82,600,08:20:00.000000000,326.86,2600,08:20:00.104761916,326.85,9,08:20:59.999999999,326.88,11500,326.91,3700,08:20:57.065260717,326.89,132,0.01,0.06,,326.88075,2456,2631,1008,0,7,932,800,4978,26,400,326.88,1324,532,2622,900,0,-0.38509,-0.21805,326.87118,326.89544
20200131,SPY,08:21,08:21:00.000000000,326.88,11500,326.91,3700,08:21:05.272547704,326.91,100,08:21:54.264623181,326.95,100,08:21:33.199395851,326.96,3800,08:21:49.392011971,326.96,200,08:21:00.218262805,326.87,800,08:21:08.493753572,326.90,300,08:21:05.272547704,326.91,100,08:21:59.999999999,326.95,100,326.96,3600,08:21:55.069952610,326.96,500,0.01,0.04,,326.93517,1202,1606,0,2,1,2671,600,4877,33,3,326.94667,951,127,3802,0,0,-0.06541,0.00038,326.91049,326.93142
20200131,SPY,08:22,08:22:00.000000000,326.95,100,326.96,3600,08:22:00.312960551,326.96,100,08:22:01.315686191,326.98,300,08:22:00.312883172,326.99,2900,08:22:58.601581377,327.68,1,08:22:23.109940281,326.91,1800,08:22:23.109514191,326.93,300,08:22:21.382401906,326.9401,10,08:22:59.999999999,326.96,3000,326.99,3700,08:22:58.806477171,327.68,1,0.01,0.06,,326.96181,1762,3100,10,100,1792,7777,1608,13375,45,1012,326.95134,1951,3341,3568,5527,0,0.88273,0.3633,326.95212,326.98011
20200131,SPY,08:23,08:23:00.000000000,326.96,3000,326.99,3700,08:23:00.863352685,327.68,1,08:23:00.013361656,326.97,1000,08:23:00.000000000,326.99,3700,08:23:00.863352685,327.68,1,08:23:58.215731911,326.88,800,08:23:58.210294758,326.91,300,08:23:01.736025672,326.99,1,08:23:59.999999999,326.89,4000,326.94,8500,08:23:01.736025672,326.99,1,0.01,0.06,,,1210,0,0,0,0,8,0,0,3,8,327.59375,0,1,7,0,0,,,326.92658,326.96144
20200131,SPY,08:24,08:24:00.000000000,326.89,4000,326.94,8500,08:24:42.000431866,326.90,1,08:24:03.979657193,326.92,1000,08:24:00.000000000,326.94,8500,08:24:42.000431866,326.90,1,08:24:58.999765538,326.79,3700,08:24:58.277555713,326.82,300,08:24:49.301197857,326.85,1000,08:24:59.999999999,326.79,4500,326.84,12100,08:24:56.865044726,326.85,10,0.01,0.05,,326.85095,856,1000,0,0,0,111,0,1111,4,0,,0,1101,0,10,0,-1.29478,-0.40009,326.88417,326.91915
20200131,SPY,08:25,08:25:00.000000000,326.79,4500,326.84,12100,08:25:12.058007860,326.88,300,08:25:43.261109700,326.91,300,08:25:12.066640691,326.94,5000,08:25:43.259741520,326.90,20,08:25:00.000000000,326.79,4500,08:25:00.000000000,326.84,12100,08:25:54.805721986,326.87,300,08:25:59.999999999,326.88,100,326.91,3500,08:25:54.811093515,326.87,300,0.01,0.05,,326.88208,1294,3520,0,1000,0,0,0,4520,14,0,,420,777,1400,1923,0,-0.83407,-0.38938,326.87171,326.89991
20200131,SPY,08:26,08:26:00.000000000,326.88,100,326.91,3500,08:26:06.606042761,326.88,100,08:26:54.853819554,326.90,500,08:26:54.853609118,326.92,1800,08:26:54.853500901,326.89,100,08:26:09.931133734,326.80,1300,08:26:08.455880902,326.83,300,08:26:27.878477472,326.8401,50,08:26:59.999999999,326.87,7000,326.90,2400,08:26:54.853630931,326.89,399,0.01,0.06,,326.88362,874,1224,50,182,0,0,701,1382,11,775,326.87743,1000,150,1007,0,0,-0.57779,-0.18054,326.85133,326.87146
20200131,SPY,08:27,08:27:00.000000000,326.87,7000,326.90,2400,08:27:34.465747198,326.90,10,08:27:47.266704062,326.91,1000,08:27:16.494139205,326.91,2500,08:27:34.465767422,326.91,500,08:27:16.238331196,326.84,10700,08:27:02.641696345,326.88,300,08:27:34.465747198,326.90,10,08:27:59.999999999,326.90,5000,326.91,100,08:27:51.959132032,326.91,100,0.01,0.06,,326.90992,712,0,0,0,10,1140,100,1250,6,0,,510,0,740,0,0,1.532,0.458,326.87824,326.90664
20200131,SPY,08:28,08:28:00.000000000,326.90,5000,326.91,100,08:28:01.545085356,326.91,100,08:28:54.342558430,326.94,1000,08:28:01.545927260,326.94,4600,08:28:49.796059485,326.92,100,08:28:05.062270783,326.87,5800,08:28:00.000000000,326.91,100,08:28:44.490418988,326.89,250,08:28:59.999999999,326.92,2000,326.94,600,08:28:50.115877796,326.92,10,0.01,0.06,,326.90614,712,810,0,0,0,200,0,1010,7,0,,100,250,660,0,0,-1.29703,-0.30198,326.90654,326.93788
20200131,SPY,08:29,08:29:00.000000000,326.92,2000,326.94,600,08:29:11.147036974,326.94,1,08:29:13.988898099,326.95,300,08:29:13.988881009,326.96,100,08:29:18.293784883,326.96,1,08:29:59.005394522,326.80,100,08:29:13.590844915,326.91,300,08:29:58.945094212,326.88,5,08:29:59.999999999,326.80,700,326.96,1200,08:29:58.945094212,326.88,5,0.01,0.16,,326.92172,460,2905,0,0,0,105,0,3010,21,0,,5,325,1100,1580,0,-1.77359,-0.79734,326.90926,326.95533
20200131,SPY,08:30,08:30:00.000000000,326.80,700,326.96,1200,08:30:05.681807130,326.80,13,08:30:51.178114924,327.03,500,08:30:53.194684353,327.06,4800,08:30:53.194751283,327.04,100,08:30:00.000000000,326.80,700,08:30:00.000000000,326.96,1200,08:30:05.681807130,326.80,13,08:30:59.999999999,327.00,9500,327.03,1900,08:30:58.949992343,327.03,15,0.01,0.16,,326.99042,414,1785,2245,300,180,3135,0,7645,35,0,,1271,728,4746,900,0,-0.20222,0.03346,326.95087,326.99474
20200131,SPY,08:31,08:31:00.000000000,327.00,9500,327.03,1900,08:31:02.458179518,327.04,100,08:31:45.034839714,327.09,500,08:31:45.034756412,327.12,4600,08:31:50.580761274,327.11,28,08:31:00.113973426,326.99,2000,08:31:21.822668678,327.01,300,08:31:24.313130607,327.01,10,08:31:59.999999999,327.05,2000,327.09,6500,08:31:54.772871673,327.09,100,0.01,0.05,,327.05579,1604,230,0,2086,0,193,11060,13519,40,50,327.08,6534,3421,3364,250,0,3.58259,3.58248,327.05123,327.07202
20200131,SPY,08:32,08:32:00.000000000,327.05,2000,327.09,6500,08:32:07.569024907,327.10,80,08:32:15.307620578,327.15,500,08:32:15.307441874,327.17,3200,08:32:17.775585737,327.16,100,08:32:01.117610481,327.04,5300,08:32:02.103657348,327.08,300,08:32:36.733821250,327.08,100,08:32:59.999999999,327.10,100,327.11,100,08:32:49.778175859,327.12,10,0.01,0.06,,327.12404,1412,1695,0,0,0,1045,100,2759,19,81,327.13741,806,200,1819,15,0,-0.27746,-0.13248,327.09826,327.11938
20200131,SPY,08:33,08:33:00.000000000,327.10,100,327.11,100,08:33:00.688735000,327.12,1000,08:33:12.051880132,327.18,300,08:33:12.051818765,327.19,900,08:33:12.054247482,327.18,7,08:33:57.041733597,327.03,1300,08:33:57.041380783,327.06,300,08:33:57.041803557,327.07,30,08:33:59.999999999,327.05,300,327.08,8000,08:33:57.041803557,327.07,30,0.01,0.05,,327.14895,1526,1021,201,0,101,444,3150,4917,18,0,,905,630,2232,1150,0,-0.12487,-0.06171,327.0919,327.12066
20200131,SPY,08:34,08:34:00.000000000,327.05,300,327.08,8000,08:34:05.973370458,327.08,500,08:34:07.117915352,327.09,300,08:34:06.059766533,327.10,5700,08:34:11.501208825,327.09,500,08:34:38.556830677,327.02,400,08:34:38.556789617,327.03,300,08:34:54.118595842,327.02,100,08:34:59.999999999,327.02,300,327.04,8500,08:34:54.118595842,327.02,100,0.01,0.04,,327.06114,1078,1000,20,0,400,1801,300,3500,15,21,327.02057,1001,620,600,1300,0,0.22857,0.10476,327.0371,327.06074
20200131,SPY,08:35,08:35:00.000000000,327.02,300,327.04,8500,08:35:15.089825408,327.68,1,08:35:56.477439983,327.18,300,08:35:56.474161969,327.19,900,08:35:15.089825408,327.68,1,08:35:00.000000000,327.02,300,08:35:04.767559777,327.03,300,08:35:20.826119384,327.06,100,08:35:59.999999999,327.15,800,327.19,400,08:35:49.012710906,327.15,30,0.01,0.06,,327.13646,1934,1870,377,0,103,32,0,2380,14,2,327.68,625,600,1134,23,0,-0.83971,-0.51201,327.09192,327.12056
20200131,SPY,08:36,08:36:00.000000000,327.15,800,327.19,400,08:36:04.800994705,327.16,50,08:36:15.033698105,327.18,300,08:36:00.000000000,327.19,400,08:36:12.403585163,327.17,2,08:36:47.030467883,327.06,12300,08:36:46.540408101,327.08,300,08:36:32.538346934,327.10,20,08:36:59.999999999,327.10,5000,327.13,5000,08:36:46.540792955,327.10,10,0.01,0.05,,327.11867,2160,292,0,0,0,150,210,602,10,50,327.16,72,280,0,300,0,0.05482,0.12292,327.11171,327.14377
20200131,SPY,08:37,08:37:00.000000000,327.10,5000,327.13,5000,08:37:21.270896992,327.11,10,08:37:11.349329832,327.13,300,08:37:11.349599631,327.15,6600,08:37:21.270896992,327.11,10,08:37:49.264598348,327.00,700,08:37:49.264066855,327.03,300,08:37:49.263687552,327.04,377,08:37:59.999999999,327.04,5000,327.08,11300,08:37:53.593166269,327.04,400,0.01,0.05,,327.04333,938,0,0,0,0,860,0,450,5,410,327.04171,10,427,0,423,0,1.00,0.50,327.06504,327.09812
20200131,SPY,08:38,08:38:00.000000000,327.04,5000,327.08,11300,08:38:01.875712812,327.06,4,08:38:00.034388317,327.06,300,08:38:00.000000000,327.08,11300,08:38:01.875712812,327.06,4,08:38:55.340502667,326.86,100,08:38:55.337592954,326.88,500,08:38:55.335956742,326.88,300,08:38:59.999999999,326.90,3100,326.94,7000,08:38:55.343041773,326.89,123,0.01,0.05,,326.91304,2094,6320,230,3020,600,1712,439,11227,44,1094,326.96952,1125,5360,1477,4359,0,-0.5379,-0.27317,326.97515,327.00307
20200131,SPY,08:39,08:39:00.000000000,326.90,3100,326.94,7000,08:39:01.722672400,326.90,100,08:39:00.000000000,326.90,3100,08:39:00.000000000,326.94,7000,08:39:01.722672400,326.90,100,08:39:32.944534986,326.76,7400,08:39:59.260025476,326.77,300,08:39:59.920005761,326.78,75,08:39:59.999999999,326.76,100,326.78,7600,08:39:59.920005761,326.78,75,0.01,0.05,,326.8342,2406,223,579,200,387,3082,1097,4843,30,725,326.86791,1607,1583,1497,881,0,0.6815,0.18491,326.81621,326.84822
20200131,SPY,08:40,08:40:00.000000000,326.76,100,326.78,7600,08:40:02.006328098,326.77,100,08:40:00.748470402,326.77,100,08:40:05.086432021,326.79,7000,08:40:02.006328098,326.77,100,08:40:26.072280281,326.69,100,08:40:26.072211183,326.70,300,08:40:26.071984923,326.70,300,08:40:59.999999999,326.70,9800,326.74,6000,08:40:58.460630461,326.7298,600,0.01,0.05,,326.73426,2056,4412,0,631,800,1476,1039,7756,39,602,326.72987,263,2012,100,5983,0,-0.12983,-0.17866,326.73281,326.76031
20200131,SPY,08:41,08:41:00.000000000,326.70,9800,326.74,6000,08:41:03.916711413,326.70,100,08:41:38.218349850,326.75,300,08:41:56.188435048,326.79,9600,08:41:38.218714057,326.75,1,08:41:03.916652443,326.69,100,08:41:03.916677874,326.70,300,08:41:03.916711413,326.70,100,08:41:59.999999999,326.75,11500,326.79,8500,08:41:39.411225656,326.73,25,0.01,0.05,,326.71603,1898,1060,0,530,0,185,0,1675,11,100,326.715,549,125,1075,26,0,-0.29104,-0.27612,326.71357,326.74465
20200131,SPY,08:42,08:42:00.000000000,326.75,11500,326.79,8500,08:42:11.482311754,326.79,750,08:42:53.486949898,326.86,300,08:42:55.133848759,326.89,9900,08:42:58.916448675,326.86,500,08:42:01.429754555,326.74,14200,08:42:01.429219515,326.78,500,08:42:11.482311754,326.79,750,08:42:59.999999999,326.84,1700,326.86,3800,08:42:59.844078572,326.86,10,0.01,0.05,,326.82889,1890,932,0,0,0,1131,0,2063,23,0,,1281,9,725,48,0,0.10131,0.02278,326.79838,326.82569
20200131,SPY,08:43,08:43:00.000000000,326.84,1700,326.86,3800,08:43:01.729733965,326.85,500,08:43:07.708330604,326.88,300,08:43:07.711450349,326.91,4500,08:43:24.722467704,326.89,500,08:43:10.303485643,326.83,500,08:43:00.000000000,326.86,3800,08:43:01.729733965,326.85,500,08:43:59.999999999,326.86,1300,326.87,200,08:43:45.848478838,326.86,100,0.01,0.04,,326.87623,1120,1543,0,0,40,6577,360,8477,20,43,326.88779,1533,1310,5077,600,0,0.49275,0.28176,326.86134,326.87537
20200131,SPY,08:44,08:44:00.000000000,326.86,1300,326.87,200,08:44:00.184581594,326.86,40,08:44:14.424513044,326.92,300,08:44:11.491461913,326.94,4800,08:44:15.410889039,326.91,360,08:44:55.561981395,326.85,1100,08:44:00.000000000,326.87,200,08:44:00.184581594,326.86,40,08:44:59.999999999,326.85,5000,326.88,100,08:44:55.606751811,326.88,300,0.01,0.04,,326.88301,1336,30774,2517,637,1,2738,11193,47610,129,250,326.904,1573,2027,2700,41560,0,-0.76897,-0.29043,326.87581,326.89409
20200131,SPY,08:45,08:45:00.000000000,326.85,5000,326.88,100,08:45:06.688610966,326.88,400,08:45:14.414552218,326.91,300,08:45:17.081927195,326.93,5000,08:45:37.117529110,326.91,100,08:45:00.000000000,326.85,5000,08:45:45.285939658,326.86,300,08:45:06.688610966,326.88,400,08:45:59.999999999,326.85,7700,326.88,1500,08:45:48.220848375,326.88,200,0.01,0.03,,326.8825,1052,3089,140,0,0,3481,4164,10874,36,0,,300,500,1040,9034,0,-0.09656,-0.17522,326.87206,326.89442
20200131,SPY,08:46,08:46:00.000000000,326.85,7700,326.88,1500,08:46:13.943081067,326.88,1,08:46:34.626053449,326.89,300,08:46:22.734557430,326.89,3100,08:46:13.943081067,326.88,1,08:46:58.434644757,326.83,200,08:46:58.509955818,326.83,300,08:46:58.515249456,326.83,100,08:46:59.999999999,326.83,100,326.83,500,08:46:58.515249456,326.83,100,0.01,0.04,,326.86484,1106,0,0,0,1,577,100,678,8,0,,0,199,0,479,0,1.14823,0.42588,326.85568,326.87844
20200131,SPY,08:47,08:47:00.000000000,326.83,100,326.83,500,08:47:01.279115944,326.83,100,08:47:57.331218627,327.03,300,08:47:57.331337551,327.06,9400,08:47:56.657241224,327.00,1,08:47:01.279069949,326.82,4300,08:47:00.000000000,326.83,500,08:47:01.279115944,326.83,100,08:47:59.999999999,326.98,1300,327.01,13500,08:47:57.258861061,327.00,301,0.01,0.05,,326.9535,1720,2577,432,101,100,3452,100,6164,38,598,326.9442,1541,600,3871,750,0,-0.16426,0.02799,326.92203,326.94128
20200131,SPY,08:48,08:48:00.000000000,326.98,1300,327.01,13500,08:48:13.518894731,327.00,100,08:48:13.518733945,327.00,900,08:48:00.000000000,327.01,13500,08:48:13.518894731,327.00,100,08:48:43.156837312,326.89,6700,08:48:59.314615711,326.91,200,08:48:57.906702274,326.92,42,08:48:59.999999999,326.90,5100,326.91,1000,08:48:59.308541543,326.92,408,0.01,0.04,,326.97558,780,842,100,0,708,41,0,1591,10,100,326.9301,0,243,1000,448,0,-0.01603,-0.17756,326.94888,326.97386
20200131,SPY,08:49,08:49:00.000000000,326.90,5100,326.91,1000,08:49:11.106389350,326.91,200,08:49:59.532273398,327.00,300,08:49:59.532552819,327.03,2100,08:49:59.621183779,326.99,125,08:49:02.800271775,326.89,12400,08:49:00.000000000,326.91,1000,08:49:11.106389350,326.91,200,08:49:59.999999999,326.99,16900,327.02,1000,08:49:59.621497981,326.99,377,0.01,0.04,,326.93686,654,6700,2000,1000,0,5989,600,16289,41,0,,538,1220,1639,12892,0,-0.45178,-0.36097,326.92826,326.9497
20200131,SPY,08:50,08:50:00.000000000,326.99,16900,327.02,1000,08:50:10.197522647,327.00,4,08:50:58.544523488,327.11,300,08:50:58.544747369,327.14,2700,08:50:58.544594662,327.10,1,08:50:04.837319317,326.98,8800,08:50:00.769141405,327.00,300,08:50:30.979437623,326.99,400,08:50:59.999999999,327.10,1500,327.14,10000,08:50:58.544629732,327.10,801,0.01,0.05,,327.07039,1106,2836,0,0,0,0,1001,2933,21,904,327.00111,811,777,1726,523,0,-0.22758,-0.17644,327.02338,327.0536
20200131,SPY,08:51,08:51:00.000000000,327.10,1500,327.14,10000,08:51:01.563386624,327.15,1,08:51:33.012563084,327.20,300,08:51:30.165980818,327.21,1000,08:51:32.519251629,327.21,498,08:51:00.000000000,327.10,1500,08:51:59.837571140,327.12,300,08:51:58.874911854,327.10,100,08:51:59.999999999,327.10,2000,327.13,5000,08:51:59.934743469,327.13,1,0.01,0.05,,327.1651,2504,4972,200,501,161,3429,1,8703,40,561,327.1425,1827,1070,2367,4000,0,-0.16374,-0.06954,327.14437,327.17321
20200131,SPY,08:52,08:52:00.000000000,327.10,2000,327.13,5000,08:52:02.311412172,327.10,25,08:52:06.257569246,327.11,300,08:52:00.000000000,327.13,5000,08:52:02.311412172,327.10,25,08:52:14.502217080,327.00,4200,08:52:14.501121416,327.03,500,08:52:14.499279688,327.05,1000,08:52:59.999999999,327.02,7000,327.05,6000,08:52:32.029358967,327.08,500,0.01,0.05,,327.08653,1476,325,0,0,0,4227,0,4552,12,0,,500,1025,0,3027,0,0.808,0.4286,327.03963,327.07109
20200131,SPY,08:53,08:53:00.000000000,327.02,7000,327.05,6000,08:53:06.707603311,327.07,1000,08:53:48.621158037,327.09,300,08:53:06.708649858,327.11,7400,08:53:06.707603311,327.07,1000,08:53:00.000000000,327.02,7000,08:53:00.000000000,327.05,6000,08:53:06.707603311,327.07,1000,08:53:59.999999999,327.05,200,327.08,9500,08:53:53.605467308,327.07,100,0.01,0.04,,327.07,1066,1201,0,0,0,100,4000,5201,11,100,327.07,0,1000,0,4301,0,-0.55768,-0.56729,327.05646,327.08368
20200131,SPY,08:54,08:54:00.000000000,327.05,200,327.08,9500,08:54:16.311974213,327.06,250,08:54:04.018859699,327.06,300,08:54:06.436881648,327.09,5700,08:54:16.311974213,327.06,250,08:54:34.087976664,326.99,9800,08:54:23.618119230,327.03,300,08:54:26.763036001,327.00,500,08:54:59.999999999,327.02,3400,327.06,19100,08:54:48.958673101,327.06,6,0.01,0.05,,327.02658,814,502,0,0,0,256,200,958,5,0,,6,752,0,200,0,-0.63779,-0.12839,327.02606,327.05711
20200131,SPY,08:55,08:55:00.000000000,327.02,3400,327.06,19100,08:55:00.588966733,327.05,1000,08:55:10.054615807,327.10,300,08:55:10.055513282,327.12,1300,08:55:10.056191127,327.10,1,08:55:00.000000000,327.02,3400,08:55:00.102566316,327.05,1000,08:55:00.588966733,327.05,1000,08:55:59.999999999,327.05,800,327.07,3000,08:55:58.585474024,327.05,5,0.01,0.05,,327.07,1098,1506,0,1500,0,4000,0,7001,16,5,327.05,501,2128,500,3877,0,0.24982,0.17847,327.05976,327.08549
20200131,SPY,08:56,08:56:00.000000000,327.05,800,327.07,3000,08:56:05.723886316,327.10,200,08:56:36.488089446,327.14,300,08:56:35.954313673,327.15,3700,08:56:51.890017845,327.15,1,08:56:00.000000000,327.05,800,08:56:00.439164452,327.06,500,08:56:06.621140157,327.09,500,08:56:59.999999999,327.13,100,327.15,1000,08:56:58.577842010,327.13,1000,0.01,0.04,,327.12578,950,3325,0,377,0,15500,0,19200,38,2,327.09,1901,1502,15799,0,0,0.60758,0.31711,327.10081,327.12133
20200131,SPY,08:57,08:57:00.000000000,327.13,100,327.15,1000,08:57:04.503659569,327.15,200,08:57:20.327741543,327.19,300,08:57:15.203782334,327.20,100,08:57:15.203446150,327.18,500,08:57:56.579069359,327.10,1300,08:57:47.174799138,327.13,300,08:57:38.084735402,327.13,100,08:57:59.999999999,327.13,100,327.14,9000,08:57:59.533291711,327.13,500,0.01,0.04,,327.13709,1164,6038,1441,200,0,4562,5230,15971,44,1500,327.14019,908,2025,1700,12838,0,0.0108,-0.04436,327.14556,327.16554
20200131,SPY,08:58,08:58:00.000000000,327.13,100,327.14,9000,08:58:00.116974496,327.13,100,08:58:00.000000000,327.13,100,08:58:02.595558696,327.15,3800,08:58:00.116974496,327.13,100,08:58:14.703326311,327.05,1200,08:58:17.436474676,327.06,500,08:58:09.782230647,327.10,1,08:58:59.999999999,327.10,100,327.13,400,08:58:58.934711934,327.13,70,0.01,0.04,,327.12702,1130,1000,0,1000,500,16965,4550,24015,53,0,,893,2001,0,21121,0,0.85996,0.50289,327.09078,327.11866
20200131,SPY,08:59,08:59:00.000000000,327.10,100,327.13,400,08:59:00.297678058,327.13,200,08:59:00.297818993,327.13,300,08:59:08.600921924,327.15,3100,08:59:09.876222913,327.14,1,08:59:56.002974995,327.06,4300,08:59:56.002554686,327.09,500,08:59:06.892230941,327.10,100,08:59:59.999999999,327.08,5000,327.11,4000,08:59:51.864895609,327.10,200,0.01,0.05,,327.12769,1096,3550,0,0,0,1955,0,5490,26,15,327.132,151,411,4843,100,0,-0.15574,-0.13752,327.09317,327.11939
20200131,SPY,09:00,09:00:00.000000000,327.08,5000,327.11,4000,09:00:00.442699670,327.10,500,09:00:06.570522465,327.16,300,09:00:05.809122369,327.17,1500,09:00:51.472045700,327.1699,30,09:00:01.022629576,327.07,7300,09:00:00.000000000,327.11,4000,09:00:02.228529740,327.09,200,09:00:59.999999999,327.14,9500,327.16,1000,09:00:53.249814180,327.16,25,0.01,0.05,,327.13421,1192,2743,0,0,30,1030,523,3846,18,480,327.15437,132,1725,1753,716,0,-0.84685,-0.59347,327.12886,327.15851
20200131,SPY,09:01,09:01:00.000000000,327.14,9500,327.16,1000,09:01:00.318681276,327.14,25,09:01:39.505148925,327.20,500,09:01:39.505667494,327.21,700,09:01:36.177547469,327.68,1,09:01:26.110523722,327.07,6200,09:01:25.900310520,327.11,300,09:01:25.901042808,327.11,10,09:01:59.999999999,327.18,4500,327.21,7800,09:01:59.584140190,327.18,500,0.01,0.05,,327.1689,1398,1114,0,0,0,1729,1712,4090,27,465,327.21656,725,2603,1227,0,0,-0.05122,0.09658,327.14146,327.17051
20200131,SPY,09:02,09:02:00.000000000,327.18,4500,327.21,7800,09:02:00.781141770,327.20,45,09:02:07.503070826,327.23,300,09:02:07.503057769,327.24,600,09:02:05.245020501,327.68,1,09:02:54.431114245,327.16,6700,09:02:28.720053053,327.19,300,09:02:57.465481027,327.17,500,09:02:59.999999999,327.21,3000,327.21,400,09:02:59.767912507,327.20,1,0.01,0.05,,327.20067,1182,946,0,0,0,654,0,1496,13,104,327.23375,447,850,303,0,0,-0.53342,-0.13235,327.19092,327.22019
20200131,SPY,09:03,09:03:00.000000000,327.21,3000,327.21,400,09:03:00.769869197,327.21,15,09:03:00.000000000,327.21,3000,09:03:04.582031076,327.23,100,09:03:00.769869197,327.21,15,09:03:29.512377177,327.10,2100,09:03:23.652324740,327.13,300,09:03:28.437868876,327.12,100,09:03:59.999999999,327.16,200,327.19,13600,09:03:58.151873974,327.19,7,0.01,0.05,,327.16424,1518,1328,0,84,0,1236,715,3351,23,12,327.18333,156,375,1307,1525,0,0.22725,-0.03372,327.15322,327.18046
20200131,SPY,09:04,09:04:00.000000000,327.16,200,327.19,13600,09:04:00.786006815,327.16,33,09:04:09.776436642,327.18,300,09:04:09.778308578,327.22,2100,09:04:02.153885408,327.19,100,09:04:46.097344235,327.10,2900,09:04:47.689109351,327.13,300,09:04:50.960874756,327.10,5,09:04:59.999999999,327.12,9000,327.16,12000,09:04:59.334778994,327.12,100,0.01,0.05,,327.16242,904,2137,33,7,0,675,0,2728,21,124,327.12734,715,954,50,1133,0,-0.56048,-0.25323,327.13505,327.17004
20200131,SPY,09:05,09:05:00.000000000,327.12,9000,327.16,12000,09:05:00.520858046,327.1201,2,09:05:00.000000000,327.12,9000,09:05:00.000000000,327.16,12000,09:05:00.520858046,327.1201,2,09:05:46.825038147,327.05,4000,09:05:17.908629466,327.06,1500,09:05:46.824190012,327.06,100,09:05:59.999999999,327.05,5000,327.07,200,09:05:49.227363702,327.07,100,0.01,0.05,,327.08135,920,651,2,487,25,1150,0,2313,22,2,327.1201,436,979,0,900,0,0.0735,0.17672,327.07413,327.09931
20200131,SPY,09:06,09:06:00.000000000,327.05,5000,327.07,200,09:06:00.815504323,327.05,23,09:06:31.319580806,327.08,300,09:06:31.319981074,327.10,6500,09:06:00.824380849,327.09,100,09:06:42.902059073,327.01,100,09:06:42.898033592,327.03,1000,09:06:45.423254400,327.01,377,09:06:59.999999999,327.01,6100,327.04,10500,09:06:58.008024386,327.04,100,0.01,0.04,,327.04451,822,1025,243,0,0,2884,0,3699,30,453,327.08086,942,1906,668,636,0,0.51487,0.21605,327.03797,327.06188
20200131,SPY,09:07,09:07:00.000000000,327.01,6100,327.04,10500,09:07:00.828577903,327.01,10,09:07:55.273230641,327.08,300,09:07:55.273641329,327.10,7100,09:07:57.283059476,327.10,100,09:07:00.000000000,327.01,6100,09:07:02.913554161,327.02,300,09:07:00.828577903,327.01,10,09:07:59.999999999,327.07,17600,327.10,200,09:07:57.283059476,327.10,100,0.01,0.05,,327.03737,872,553,0,0,30,535,0,1080,14,38,327.04316,634,384,30,70,0,0.07963,-0.01111,327.02711,327.05141
20200131,SPY,09:08,09:08:00.000000000,327.07,17600,327.10,200,09:08:00.787937310,327.08,11,09:08:59.550795113,327.18,500,09:08:28.278591721,327.18,1200,09:08:28.278613465,327.16,99,09:08:00.000000000,327.07,17600,09:08:01.453570619,327.09,100,09:08:00.787937310,327.08,11,09:08:59.999999999,327.18,1500,327.18,500,09:08:59.470363577,327.16,1,0.01,0.04,,327.1219,970,413,499,0,0,501,200,1613,16,0,,750,61,802,0,0,-0.33323,-0.11759,327.12818,327.15228
20200131,SPY,09:09,09:09:00.000000000,327.18,1500,327.18,500,09:09:00.063424423,327.18,16,09:09:11.873972578,327.23,300,09:09:11.874112459,327.25,1000,09:09:14.313780298,327.24,200,09:09:22.348421574,327.16,4500,09:09:00.000000000,327.18,500,09:09:00.804436587,327.17,16,09:09:59.999999999,327.18,200,327.19,15800,09:09:58.633294645,327.20,200,0.01,0.05,,327.20798,1108,516,104,1,100,6795,16,7532,25,0,,793,797,5619,323,0,0.97484,0.38923,327.17918,327.20323
20200131,SPY,09:10,09:10:00.000000000,327.18,200,327.19,15800,09:10:00.039839502,327.18,75,09:10:54.910603786,327.20,300,09:10:54.911328583,327.24,7400,09:10:43.072602611,327.20,1,09:10:20.465514671,327.08,2300,09:10:07.996582027,327.11,1500,09:10:05.065921084,327.13,400,09:10:59.999999999,327.20,6000,327.24,11500,09:10:53.773900679,327.19,23,0.01,0.05,,327.17147,1126,1136,25,23,101,5013,0,6242,31,56,327.14094,898,1348,2623,1429,0,0.64234,0.28487,327.1388,327.16514
20200131,SPY,09:11,09:11:00.000000000,327.20,6000,327.24,11500,09:11:00.154335225,327.22,30,09:11:37.572247721,327.37,300,09:11:39.225577270,327.40,8100,09:11:43.012593934,327.39,100,09:11:00.028141989,327.18,2900,09:11:00.027308425,327.21,1500,09:11:00.154335225,327.22,30,09:11:59.999999999,327.33,1300,327.34,5000,09:11:55.835049563,327.36,1,0.01,0.06,,327.27523,4368,2961,1542,657,0,12096,0,15592,56,1664,327.32222,5081,2788,6887,2500,0,0.60909,0.41642,327.31705,327.34695
20200131,SPY,09:12,09:12:00.000000000,327.33,1300,327.34,5000,09:12:00.840122667,327.33,172,09:12:55.135833807,327.41,100,09:12:55.605219590,327.44,11300,09:12:55.354566513,327.43,400,09:12:08.687921063,327.28,2200,09:12:08.686951530,327.30,300,09:12:07.891439444,327.30,100,09:12:59.999999999,327.39,1100,327.42,3000,09:12:58.921151134,327.39,15,0.01,0.05,,327.34919,2806,7305,754,1,10,4277,1123,12351,64,1119,327.39082,2463,4098,4158,2751,0,-0.26435,-0.08368,327.33451,327.36498
20200131,SPY,09:13,09:13:00.000000000,327.39,1100,327.42,3000,09:13:00.827731663,327.38,134,09:13:01.381059283,327.41,300,09:13:01.380970554,327.44,13300,09:13:06.328644444,327.40,399,09:13:59.056091868,327.25,5700,09:13:59.055377558,327.28,300,09:13:59.055777966,327.29,14,09:13:59.999999999,327.27,20000,327.28,100,09:13:59.055777966,327.29,14,0.01,0.05,,327.38499,1414,2279,5,1000,150,9452,215,12900,51,201,327.38998,1532,3769,4102,3698,0,0.75516,0.33249,327.36568,327.39255
20200131,SPY,09:14,09:14:00.000000000,327.27,20000,327.28,100,09:14:00.038263487,327.27,41,09:14:51.317567355,327.33,300,09:14:34.159214898,327.35,9800,09:14:50.121449595,327.34,100,09:14:00.398652648,327.25,6700,09:14:00.000000000,327.28,100,09:14:00.831270104,327.26,14,09:14:59.999999999,327.33,2000,327.35,1000,09:14:50.121449595,327.34,100,0.01,0.05,,327.28419,1598,1108,150,0,112,162,240,1600,16,172,327.31791,336,955,136,345,0,-0.35156,-0.34125,327.294,327.32
20200131,SPY,09:15,09:15:00.000000000,327.33,2000,327.35,1000,09:15:00.607212482,327.35,1000,09:15:44.709499767,327.39,300,09:15:00.608734654,327.40,10900,09:15:44.802925614,327.3999,100,09:15:01.140882312,327.28,1800,09:15:01.272338755,327.30,300,09:15:13.478183692,327.3101,25,09:15:59.999999999,327.37,9000,327.40,1200,09:15:44.802925614,327.3999,100,0.01,0.05,,327.34,2026,2518,25,0,100,483,0,2001,8,1125,327.33577,1600,42,1001,483,0,-0.51749,-0.25912,327.33432,327.36635
20200131,SPY,09:16,09:16:00.000000000,327.37,9000,327.40,1200,09:16:00.840069621,327.35,31,09:16:17.511280694,327.41,300,09:16:16.904140475,327.43,600,09:16:19.725766370,327.43,100,09:16:00.661047530,327.35,6500,09:16:55.558458657,327.37,600,09:16:00.840069621,327.35,31,09:16:59.999999999,327.36,4300,327.39,12500,09:16:58.265297472,327.37,124,0.01,0.04,,327.38601,774,2343,0,0,100,4377,0,6544,25,276,327.39812,1665,1408,747,3000,0,0.72502,0.16376,327.38076,327.4021
20200131,SPY,09:17,09:17:00.000000000,327.36,4300,327.39,12500,09:17:00.842178694,327.36,68,09:17:04.577928662,327.37,400,09:17:00.000000000,327.39,12500,09:17:02.329560348,327.39,250,09:17:44.671476750,327.25,5900,09:17:41.321863818,327.28,300,09:17:44.671582308,327.28,200,09:17:59.999999999,327.26,6000,327.29,17300,09:17:53.673430354,327.28,300,0.01,0.05,,327.32726,984,1371,400,0,0,3469,0,4837,27,403,327.33985,650,1510,30,3050,0,0.56543,0.16226,327.30898,327.33399
20200131,SPY,09:18,09:18:00.000000000,327.26,6000,327.29,17300,09:18:00.845757508,327.28,25,09:18:00.000000000,327.26,6000,09:18:00.000000000,327.29,17300,09:18:00.845757508,327.28,25,09:18:11.985192493,327.20,1200,09:18:11.952097946,327.21,300,09:18:26.425464300,327.20,34,09:18:59.999999999,327.20,8100,327.23,2300,09:18:59.557682219,327.2001,50,0.01,0.04,,327.22991,1106,1951,175,0,25,410,101,2378,20,284,327.20706,200,911,125,1426,0,-0.44197,-0.39154,327.20975,327.23069
20200131,SPY,09:19,09:19:00.000000000,327.20,8100,327.23,2300,09:19:00.847088870,327.20,26,09:19:24.398940940,327.22,300,09:19:24.402600846,327.24,6100,09:19:59.737792513,327.2101,25,09:19:00.000000000,327.20,8100,09:19:01.843232512,327.21,300,09:19:00.847088870,327.20,26,09:19:59.999999999,327.21,200,327.24,7500,09:19:59.737792513,327.2101,25,0.01,0.04,,327.20535,864,602,25,0,0,490,0,916,14,201,327.20126,125,226,390,376,0,-0.29367,0.03493,327.20112,327.22297
20200131,SPY,09:20,09:20:00.000000000,327.21,200,327.24,7500,09:20:00.850072004,327.21,11,09:20:58.051946565,327.25,300,09:20:58.052044456,327.28,5000,09:20:58.052093398,327.25,1,09:20:10.007623920,327.17,3000,09:20:14.674376129,327.18,300,09:20:14.674719451,327.18,1,09:20:59.999999999,327.24,4000,327.27,4500,09:20:58.052093398,327.25,1,0.01,0.04,,327.22906,824,5257,119,2,0,5166,763,10375,19,932,327.24,1864,912,6587,1944,0,-0.4026,-0.04389,327.19951,327.22845
20200131,SPY,09:21,09:21:00.000000000,327.24,4000,327.27,4500,09:21:00.028736383,327.24,46,09:21:00.000000000,327.24,4000,09:21:00.000000000,327.27,4500,09:21:00.028736383,327.24,46,09:21:50.340794236,327.12,9100,09:21:55.437281149,327.12,300,09:21:50.263338264,327.15,1500,09:21:59.999999999,327.12,9000,327.15,2000,09:21:55.404971935,327.15,25,0.01,0.05,,327.17285,1100,2400,60,1,0,2951,0,5411,22,1,327.19,1004,2700,100,1608,0,0.22824,0.05055,327.1714,327.19308
20200131,SPY,09:22,09:22:00.000000000,327.12,9000,327.15,2000,09:22:00.857941833,327.12,54,09:22:03.684070804,327.17,300,09:22:05.049032880,327.19,8700,09:22:03.684146877,327.17,300,09:22:45.736250698,327.07,1600,09:22:47.049756269,327.08,300,09:22:55.089182238,327.07,300,09:22:59.999999999,327.07,6000,327.10,6000,09:22:55.092769610,327.07,318,0.01,0.05,,327.12476,1854,18061,274,80,1501,5167,1705,21414,73,5374,327.13783,4246,4150,823,17569,0,-0.39988,-0.29019,327.1112,327.13965
20200131,SPY,09:23,09:23:00.000000000,327.07,6000,327.10,6000,09:23:00.877006793,327.07,267,09:23:25.150223697,327.10,500,09:23:25.153020314,327.14,8100,09:23:06.641576871,327.11,1,09:23:00.000000000,327.07,6000,09:23:00.042626348,327.08,300,09:23:00.877006793,327.07,267,09:23:59.999999999,327.07,14400,327.10,200,09:23:57.696767526,327.10,100,0.01,0.05,,327.08689,1150,849,100,0,50,368,7,1068,13,306,327.07016,201,682,1,490,0,0.08942,0.08037,327.07611,327.10481
20200131,SPY,09:24,09:24:00.000000000,327.07,14400,327.10,200,09:24:00.880870850,327.07,13,09:24:20.010499638,327.13,300,09:24:20.010672680,327.16,2600,09:24:52.750239643,327.14,1500,09:24:00.000000000,327.07,14400,09:24:00.000000000,327.10,200,09:24:00.880870850,327.07,13,09:24:59.999999999,327.10,6800,327.14,7800,09:24:58.375465350,327.10,12,0.01,0.05,,327.13776,972,95,0,0,4,4496,1000,5558,15,37,327.07973,2538,25,3007,25,0,1.19737,0.39936,327.10415,327.14
20200131,SPY,09:25,09:25:00.000000000,327.10,6800,327.14,7800,09:25:00.916710280,327.10,55,09:25:00.000000000,327.10,6800,09:25:00.000000000,327.14,7800,09:25:00.916710280,327.10,55,09:25:16.215022001,326.95,6500,09:25:14.837108193,326.97,300,09:25:09.246806912,326.96,14,09:25:59.999999999,326.98,3100,327.01,2000,09:25:56.019414684,327.01,100,0.01,0.05,,327.0203,2360,5089,1103,0,323,5284,5556,17352,77,3,327.03,882,2049,943,13481,0,0.06141,-0.0665,327.01579,327.04381
20200131,SPY,09:26,09:26:00.000000000,326.98,3100,327.01,2000,09:26:00.867865997,327.00,20,09:26:17.154745144,327.03,400,09:26:04.475685159,327.05,5500,09:26:17.841679924,327.03,100,09:26:44.853221410,326.93,600,09:26:44.852285691,326.96,300,09:26:01.420020085,326.97,1497,09:26:59.999999999,326.97,10400,327.02,12700,09:26:55.823531886,326.97,7,0.01,0.05,,326.99492,1266,3363,492,130,0,1802,623,6299,31,111,326.97,607,2055,1023,2725,0,-0.4161,-0.14075,326.98934,327.01558
20200131,SPY,09:27,09:27:00.000000000,326.97,10400,327.02,12700,09:27:00.054299902,326.97,30,09:27:06.238096875,327.01,300,09:27:12.787006774,327.04,9700,09:27:22.173857491,327.04,200,09:27:00.000000000,326.97,10400,09:27:58.380104813,326.98,1000,09:27:00.054299902,326.97,30,09:27:59.999999999,326.98,100,326.98,1500,09:27:58.545157286,326.99,70,0.01,0.05,,326.99939,1136,9192,29,485,1000,11263,1528,23447,61,50,327.00,3291,4309,7485,8412,0,0.1088,0.07115,326.99589,327.02154
20200131,SPY,09:28,09:28:00.000000000,326.98,100,326.98,1500,09:28:00.016393280,326.98,100,09:28:00.000000000,326.98,100,09:28:15.123359214,327.00,13200,09:28:08.524241344,326.99,10,09:28:26.846157840,326.92,100,09:28:00.111373714,326.93,500,09:28:00.060772725,326.93,200,09:28:59.999999999,326.92,300,326.94,2300,09:28:59.970994664,326.94,18,0.01,0.05,,326.95961,2382,4512,250,1000,399,15088,600,21749,62,100,326.9899,4377,6577,2477,8418,0,0.3788,0.07268,326.94028,326.9645
20200131,SPY,09:29,09:29:00.000000000,326.92,300,326.94,2300,09:29:00.359479345,326.94,200,09:29:59.982293693,326.99,500,09:29:30.028899490,327.00,11600,09:29:33.364450243,326.99,183,09:29:02.591973910,326.90,2100,09:29:02.787637863,326.91,500,09:29:00.898547819,326.92,100,09:29:59.999999999,326.99,2600,326.99,300,09:29:59.999182774,326.99,600,0.01,0.05,,326.95528,3116,15487,1018,377,600,29442,3449,50362,106,11,326.96182,10125,10619,16263,13366,0,0.14723,0.10135,326.93867,326.95917
20200131,SPY,09:30,09:30:00.000000000,326.99,2600,326.99,300,09:30:00.007138424,327.00,1,09:30:08.100746336,327.13,100,09:30:06.783498368,327.14,2800,09:30:06.868238578,327.14,2,09:30:42.043726957,326.89,3500,09:30:42.043748256,326.90,300,09:30:40.455170315,326.90,100,09:30:59.999999999,326.97,300,326.98,1100,09:30:59.647114310,326.97,100,0.01,0.04,,326.99204,21270,377701,7445,43440,8780,150546,32309,552096,2546,68125,326.98544,77451,291498,142582,108690,0,-0.98433,-1.00083,326.98992,327.0041
20200131,SPY,09:31,09:31:00.000000000,326.97,300,326.98,1100,09:31:00.015349075,326.97,100,09:31:14.022879249,327.16,100,09:31:13.994377497,327.17,1400,09:31:14.264172545,327.17,100,09:31:47.014021333,326.80,6200,09:31:47.012698539,326.82,400,09:31:46.940351784,326.82,17,09:31:59.999999999,326.90,11300,326.92,1200,09:31:59.942780160,326.92,200,0.01,0.02,,326.97943,29278,131045,16383,79839,7739,124056,28398,298584,2531,88876,326.98486,63993,83404,127720,112343,0,-0.00552,-0.00754,326.98263,326.99399
20200131,SPY,09:32,09:32:00.000000000,326.90,11300,326.92,1200,09:32:00.092503449,326.91,15,09:32:00.009498166,326.91,100,09:32:00.000000000,326.92,1200,09:32:05.121577459,326.97,1,09:32:46.273733750,326.48,2700,09:32:46.273017932,326.50,600,09:32:46.917112123,326.49,100,09:32:59.999999999,326.50,17800,326.51,100,09:32:59.908675556,326.50,200,0.01,0.02,,326.63137,28920,147197,4373,36885,18981,95499,41184,266355,2251,77764,326.64048,50732,56592,88009,148786,0,-0.05741,-0.04063,326.62764,326.63987
20200131,SPY,09:33,09:33:00.000000000,326.50,17800,326.51,100,09:33:00.009924091,326.52,50,09:33:58.755559901,326.55,500,09:33:58.755988400,326.57,2100,09:33:57.734359194,326.55,30,09:33:06.396967398,326.35,3600,09:33:06.396642575,326.36,500,09:33:06.848244125,326.35,1,09:33:59.999999999,326.52,1600,326.53,900,09:33:59.938710846,326.53,16,0.01,0.03,,326.43493,33494,111478,3634,34430,9153,148762,24486,293526,2493,38417,326.44389,52448,51890,135538,92067,0,0.11243,0.1082,326.43956,326.45122
20200131,SPY,09:34,09:34:00.000000000,326.52,1600,326.53,900,09:34:00.000698085,326.52,100,09:34:27.480255135,326.59,100,09:34:27.480255135,326.60,1200,09:34:38.558358386,326.97,1,09:34:13.590867593,326.31,2300,09:34:13.591267783,326.32,100,09:34:13.687314672,326.3199,77,09:34:59.999999999,326.50,1900,326.51,500,09:34:59.829153697,326.5050,100,0.01,0.02,,326.46285,46416,103121,3414,35119,10416,94386,24514,220920,1946,50050,326.48772,45061,36348,109626,79935,0,0.00427,0.007,326.43945,326.45072
20200131,SPY,09:35,09:35:00.000000000,326.50,1900,326.51,500,09:35:00.000745824,326.50,300,09:35:00.000000000,326.50,1900,09:35:00.000000000,326.51,500,09:35:07.055339806,326.97,1,09:35:59.013899959,326.16,1700,09:35:59.013899959,326.17,500,09:35:59.013782532,326.17,100,09:35:59.999999999,326.16,1200,326.17,2200,09:35:59.885331577,326.17,100,0.01,0.03,,326.29725,44116,163414,7365,26688,4106,111540,35673,306620,2502,42166,326.28549,54190,49837,105445,139314,0,-0.16094,-0.14866,326.26499,326.27642
20200131,SPY,09:36,09:36:00.000000000,326.16,1200,326.17,2200,09:36:00.000680830,326.16,100,09:36:38.125755260,326.37,100,09:36:38.032318482,326.38,1600,09:36:20.648111355,326.97,67,09:36:04.272374252,326.07,1900,09:36:04.272757605,326.08,200,09:36:04.271880615,326.08,500,09:36:59.999999999,326.22,100,326.23,2400,09:36:59.750958819,326.2250,100,0.01,0.04,,326.27734,40480,104091,13054,30775,6137,121019,18049,247087,2145,46038,326.27896,43702,51530,103771,94122,0,0.11222,0.09125,326.23983,326.25233
20200131,SPY,09:37,09:37:00.000000000,326.22,100,326.23,2400,09:37:00.124995499,326.2250,55,09:37:25.901999859,326.28,300,09:37:25.902031933,326.29,2300,09:37:25.901926704,326.28,100,09:37:45.178163740,326.14,2100,09:37:45.181718574,326.15,100,09:37:45.180309328,326.15,1,09:37:59.999999999,326.22,2600,326.23,700,09:37:59.855649336,326.22,40,0.01,0.02,,326.21193,35216,63849,3995,16414,5294,55424,18791,143298,1335,20469,326.21699,31394,23707,52380,56286,0,0.06077,0.06012,326.20654,326.21899
20200131,SPY,09:38,09:38:00.000000000,326.22,2600,326.23,700,09:38:00.136336449,326.2232,79,09:38:48.261478768,326.26,500,09:38:48.261426799,326.27,7200,09:38:48.264886615,326.27,100,09:38:16.503498138,326.06,2800,09:38:16.477527416,326.08,200,09:38:16.503149636,326.08,1,09:38:59.999999999,326.25,1700,326.26,1800,09:38:59.957052601,326.25,7,0.01,0.04,,326.19734,29932,51693,2761,16546,5968,70339,4389,132362,1236,19334,326.20349,26508,28770,45056,51362,0,0.09201,0.0756,326.19047,326.20314
20200131,SPY,09:39,09:39:00.000000000,326.25,1700,326.26,1800,09:39:00.011145668,326.26,23,09:39:36.706103777,326.68,500,09:39:36.710543096,326.70,800,09:39:36.698050956,326.70,300,09:39:00.000000000,326.25,1700,09:39:00.000000000,326.26,1800,09:39:00.011145668,326.26,23,09:39:59.999999999,326.57,3400,326.59,2700,09:39:59.737283451,326.58,280,0.01,0.11,,326.56531,31542,89725,9329,30198,8173,126368,29396,250524,2102,42665,326.54348,60422,44268,119844,68655,0,0.35097,0.30733,326.50167,326.5141
20200131,SPY,09:40,09:40:00.000000000,326.57,3400,326.59,2700,09:40:00.005706121,326.5780,10,09:40:00.000000000,326.57,3400,09:40:00.000000000,326.59,2700,09:40:00.046449611,326.58,100,09:40:20.403477596,326.25,900,09:40:20.403519151,326.26,300,09:40:06.099904586,326.2050,200000,09:40:59.999999999,326.41,2100,326.43,1700,09:40:59.584348015,326.42,109,0.01,0.04,,326.29523,35390,283538,9705,23056,5465,84255,15005,374656,1692,46368,326.38264,39297,245712,68472,67543,0,-8.84948,-4.44017,326.37816,326.39103
20200131,SPY,09:41,09:41:00.000000000,326.41,2100,326.43,1700,09:41:00.009583157,326.42,1,09:41:00.056092917,326.43,500,09:41:00.056124225,326.44,1200,09:41:00.055952043,326.43,100,09:41:16.922749227,326.20,1100,09:41:18.454926290,326.21,100,09:41:22.887910496,326.20,100,09:41:59.999999999,326.21,1000,326.22,200,09:41:59.459103191,326.22,100,0.01,0.03,,326.27267,21900,57474,5669,14512,4169,29108,9622,93642,1073,26912,326.27573,16226,28667,22803,52858,0,-0.23086,-0.23019,326.25779,326.2708
20200131,SPY,09:42,09:42:00.000000000,326.21,1000,326.22,200,09:42:00.003745948,326.21,200,09:42:58.884471944,326.36,100,09:42:58.798235775,326.37,1300,09:42:59.667676878,326.38,1000,09:42:18.542253750,326.08,5400,09:42:18.542544364,326.09,100,09:42:00.101987730,326.09,100,09:42:59.999999999,326.35,2800,326.37,1700,09:42:59.964341869,326.36,100,0.01,0.10,,326.21231,26672,87777,7088,25702,16933,119372,50137,277327,2683,29682,326.24363,56495,51924,78490,120100,0,0.00152,-0.0329,326.20097,326.21495
20200131,SPY,09:43,09:43:00.000000000,326.35,2800,326.37,1700,09:43:00.014186842,326.36,315,09:43:02.926498676,326.37,100,09:43:02.877407440,326.38,12700,09:43:02.929124540,326.38,100,09:43:54.822858149,326.13,1900,09:43:54.822858149,326.14,500,09:43:55.058737262,326.1399,2,09:43:59.999999999,326.15,2100,326.16,500,09:43:59.763786567,326.16,18,0.01,0.02,,326.24428,22990,38869,5915,23503,1823,57819,8407,102926,1012,33410,326.22308,26023,29789,38899,41625,0,0.02602,0.02857,326.22906,326.24228
20200131,SPY,09:44,09:44:00.000000000,326.15,2100,326.16,500,09:44:00.494752076,326.16,100,09:44:24.777802686,326.21,100,09:44:23.927631299,326.22,2100,09:44:21.921013532,326.21,2,09:44:42.094760421,326.04,2100,09:44:42.742304635,326.05,100,09:44:43.154821825,326.04,200,09:44:59.999999999,326.08,1000,326.10,2200,09:44:59.979683508,326.10,300,0.01,0.02,,326.11716,18624,40474,7722,22396,1233,59272,4911,107185,1128,28823,326.11128,27860,31664,39629,36855,0,-0.01626,-0.02397,326.11666,326.12982
20200131,SPY,09:45,09:45:00.000000000,326.08,1000,326.10,2200,09:45:00.070468676,326.08,100,09:45:00.000000000,326.08,1000,09:45:00.000000000,326.10,2200,09:45:59.935912716,326.1490,50,09:45:53.444612325,325.87,2900,09:45:55.192428676,325.88,100,09:45:54.882409892,325.88,2,09:45:59.999999999,325.90,2000,325.92,8600,09:45:59.953683988,325.91,100,0.01,0.03,,325.97341,17966,123036,9372,34012,7054,75175,10441,195204,1773,63886,326.01205,37315,49436,73539,98800,0,-0.16616,-0.1362,325.96456,325.98037
20200131,SPY,09:46,09:46:00.000000000,325.90,2000,325.92,8600,09:46:00.009809250,325.91,100,09:46:06.100148378,325.92,300,09:46:06.098586793,325.93,2200,09:46:00.014212704,326.1490,50,09:46:40.794485314,325.74,2100,09:46:40.794457546,325.75,200,09:46:40.800716605,325.74,59,09:46:59.999999999,325.85,600,325.86,2000,09:46:59.929697336,325.86,132,0.01,0.02,,325.84485,20106,86946,8076,15652,3935,95857,15546,190880,1440,35132,325.83501,35386,33847,99873,56906,0,0.03344,0.03567,325.81805,325.83071
20200131,SPY,09:47,09:47:00.000000000,325.85,600,325.86,2000,09:47:00.111262332,325.8550,100,09:47:46.539440315,326.05,100,09:47:46.539440315,326.06,1600,09:47:47.366785690,326.06,40,09:47:00.122017322,325.84,300,09:47:00.122017322,325.85,200,09:47:00.256842081,325.84,88,09:47:59.999999999,325.96,1100,325.97,600,09:47:59.957103462,325.96,100,0.01,0.02,,325.96406,24794,47256,2795,25833,13932,54783,16433,122975,1307,38057,325.974,27843,26781,49881,56527,0,0.06619,0.06668,325.957,325.97096
20200131,SPY,09:48,09:48:00.000000000,325.96,1100,325.97,600,09:48:00.306096352,325.9550,200,09:48:30.357193137,326.03,200,09:48:30.365293626,326.04,4500,09:48:30.357017656,326.04,300,09:48:05.263735917,325.90,1100,09:48:05.263735917,325.91,500,09:48:02.039424300,325.91,3,09:48:59.999999999,325.93,100,325.94,7100,09:48:59.838888207,325.95,22,0.01,0.03,,325.95997,20870,74254,1708,15492,3014,55958,8920,136380,1270,22966,325.95176,20318,24937,44231,69860,0,-0.14162,-0.13938,325.95141,325.96402
20200131,SPY,09:49,09:49:00.000000000,325.93,100,325.94,7100,09:49:00.082570018,325.9350,100,09:49:25.670726056,326.02,100,09:49:25.670590191,326.03,1200,09:49:26.436801132,326.0288,1,09:49:47.516018541,325.82,2500,09:49:47.635278771,325.83,200,09:49:48.002003260,325.82,100,09:49:59.999999999,325.93,1900,325.95,11900,09:49:59.987135043,325.94,3,0.01,0.03,,325.91748,21064,31291,2762,12392,2470,59503,5673,98088,942,16003,325.91919,16054,20018,50289,27730,0,0.1383,0.13558,325.92168,325.9343
20200131,SPY,09:50,09:50:00.000000000,325.93,1900,325.95,11900,09:50:00.271899615,325.93,100,09:50:14.600535474,326.09,700,09:50:14.600623829,326.10,900,09:50:14.523587470,326.09,5,09:50:55.848117264,325.56,6800,09:50:55.847987229,325.57,400,09:50:56.553233474,325.56,8,09:50:59.999999999,325.58,1400,325.59,1100,09:50:59.936914236,325.58,100,0.01,0.02,,325.85578,27818,165170,10928,27760,6108,82347,33802,280497,2211,45618,325.77439,38617,39346,90641,157511,0,-0.11911,-0.10909,325.81617,325.82853
20200131,SPY,09:51,09:51:00.000000000,325.58,1400,325.59,1100,09:51:00.009744117,325.59,3,09:51:12.650483509,325.68,600,09:51:12.650544582,325.69,900,09:51:17.822441201,326.1727,22000,09:51:57.503612975,325.51,3600,09:51:57.503371503,325.52,100,09:51:57.657010888,325.51,100,09:51:59.999999999,325.51,1900,325.52,500,09:51:59.863253238,325.52,100,0.01,0.03,,325.57527,32356,150588,3095,19732,8461,77637,18738,223855,1812,54396,325.82035,53934,38613,58599,127105,0,-0.25858,-0.22381,325.58646,325.59925
20200131,SPY,09:52,09:52:00.000000000,325.51,1900,325.52,500,09:52:00.013397146,325.51,100,09:52:23.033558404,325.57,500,09:52:23.033558404,325.58,1900,09:52:59.070755837,325.58,31,09:52:43.284233625,325.42,1800,09:52:43.367363961,325.43,100,09:52:42.768209409,325.43,20,09:52:59.999999999,325.55,900,325.56,1700,09:52:59.829951512,325.55,5,0.01,0.02,,325.50173,27832,64822,3976,8366,8242,68841,20406,137385,1237,37268,325.51018,20895,19915,59478,74365,0,-0.00702,0.00251,325.50136,325.51386
20200131,SPY,09:53,09:53:00.000000000,325.55,900,325.56,1700,09:53:00.034118059,325.56,24,09:53:11.647813147,325.71,100,09:53:11.647725100,325.72,1600,09:53:12.644031532,325.72,100,09:53:51.190290375,325.44,2900,09:53:51.190718096,325.45,500,09:53:50.005518349,325.45,100,09:53:59.999999999,325.55,1700,325.56,500,09:53:59.862848100,325.5553,250,0.01,0.03,,325.57944,29628,63322,2387,14704,14391,90263,29789,182414,1490,32442,325.59309,24131,34422,80267,76036,0,0.08277,0.07373,325.57494,325.58767
20200131,SPY,09:54,09:54:00.000000000,325.55,1700,325.56,500,09:54:00.065431412,325.55,5,09:54:58.562010563,325.64,200,09:54:45.647050323,325.65,3800,09:54:08.828134279,325.6776,34,09:54:09.116988114,325.45,2100,09:54:09.327652480,325.46,100,09:54:09.327316986,325.46,121,09:54:59.999999999,325.61,1300,325.62,600,09:54:59.659425836,325.6105,150,0.01,0.03,,325.58072,24872,57066,3590,11658,3913,69717,8014,125765,1423,28193,325.59315,21522,18326,58928,55182,0,0.06513,0.06797,325.56284,325.57535
20200131,SPY,09:55,09:55:00.000000000,325.61,1300,325.62,600,09:55:00.001102471,325.62,100,09:55:59.963650443,325.83,200,09:55:59.339755951,325.84,1800,09:55:49.328189306,325.84,200,09:55:05.509942326,325.58,2300,09:55:05.509934314,325.59,700,09:55:05.511847394,325.58,100,09:55:59.999999999,325.83,2200,325.84,200,09:55:59.987653807,325.84,60,0.01,0.02,,325.70219,22860,52850,4011,9605,10952,128990,18826,197829,1546,27405,325.72509,34274,30707,91402,68851,0,0.41848,0.40319,325.70586,325.71887
20200131,SPY,09:56,09:56:00.000000000,325.83,2200,325.84,200,09:56:00.464910616,325.84,100,09:56:23.508396221,325.90,100,09:56:23.508080662,325.91,2500,09:56:23.507312805,325.90,24,09:56:52.591781278,325.72,1300,09:56:52.591664654,325.73,900,09:56:19.616997707,325.7097,10,09:56:59.999999999,325.81,1300,325.82,1000,09:56:59.972881507,325.8199,200,0.01,0.02,,325.82421,21122,51160,5840,16445,2319,76945,13749,128321,1228,38137,325.82375,19791,22592,69615,54460,0,0.18608,0.16582,325.80899,325.82242
20200131,SPY,09:57,09:57:00.000000000,325.81,1300,325.82,1000,09:57:00.034033868,325.8106,900,09:57:56.922850474,325.95,200,09:57:56.922468741,325.96,1400,09:57:57.591075034,325.96,100,09:57:02.272847737,325.76,2100,09:57:02.273575025,325.77,100,09:57:02.287915877,325.76,70,09:57:59.999999999,325.94,2700,325.95,600,09:57:59.524606131,325.9401,43,0.01,0.02,,325.86269,15104,45990,4318,12980,2207,71360,11795,123250,1125,25400,325.84556,20812,19466,69701,38671,0,0.07991,0.06994,325.85767,325.86989
20200131,SPY,09:58,09:58:00.000000000,325.94,2700,325.95,600,09:58:00.017569343,325.9488,100,09:58:43.755975264,326.17,100,09:58:43.755088004,326.18,700,09:58:44.334208817,326.18,100,09:58:03.579308514,325.93,1900,09:58:03.579130994,325.94,100,09:58:03.591021443,325.93,100,09:58:59.999999999,326.08,7700,326.09,100,09:58:59.931691600,326.0834,200,0.01,0.03,,326.03857,16260,61491,6100,18289,7445,166723,9466,136594,1439,132920,325.98988,126610,26645,57957,58302,0,0.03698,0.02641,326.03067,326.04364
20200131,SPY,09:59,09:59:00.000000000,326.08,7700,326.09,100,09:59:00.060623366,326.08,200,09:59:43.208249563,326.13,100,09:59:43.207587888,326.14,2000,09:59:40.002634777,326.13,1,09:59:54.531113974,326.00,3100,09:59:54.531035709,326.02,100,09:59:54.535163078,326.0010,100,09:59:59.999999999,326.04,200,326.05,1900,09:59:59.826765026,326.05,1,0.01,0.02,,326.09212,9406,36561,5170,17556,4583,61321,13236,121579,1042,16848,326.0763,20546,18730,61226,37925,0,0.13319,0.12092,326.0761,326.09012
20200131,SPY,10:00,10:00:00.000000000,326.04,200,326.05,1900,10:00:00.102987195,326.04,10,10:00:00.000000000,326.04,200,10:00:00.000000000,326.05,1900,10:00:00.102987195,326.04,10,10:00:39.946155515,325.80,1700,10:00:59.760526524,325.81,300,10:00:40.208514046,325.8001,500,10:00:59.999999999,325.80,3400,325.82,1300,10:00:59.990248627,325.81,306,0.01,0.03,,325.90873,13894,29773,12252,19138,3914,51164,6468,79849,826,42860,325.9443,22650,32539,36979,30541,0,0.14584,0.08677,325.88244,325.89796
20200131,SPY,10:01,10:01:00.000000000,325.80,3400,325.82,1300,10:01:00.013821203,325.8024,36,10:01:16.200181635,325.84,100,10:01:16.198383933,325.85,4500,10:01:20.184226977,325.85,100,10:01:38.636133777,325.61,3000,10:01:38.744717981,325.62,500,10:01:38.744583540,325.62,100,10:01:59.999999999,325.79,2500,325.80,200,10:01:59.857438674,325.8073,10,0.01,0.04,,325.76221,31366,79036,5168,16370,4980,89182,22890,188582,1339,29044,325.77191,35399,35070,72305,74852,0,-0.01806,0.00092,325.75834,325.77132
20200131,SPY,10:02,10:02:00.000000000,325.79,2500,325.80,200,10:02:00.011712403,325.80,200,10:02:00.149832394,325.82,100,10:02:03.006474231,325.84,4900,10:02:03.007609987,325.83,41,10:02:43.384299030,325.53,800,10:02:43.384112053,325.54,700,10:02:46.298795041,325.53,39,10:02:59.999999999,325.55,2500,325.57,2600,10:02:59.527648908,325.56,100,0.01,0.02,,325.63906,27722,52717,6931,4792,4569,23981,16923,93101,904,16812,325.63622,14859,22185,24117,48752,0,-0.20786,-0.21364,325.63481,325.64795
20200131,SPY,10:03,10:03:00.000000000,325.55,2500,325.57,2600,10:03:00.109516701,325.55,2,10:03:15.691399481,325.71,100,10:03:15.694346900,325.73,2800,10:03:15.691376997,325.71,100,10:03:56.097473587,325.42,2500,10:03:57.322662801,325.43,100,10:03:59.882192469,325.42,5,10:03:59.999999999,325.42,3000,325.44,1800,10:03:59.905918985,325.4375,25,0.01,0.02,,325.55868,29152,54568,6579,11405,3336,56643,16900,120324,1316,29107,325.58671,18118,28462,39989,62862,0,0.04581,0.02664,325.55337,325.56604
20200131,SPY,10:04,10:04:00.000000000,325.42,3000,325.44,1800,10:04:00.135642527,325.43,100,10:04:00.135661344,325.43,1000,10:04:00.000000000,325.44,1800,10:04:01.888413118,325.44,6,10:04:33.419585423,325.16,600,10:04:33.419571636,325.17,400,10:04:33.629696052,325.16,7,10:04:59.999999999,325.33,1800,325.34,700,10:04:59.885824041,325.3325,200,0.01,0.02,,325.28816,31854,134218,13960,20900,15681,79031,28961,233489,2194,59262,325.30856,48233,52497,61629,130392,0,-0.24139,-0.24087,325.27708,325.28983
20200131,SPY,10:05,10:05:00.000000000,325.33,1800,325.34,700,10:05:00.024290923,325.34,100,10:05:15.728270470,325.46,400,10:05:15.710091995,325.47,2600,10:05:55.940364463,325.4941,67,10:05:51.273081722,325.20,3000,10:05:51.273174648,325.21,100,10:05:52.300244321,325.20,22,10:05:59.999999999,325.24,4400,325.25,100,10:05:59.811639427,325.25,500,0.01,0.02,,325.35173,32028,68395,9027,20005,6167,83374,28640,161419,1876,54189,325.35383,35473,47533,70743,61859,0,0.11402,0.10603,325.31653,325.32736
20200131,SPY,10:06,10:06:00.000000000,325.24,4400,325.25,100,10:06:00.023948752,325.26,225,10:06:34.841844518,325.54,300,10:06:34.841860083,325.55,1000,10:06:37.891771471,325.55,2,10:06:01.463996128,325.21,2500,10:06:01.464273628,325.22,100,10:06:01.481189299,325.22,100,10:06:59.999999999,325.43,1400,325.44,2100,10:06:59.688268797,325.4361,10,0.01,0.02,,325.43562,25186,44464,4826,14763,14205,104478,15575,156049,1434,42262,325.44621,35929,28055,84247,50080,0,0.16751,0.15077,325.41799,325.42953
20200131,SPY,10:07,10:07:00.000000000,325.43,1400,325.44,2100,10:07:00.029736253,325.43,21,10:07:06.422680884,325.51,200,10:07:06.422364892,325.52,2700,10:07:06.431397049,325.52,100,10:07:54.187311473,325.26,2400,10:07:54.222276409,325.27,100,10:07:53.304423668,325.28,2,10:07:59.999999999,325.33,1700,325.35,4800,10:07:59.312808808,325.34,2,0.01,0.02,,325.43862,26746,34263,3094,9640,2742,64491,14209,104461,953,23978,325.42774,17874,18832,55419,36314,0,0.08988,0.09094,325.42287,325.43612
20200131,SPY,10:08,10:08:00.000000000,325.33,1700,325.35,4800,10:08:00.320895715,325.35,287,10:08:00.433385658,325.36,300,10:08:00.336559105,325.37,2900,10:08:34.795428656,325.41,125000,10:08:54.170937395,325.16,2200,10:08:53.178327054,325.18,100,10:08:54.173333691,325.16,10,10:08:59.999999999,325.17,2200,325.18,9500,10:08:59.929261764,325.17,300,0.01,0.02,,325.26961,23768,68647,5183,9990,4416,260848,17705,197993,1421,168796,325.37616,156806,31500,82511,95972,0,0.2083,0.1851,325.26529,325.27731
20200131,SPY,10:09,10:09:00.000000000,325.17,2200,325.18,9500,10:09:00.190229190,325.17,200,10:09:22.509347266,325.35,700,10:09:22.511085500,325.37,1400,10:09:22.510978728,325.36,200,10:09:00.439855709,325.13,2000,10:09:00.440119276,325.14,100,10:09:00.453438052,325.13,100,10:09:59.999999999,325.23,600,325.24,2300,10:09:59.690850907,325.26,2,0.01,0.02,,325.25834,26226,47867,3529,10377,8612,30983,14680,88556,1098,27492,325.24994,18145,22871,23063,51969,0,-0.10416,-0.10171,325.26352,325.27629
20200131,SPY,10:10,10:10:00.000000000,325.23,600,325.24,2300,10:10:00.025294936,325.23,100,10:10:36.275783004,325.30,100,10:10:36.275776591,325.31,2500,10:10:01.125939684,325.3444,145755,10:10:16.463765524,325.08,3700,10:10:16.463801798,325.09,100,10:10:18.093238255,325.08,500,10:10:59.999999999,325.16,200,325.17,2300,10:10:59.903560447,325.15,6,0.01,0.03,,325.27098,31040,99149,4691,18168,5722,312271,43958,434536,2078,49423,325.21395,261932,44427,82426,95174,0,6.02151,6.03223,325.20459,325.217
20200131,SPY,10:11,10:11:00.000000000,325.16,200,325.17,2300,10:11:00.129979938,325.1650,1,10:11:42.547118234,325.51,100,10:11:42.547179869,325.52,1500,10:11:42.604145492,325.52,40,10:11:01.534194707,325.13,2300,10:11:01.576827683,325.14,200,10:11:01.649321184,325.14,9,10:11:59.999999999,325.47,2400,325.49,16000,10:11:59.465771460,325.48,200,0.01,0.03,,325.38129,31146,70497,1658,22693,9625,130758,27385,217667,2084,44949,325.3442,40676,36022,111583,74335,0,0.21682,0.20289,325.3403,325.35232
20200131,SPY,10:12,10:12:00.000000000,325.47,2400,325.49,16000,10:12:00.035785550,325.48,1,10:12:12.398483964,325.52,100,10:12:09.273403675,325.53,1400,10:12:18.272299865,325.53,100,10:12:54.312293000,325.22,4600,10:12:56.346800802,325.23,100,10:12:56.348110132,325.2250,140,10:12:59.999999999,325.23,4900,325.24,900,10:12:59.991169139,325.2350,100,0.01,0.02,,325.37149,26842,53888,11662,33062,2425,64781,19010,147853,1375,36975,325.39345,28739,34041,55267,66781,0,0.01394,-0.00323,325.37776,325.39024
20200131,SPY,10:13,10:13:00.000000000,325.23,4900,325.24,900,10:13:00.202358023,325.23,5,10:13:00.000000000,325.23,4900,10:13:00.000000000,325.24,900,10:13:38.917454426,325.2691,34,10:13:57.918313337,324.99,12400,10:13:57.918190952,325.00,100,10:13:58.950933324,324.99,96,10:13:59.999999999,325.00,2400,325.02,2500,10:13:59.911605833,325.02,56,0.01,0.03,,325.09706,25518,112131,9766,30477,9311,57809,18530,187830,1750,50194,325.08142,34448,44719,48674,110183,0,-0.2008,-0.18567,325.07464,325.08668
20200131,SPY,10:14,10:14:00.000000000,325.00,2400,325.02,2500,10:14:00.492026858,325.00,13,10:14:09.893402760,325.12,100,10:14:11.058217911,325.14,15200,10:14:15.380684858,325.1299,10,10:14:46.643114649,324.97,8700,10:14:46.643007176,324.98,300,10:14:46.645846924,324.97,10,10:14:59.999999999,325.03,500,325.04,1300,10:14:59.964861652,325.0354,100,0.01,0.02,,325.05956,25112,39440,6374,13303,7980,62427,14499,114176,1173,29847,325.03237,21227,24069,50130,48597,0,0.07071,0.05849,325.04511,325.05839
20200131,SPY,10:15,10:15:00.000000000,325.03,500,325.04,1300,10:15:00.015703678,325.0350,100,10:15:46.848886535,325.07,100,10:15:46.849023156,325.08,1500,10:15:08.032414032,325.2295,50,10:15:36.535823616,324.91,1300,10:15:36.589139526,324.91,200,10:15:36.588257646,324.91,131,10:15:59.999999999,325.00,3000,325.01,400,10:15:59.992753168,325.00,100,0.01,0.02,,324.98581,27496,34148,3093,9196,8086,40766,12902,86693,1013,21498,324.99357,19386,23045,32426,33334,0,0.05875,0.04905,324.98275,324.9953
20200131,SPY,10:16,10:16:00.000000000,325.00,3000,325.01,400,10:16:00.163702210,325.00,5,10:16:38.669272852,325.11,200,10:16:38.669198598,325.12,1400,10:16:46.826222675,325.1534,33,10:16:08.071796422,324.93,400,10:16:08.071676090,324.94,300,10:16:08.816643644,324.93,100,10:16:59.999999999,324.97,500,324.98,1800,10:16:59.772662759,324.97,8,0.01,0.02,,325.05724,21668,38055,2103,9353,7122,117448,25682,184254,962,15509,325.02974,99028,18300,31446,50989,0,1.77775,1.7745,325.01527,325.02729
20200131,SPY,10:17,10:17:00.000000000,324.97,500,324.98,1800,10:17:00.378618263,324.97,2,10:17:00.000000000,324.97,500,10:17:00.124526717,324.99,2400,10:17:00.378618263,324.97,2,10:17:51.653175622,324.81,3100,10:17:51.654481964,324.82,400,10:17:51.653688924,324.81,200,10:17:59.999999999,324.84,600,324.85,3100,10:17:59.463673165,324.85,100,0.01,0.02,,324.8936,24922,97901,12081,12883,6617,71531,20280,170705,1460,50588,324.9049,23031,31591,66498,100173,0,-0.084,-0.07871,324.89358,324.90614
20200131,SPY,10:18,10:18:00.000000000,324.84,600,324.85,3100,10:18:00.036401710,324.84,57,10:18:46.937004174,325.08,100,10:18:46.936143626,325.09,1500,10:18:47.047852663,325.09,199,10:18:00.516686804,324.81,1300,10:18:00.516657180,324.82,200,10:18:00.516694207,324.82,400,10:18:59.999999999,324.98,1500,324.99,300,10:18:59.832881208,324.97,100,0.01,0.02,,324.91899,23132,46009,2896,16260,12316,75183,30397,150130,1259,32931,324.94457,33365,26179,66150,57367,0,0.03101,0.02564,324.92749,324.94023
20200131,SPY,10:19,10:19:00.000000000,324.98,1500,324.99,300,10:19:00.012965469,324.98,100,10:19:58.592121859,325.18,100,10:19:58.591382308,325.19,11600,10:19:58.900114548,325.19,1,10:19:01.939621802,324.90,2000,10:19:02.062144086,324.91,100,10:19:02.052625998,324.91,100,10:19:59.999999999,325.17,4400,325.18,100,10:19:59.294923059,325.1723,10,0.01,0.02,,325.0572,23406,31680,3366,26443,5461,44670,9694,87517,998,33797,325.1014,22735,21492,39358,37729,0,0.0927,0.09348,325.0599,325.07239
20200131,SPY,10:20,10:20:00.000000000,325.17,4400,325.18,100,10:20:00.241269971,325.17,200,10:20:41.133628675,325.33,100,10:20:41.132735553,325.34,14000,10:20:41.133565654,325.34,200,10:20:10.852573622,325.08,2400,10:20:10.831376097,325.09,100,10:20:10.897213175,325.0850,100,10:20:59.999999999,325.25,1200,325.26,10400,10:20:59.224535859,325.27,100,0.01,0.02,,325.23747,22240,114861,7862,48713,12854,184129,61802,314036,2228,116185,325.21825,69797,67255,149190,143979,0,0.10428,0.08574,325.21731,325.22956
20200131,SPY,10:21,10:21:00.000000000,325.25,1200,325.26,10400,10:21:00.751340380,325.26,10,10:21:58.996510392,325.35,600,10:21:58.996745385,325.36,4500,10:21:59.002157613,325.36,300,10:21:20.311533400,325.16,2300,10:21:20.311658058,325.17,100,10:21:19.546483728,325.17,100,10:21:59.999999999,325.35,500,325.36,1800,10:21:59.775749349,325.3567,10,0.01,0.02,,325.25392,17810,38826,3137,25569,8957,58161,11397,105855,994,40192,325.25301,31924,25138,44995,43990,0,0.05199,0.0401,325.24392,325.25585
20200131,SPY,10:22,10:22:00.000000000,325.35,500,325.36,1800,10:22:00.164767872,325.3550,120,10:22:09.451563994,325.44,100,10:22:09.451428263,325.45,1500,10:22:51.454378955,325.45,100,10:22:17.856436225,325.30,1900,10:22:17.770550706,325.32,100,10:22:01.432845353,325.32,100,10:22:59.999999999,325.43,1700,325.44,900,10:22:59.646629915,325.43,100,0.01,0.02,,325.37674,19510,41895,6574,12159,7428,63165,14805,117742,1149,28284,325.38364,24906,24602,47570,48948,0,0.17169,0.15778,325.37609,325.38779
20200131,SPY,10:23,10:23:00.000000000,325.43,1700,325.44,900,10:23:00.001162940,325.43,1,10:23:00.000000000,325.43,1700,10:23:00.000000000,325.44,900,10:23:00.718554426,325.4399,25,10:23:27.072777950,325.27,2600,10:23:27.072268307,325.28,400,10:23:38.231922638,325.27,100,10:23:59.999999999,325.34,2300,325.35,200,10:23:59.885843960,325.35,200,0.01,0.02,,325.33116,17348,48950,3692,9903,909,50731,11208,112955,1043,12438,325.32231,16075,18231,50334,40753,0,0.02172,0.01917,325.32731,325.33936
20200131,SPY,10:24,10:24:00.000000000,325.34,2300,325.35,200,10:24:00.002152962,325.35,200,10:24:05.294184022,325.37,100,10:24:05.271942956,325.38,2700,10:24:05.293967496,325.38,38,10:24:24.978428403,325.22,8200,10:24:25.059319700,325.23,200,10:24:25.084164921,325.2221,100,10:24:59.999999999,325.31,400,325.32,4900,10:24:59.231032010,325.3199,21,0.01,0.02,,325.30098,15582,48220,1773,12251,5310,24314,26321,95555,880,22634,325.32202,20441,18419,24956,54373,0,-0.14995,-0.1455,325.30052,325.31336
20200131,SPY,10:25,10:25:00.000000000,325.31,400,325.32,4900,10:25:00.004249542,325.31,1,10:25:46.055522061,325.43,400,10:25:46.055514987,325.44,2200,10:25:46.055078086,325.43,20,10:25:04.005415197,325.22,1400,10:25:04.005200006,325.23,100,10:25:04.349807299,325.22,1,10:25:59.999999999,325.42,7600,325.43,700,10:25:59.596657500,325.43,5,0.01,0.02,,325.34525,21954,40768,1432,10363,6924,43681,25591,107109,1083,21650,325.31964,20789,21435,39560,46975,0,-0.00254,-0.00558,325.31345,325.32506
20200131,SPY,10:26,10:26:00.000000000,325.42,7600,325.43,700,10:26:00.067983143,325.4261,25,10:26:08.382286606,325.49,100,10:26:08.382503964,325.50,2300,10:26:08.450901135,325.4977,150,10:26:59.838852982,325.35,1800,10:26:59.845437828,325.36,100,10:26:43.880118214,325.37,100,10:26:59.999999999,325.35,2000,325.37,3800,10:26:59.835318211,325.37,45,0.01,0.02,,325.43537,19894,24217,3856,8989,4573,41311,9709,61037,786,31618,325.43632,18686,15891,31946,26132,0,0.08753,0.07764,325.42724,325.44001
20200131,SPY,10:27,10:27:00.000000000,325.35,2000,325.37,3800,10:27:00.024324892,325.37,100,10:27:00.000000000,325.35,2000,10:27:00.000000000,325.37,3800,10:27:00.024324892,325.37,100,10:27:57.407227451,325.02,4000,10:27:33.364048836,325.04,200,10:27:57.893143888,325.03,3,10:27:59.999999999,325.04,3400,325.05,4800,10:27:59.877368245,325.04,100,0.01,0.02,,325.10405,26352,121690,9396,15761,4379,49693,21585,179993,1468,42511,325.14324,25879,30923,64797,100905,0,-0.29829,-0.26817,325.13289,325.14551
20200131,SPY,10:28,10:28:00.000000000,325.04,3400,325.05,4800,10:28:00.007673694,325.0450,100,10:28:06.824437204,325.05,300,10:28:06.824437204,325.06,2000,10:28:56.036263684,325.1790,78,10:28:58.943189327,324.86,1200,10:28:58.942959868,324.87,500,10:28:59.797308911,324.86,1,10:28:59.999999999,324.86,200,324.87,3300,10:28:59.799777043,324.86,532,0.01,0.02,,324.96851,24420,62505,3237,14219,6083,57458,52574,170259,1491,25817,324.97043,29397,25786,48559,92334,0,-0.20566,-0.20798,324.95231,324.9644
20200131,SPY,10:29,10:29:00.000000000,324.86,200,324.87,3300,10:29:00.005916500,324.86,269,10:29:05.742224900,324.87,1300,10:29:05.742368664,324.88,1900,10:29:05.912771384,324.8780,100,10:29:59.564204477,324.64,2500,10:29:59.265505220,324.66,100,10:29:59.560929165,324.6590,1,10:29:59.999999999,324.65,11900,324.66,200,10:29:59.921501961,324.6599,1,0.01,0.02,,324.75434,29350,110545,5123,27158,10080,89785,23301,213660,1785,52332,324.75799,39105,44030,82296,100561,0,-0.10791,-0.09116,324.75791,324.77045
20200131,SPY,10:30,10:30:00.000000000,324.65,11900,324.66,200,10:30:00.012568290,324.66,100,10:30:27.066305610,324.83,100,10:30:26.945229639,324.84,2200,10:30:01.889332358,325.0180,33,10:30:01.215263383,324.59,9300,10:30:00.944214396,324.60,100,10:30:00.946635694,324.59,500,10:30:59.999999999,324.72,10000,324.73,100,10:30:59.969535628,324.7250,100,0.01,0.02,,324.70295,29764,82441,3730,17413,8335,69312,27893,171772,1502,37352,324.69354,28469,35494,59510,85651,0,-0.12777,-0.12358,324.71774,324.73036
20200131,SPY,10:31,10:31:00.000000000,324.72,10000,324.73,100,10:31:00.066981002,324.7250,100,10:31:33.921814847,324.91,100,10:31:33.921315681,324.92,2200,10:31:34.064522403,324.92,5,10:31:00.000000000,324.72,10000,10:31:00.000000000,324.73,100,10:31:00.066981002,324.7250,100,10:31:59.999999999,324.84,900,324.85,1100,10:31:59.829006071,324.85,100,0.01,0.02,,324.82463,23710,40538,4189,13921,12438,40140,13248,86868,1068,37606,324.83164,22328,24863,37430,39853,0,0.04446,0.0451,324.81817,324.83181
20200131,SPY,10:32,10:32:00.000000000,324.84,900,324.85,1100,10:32:00.657893452,324.85,5,10:32:04.052856955,324.88,100,10:32:04.052692371,324.89,2000,10:32:04.052404978,324.88,3,10:32:41.904583258,324.73,1500,10:32:41.904106671,324.74,200,10:32:41.946420419,324.74,105,10:32:59.999999999,324.73,1700,324.74,2300,10:32:59.795769353,324.74,100,0.01,0.02,,324.79561,19730,26862,1409,6389,721,59070,10796,78576,787,26671,324.77911,11148,20687,40719,32693,0,0.21512,0.20904,324.78941,324.80117
20200131,SPY,10:33,10:33:00.000000000,324.73,1700,324.74,2300,10:33:00.155595040,324.74,1,10:33:23.760871806,324.84,100,10:33:23.760795292,324.85,2800,10:33:24.101237215,324.85,4,10:33:35.583520844,324.66,1300,10:33:35.581362785,324.68,600,10:33:35.588712739,324.67,200,10:33:59.999999999,324.79,2800,324.80,900,10:33:59.980238077,324.7955,150,0.01,0.04,,324.75052,19330,46041,2591,14924,9677,80353,27684,152968,1409,28302,324.75609,30015,24311,76295,50649,0,0.03536,0.02854,324.74907,324.76017
20200131,SPY,10:34,10:34:00.000000000,324.79,2800,324.80,900,10:34:00.061520339,324.80,100,10:34:36.341736124,324.93,200,10:34:36.341190673,324.94,2500,10:34:36.342595577,324.94,100,10:34:00.808544234,324.76,2600,10:34:00.895884747,324.77,300,10:34:00.831115658,324.76,52,10:34:59.999999999,324.83,2900,324.85,5000,10:34:59.976279859,324.85,40,0.01,0.02,,324.86883,21554,37818,1655,11672,6114,45406,18506,100250,1059,20921,324.88193,19398,17439,43060,41274,0,0.04773,0.04685,324.86552,324.87599
20200131,SPY,10:35,10:35:00.000000000,324.83,2900,324.85,5000,10:35:00.007026546,324.85,100,10:35:30.765196316,324.87,100,10:35:30.764918494,324.88,2400,10:35:46.900574741,325.1033,12000,10:35:11.031208420,324.65,2900,10:35:11.031132407,324.66,100,10:35:11.182431576,324.6590,2,10:35:59.999999999,324.71,300,324.72,2200,10:35:59.860746979,324.7150,100,0.01,0.02,,324.78505,24324,66763,8787,38564,3024,144783,52253,224196,2008,89978,324.80993,61881,36516,114749,101028,0,0.09946,0.10038,324.76884,324.77916
20200131,SPY,10:36,10:36:00.000000000,324.71,300,324.72,2200,10:36:00.010538643,324.71,200,10:36:46.618374025,324.84,100,10:36:46.618374025,324.85,1700,10:36:46.827784609,324.85,300,10:36:26.003168961,324.67,2300,10:36:26.003093689,324.68,100,10:36:19.717962358,324.68,100,10:36:59.999999999,324.84,900,324.85,3800,10:36:59.935724790,324.84,300,0.01,0.02,,324.7508,21778,40246,3618,13062,2416,38937,14755,89044,950,23990,324.77277,22841,16815,33336,40042,0,-0.0929,-0.09284,324.75062,324.76092
20200131,SPY,10:37,10:37:00.000000000,324.84,900,324.85,3800,10:37:00.128591585,324.84,100,10:37:00.000000000,324.84,900,10:37:00.000000000,324.85,3800,10:37:00.128591585,324.84,100,10:37:57.944368641,324.58,1100,10:37:57.943490818,324.59,200,10:37:57.976715770,324.58,1000,10:37:59.999999999,324.61,300,324.62,2300,10:37:59.591201006,324.61,1,0.01,0.02,,324.69861,21124,51005,4033,9871,5375,43838,19784,109689,1035,24217,324.6907,25226,18153,29627,60900,0,-0.083,-0.08305,324.69487,324.70662
20200131,SPY,10:38,10:38:00.000000000,324.61,300,324.62,2300,10:38:00.128917072,324.61,1,10:38:48.753986357,324.72,200,10:38:48.753460043,324.73,3000,10:38:48.281317964,324.72,1,10:38:08.052249871,324.57,2900,10:38:09.424585672,324.58,100,10:38:08.060030165,324.57,3,10:38:59.999999999,324.64,1700,324.65,1300,10:38:59.898742135,324.63,5,0.01,0.02,,324.61382,19800,89833,7299,9490,5305,49201,23943,153949,1247,31122,324.62593,21808,34132,38007,91124,0,-0.21136,-0.20985,324.62543,324.63709
20200131,SPY,10:39,10:39:00.000000000,324.64,1700,324.65,1300,10:39:00.150555181,324.65,100,10:39:15.167329434,324.70,100,10:39:15.167538288,324.71,2400,10:39:15.426930398,324.7050,100,10:39:59.430080309,324.51,1700,10:39:59.430255883,324.52,100,10:39:59.440411975,324.51,300,10:39:59.999999999,324.52,2300,324.53,1600,10:39:59.926779635,324.52,100,0.01,0.04,,324.60739,13770,98579,5232,10431,9145,52293,43318,186875,1376,32123,324.58569,38023,39962,61016,79997,0,-0.42682,-0.27417,324.60186,324.61357
20200131,SPY,10:40,10:40:00.000000000,324.52,2300,324.53,1600,10:40:00.012450046,324.53,100,10:40:43.616721728,324.63,200,10:40:43.616772590,324.64,4900,10:40:45.193773159,324.6510,50,10:40:01.334820419,324.50,7600,10:40:01.335498934,324.51,100,10:40:04.090930272,324.50,100,10:40:59.999999999,324.58,2500,324.60,5000,10:40:59.792153854,324.59,34,0.01,0.02,,324.56088,17458,22692,5927,7460,8279,30427,10219,64274,678,20730,324.5569,17161,14556,31470,21817,0,0.08072,0.06757,324.55108,324.56378
20200131,SPY,10:41,10:41:00.000000000,324.58,2500,324.60,5000,10:41:00.341485167,324.59,33,10:41:05.936850062,324.60,100,10:41:05.936160417,324.61,9900,10:41:02.030943211,324.60,300,10:41:23.059523288,324.50,7000,10:41:23.059523288,324.51,200,10:41:15.573229322,324.51,100,10:41:59.999999999,324.53,4300,324.55,4800,10:41:59.981536883,324.54,100,0.01,0.02,,324.55048,15624,19898,2256,8007,2832,37387,7276,57930,606,19726,324.55172,17591,14434,18887,26744,0,0.08037,0.07837,324.5423,324.55501
20200131,SPY,10:42,10:42:00.000000000,324.53,4300,324.55,4800,10:42:00.015253322,324.54,100,10:42:56.647199576,324.68,100,10:42:56.647277956,324.69,2100,10:42:56.082529016,324.68,65,10:42:23.813827175,324.45,2700,10:42:24.267919751,324.45,600,10:42:24.267169515,324.45,1,10:42:59.999999999,324.66,2400,324.67,900,10:42:59.987280925,324.6650,10,0.01,0.02,,324.55972,18552,23722,2383,10948,3775,30751,8113,66148,831,13544,324.55164,18632,11107,30619,19334,0,0.11084,0.0932,324.55225,324.56526
20200131,SPY,10:43,10:43:00.000000000,324.66,2400,324.67,900,10:43:00.165531773,324.6650,200,10:43:08.997148334,324.80,200,10:43:08.996490655,324.81,2000,10:43:09.165121934,324.81,200,10:43:54.105558241,324.35,9300,10:43:54.106000278,324.36,200,10:43:59.168306799,324.35,50,10:43:59.999999999,324.38,1900,324.39,400,10:43:59.971374718,324.39,2,0.01,0.02,,324.54101,28148,86560,9938,11890,12538,70816,120249,266850,1961,45141,324.54222,47432,32587,78670,153302,0,-0.05468,-0.05503,324.60519,324.61727
20200131,SPY,10:44,10:44:00.000000000,324.38,1900,324.39,400,10:44:00.001875910,324.38,100,10:44:02.615214025,324.47,600,10:44:02.608525184,324.48,6900,10:44:08.652027731,324.4799,10,10:44:59.928844084,324.25,3000,10:44:59.928989712,324.26,200,10:44:59.929492051,324.25,37,10:44:59.999999999,324.28,300,324.29,16600,10:44:59.996352590,324.2850,100,0.01,0.03,,324.37364,29226,96935,3406,25833,6172,83007,56678,224795,2149,47236,324.37287,51003,47296,63222,110510,0,-0.15068,-0.16935,324.37546,324.38777
20200131,SPY,10:45,10:45:00.000000000,324.28,300,324.29,16600,10:45:00.000682502,324.28,100,10:45:24.592117380,324.49,100,10:45:24.592058310,324.50,2300,10:45:27.035430674,324.50,1,10:45:58.454718942,324.25,3600,10:45:58.454847673,324.26,200,10:45:58.454544950,324.26,100,10:45:59.999999999,324.28,1100,324.29,2400,10:45:59.929738834,324.29,100,0.01,0.02,,324.35098,29038,79690,1885,22991,9459,56382,21079,159911,1375,31575,324.3863,29917,21873,46004,93692,0,-0.1404,-0.1133,324.37383,324.38701
20200131,SPY,10:46,10:46:00.000000000,324.28,1100,324.29,2400,10:46:00.104857295,324.28,10,10:46:11.014309156,324.36,100,10:46:11.013652328,324.37,2400,10:46:11.114322304,324.37,20,10:46:50.068693201,324.20,2100,10:46:50.068766199,324.21,400,10:46:50.074471694,324.19,500,10:46:59.999999999,324.26,1200,324.27,500,10:46:59.971487311,324.27,100,0.01,0.02,,324.27577,20186,87161,4189,14052,3970,79403,25886,186106,1438,28555,324.28152,27703,39746,82146,65066,0,-0.08769,-0.08451,324.29467,324.30694
20200131,SPY,10:47,10:47:00.000000000,324.26,1200,324.27,500,10:47:00.661605609,324.27,100,10:47:46.538005905,324.41,500,10:47:46.538005905,324.42,1700,10:47:46.537446130,324.41,100,10:47:01.347484045,324.25,2400,10:47:01.358444353,324.26,200,10:47:01.357835235,324.25,100,10:47:59.999999999,324.34,500,324.35,1900,10:47:59.679647363,324.35,2,0.01,0.02,,324.34435,21264,31076,3633,21970,12412,53879,11289,99346,1078,34913,324.34593,29486,25571,48779,30423,0,0.06425,0.0717,324.34766,324.36055
20200131,SPY,10:48,10:48:00.000000000,324.34,500,324.35,1900,10:48:00.787235202,324.3450,100,10:48:51.619430335,324.46,400,10:48:51.619202764,324.47,1700,10:48:51.618882679,324.46,100,10:48:20.050202153,324.29,2900,10:48:20.049658892,324.30,600,10:48:18.991816218,324.30,100,10:48:59.999999999,324.41,800,324.42,2600,10:48:59.475838883,324.41,1,0.01,0.02,,324.38111,17606,68600,1244,16532,6407,67762,27150,148628,1343,39067,324.40893,31216,21287,44239,90953,0,-0.07801,-0.08325,324.37254,324.38375
20200131,SPY,10:49,10:49:00.000000000,324.41,800,324.42,2600,10:49:00.009194027,324.4150,100,10:49:16.185614291,324.43,300,10:49:16.185575261,324.44,1700,10:49:17.572724647,324.44,100,10:49:52.658306413,324.26,1700,10:49:52.572726470,324.28,400,10:49:52.624442561,324.27,16,10:49:59.999999999,324.28,4400,324.30,11400,10:49:59.965360644,324.30,19,0.01,0.02,,324.34733,14728,32433,2779,10318,5328,29914,12341,61273,702,31840,324.36601,13419,15604,20634,43456,0,0.0642,0.0629,324.35653,324.36941
20200131,SPY,10:50,10:50:00.000000000,324.28,4400,324.30,11400,10:50:00.165629278,324.2850,54,10:50:00.630750285,324.29,200,10:50:00.000000000,324.30,11400,10:50:12.399918204,324.35,50000,10:50:51.082515805,324.03,1000,10:50:51.082515805,324.04,300,10:50:51.119870571,324.0333,1000,10:50:59.999999999,324.05,600,324.06,12000,10:50:59.971268226,324.05,100,0.01,0.05,,324.11463,20606,88599,14490,40878,5613,142795,32790,191543,1900,133622,324.199,109709,45371,76458,93627,0,-0.06812,-0.02946,324.12747,324.14027
20200131,SPY,10:51,10:51:00.000000000,324.05,600,324.06,12000,10:51:00.217918184,324.05,100,10:51:57.822952490,324.12,200,10:51:57.822997969,324.13,3000,10:51:57.605852569,324.12,12,10:51:04.347515925,323.93,2500,10:51:04.348529732,323.94,100,10:51:04.348547502,323.93,11,10:51:59.999999999,324.10,1000,324.11,9700,10:51:59.937051694,324.10,300,0.01,0.03,,324.00761,20734,83372,4340,24580,4850,128014,39413,245929,2047,38640,324.02033,45970,38463,128273,71863,0,0.1102,0.12545,324.00961,324.02167
20200131,SPY,10:52,10:52:00.000000000,324.10,1000,324.11,9700,10:52:00.007246230,324.10,300,10:52:06.985243029,324.13,400,10:52:06.985285118,324.14,8500,10:52:06.985737270,324.14,500,10:52:37.633946280,323.97,1700,10:52:37.633887984,323.98,700,10:52:37.633799863,323.98,7,10:52:59.999999999,324.05,1400,324.06,12100,10:52:59.347676167,324.06,78,0.01,0.02,,324.08397,15672,46182,4740,11118,10777,87904,15999,146308,1150,30412,324.07395,22170,25244,71886,57420,0,0.1314,0.13132,324.0677,324.07853
20200131,SPY,10:53,10:53:00.000000000,324.05,1400,324.06,12100,10:53:00.428516743,324.06,100,10:53:00.483827535,324.06,100,10:53:00.483862354,324.07,5700,10:53:01.236392136,324.07,147,10:53:57.277632555,323.80,1900,10:53:57.277632555,323.81,200,10:53:58.572198548,323.80,5,10:53:59.999999999,323.82,1000,323.83,12000,10:53:59.551401538,323.83,27,0.01,0.02,,323.88263,18984,68222,9516,16228,6226,79793,16796,142133,1514,54648,323.89441,31631,38687,50882,75581,0,-0.07416,-0.07521,323.89041,323.90257
20200131,SPY,10:54,10:54:00.000000000,323.82,1000,323.83,12000,10:54:00.043293663,323.82,200,10:54:42.155712161,324.05,400,10:54:42.255196794,324.07,3100,10:54:42.151631392,324.05,100,10:54:00.911974069,323.75,4800,10:54:00.735357365,323.77,200,10:54:00.839068068,323.76,28,10:54:59.999999999,324.02,1900,324.03,600,10:54:59.821275053,324.0280,100,0.01,0.02,,323.93284,19348,48640,11312,15022,7967,84186,16485,132008,1397,51604,323.92637,25516,32660,76862,48574,0,0.13234,0.10244,323.92453,323.93737
20200131,SPY,10:55,10:55:00.000000000,324.02,1900,324.03,600,10:55:00.288009147,324.03,100,10:55:31.323027006,324.22,300,10:55:31.322921389,324.23,1600,10:55:32.588474874,324.23,100,10:55:01.082295333,323.99,1500,10:55:01.080283157,324.01,200,10:55:01.307900214,324.01,200,10:55:59.999999999,324.13,2000,324.14,100,10:55:59.896092339,324.1350,1225,0.01,0.02,,324.152,18432,33444,5980,15100,4566,94461,15147,143478,1204,25220,324.14585,25599,21740,76026,45333,0,0.2146,0.20547,324.14544,324.15765
20200131,SPY,10:56,10:56:00.000000000,324.13,2000,324.14,100,10:56:00.643669294,324.1350,34,10:56:07.788352836,324.14,200,10:56:07.788365727,324.15,1400,10:56:07.959798354,324.1450,9,10:56:32.381284159,323.94,800,10:56:32.381358494,323.95,100,10:56:32.380949325,323.95,200,10:56:59.999999999,324.05,2700,324.06,200,10:56:59.952219523,324.06,149,0.01,0.02,,324.04021,18332,35149,1986,13803,7029,30207,9766,69713,896,28227,324.05734,12109,21187,28411,36233,0,0.05774,0.0286,324.03538,324.04723
20200131,SPY,10:57,10:57:00.000000000,324.05,2700,324.06,200,10:57:00.312906457,324.0550,11,10:57:01.567775759,324.11,100,10:57:01.553949373,324.12,11000,10:57:01.650985221,324.12,500,10:57:53.570502629,323.84,1400,10:57:53.570522833,323.85,100,10:57:57.779691065,323.84,100,10:57:59.999999999,323.89,2400,323.90,100,10:57:59.956731742,323.89,100,0.01,0.02,,323.99048,23272,41980,2108,12248,2572,55873,12039,94875,933,31945,323.9407,19752,22390,27710,56968,0,0.01499,0.01052,323.96365,323.97626
20200131,SPY,10:58,10:58:00.000000000,323.89,2400,323.90,100,10:58:00.334991736,323.8950,100,10:58:54.593384848,324.06,100,10:58:54.593322558,324.07,8000,10:58:53.030379468,324.06,100,10:58:30.709425920,323.81,3000,10:58:30.751339847,323.82,200,10:58:30.751983620,323.82,100,10:58:59.999999999,323.99,2800,324.01,3700,10:58:59.985972867,323.99,11,0.01,0.02,,323.94373,24004,40026,1481,9572,2847,62621,11030,112554,1033,15023,323.91301,16682,18311,44265,48319,0,0.14608,0.11617,323.91545,323.92734
20200131,SPY,10:59,10:59:00.000000000,323.99,2800,324.01,3700,10:59:00.361993223,324.01,9,10:59:08.549655453,324.14,100,10:59:08.537916480,324.15,2500,10:59:05.437484387,324.14,3,10:59:32.365201233,323.87,1300,10:59:35.316343554,323.88,200,10:59:35.303636120,323.87,100,10:59:59.999999999,323.96,500,323.97,1300,10:59:59.738763064,323.95,500,0.01,0.02,,323.99265,30094,57637,8000,39505,3742,45574,13003,91482,1206,75979,324.00766,24217,49666,42319,51259,0,-0.07608,-0.06038,323.99137,324.0048
20200131,SPY,11:00,11:00:00.000000000,323.96,500,323.97,1300,11:00:00.011556262,323.96,100,11:00:40.689473417,324.12,700,11:00:41.387814620,324.14,4600,11:00:44.466532534,324.25,10000,11:00:04.021900632,323.86,3000,11:00:04.176310263,323.87,100,11:00:04.173056522,323.86,100,11:00:59.999999999,323.97,17800,323.98,1300,11:00:59.971469436,323.97,4,0.01,0.02,,324.01614,24452,76587,4187,58564,8428,75125,14069,143010,1584,93950,324.04597,53689,46769,57182,79320,0,1.28293,1.28116,324.02156,324.03408
20200131,SPY,11:01,11:01:00.000000000,323.97,17800,323.98,1300,11:01:00.011918722,323.98,100,11:01:23.832459092,324.08,1000,11:01:23.832683042,324.09,1900,11:01:23.820373186,324.08,200,11:01:02.138176826,323.92,11500,11:01:02.138076410,323.93,100,11:01:02.123132055,323.93,100,11:01:59.999999999,323.96,3600,323.98,1700,11:01:59.909335982,323.98,12,0.01,0.02,,324.01535,27884,34877,2723,15136,5814,35200,11543,85185,868,20108,324.01381,16624,20639,33490,34540,0,0.03511,0.02688,324.00724,324.02047
20200131,SPY,11:02,11:02:00.000000000,323.96,3600,323.98,1700,11:02:00.257436113,323.9686,25,11:02:56.754470640,324.08,200,11:02:56.754569833,324.09,1000,11:02:57.133307689,324.09,200,11:02:28.271922100,323.88,2100,11:02:06.776565444,323.90,400,11:02:06.775573670,323.90,1,11:02:59.999999999,324.08,1200,324.09,2500,11:02:59.360180774,324.0890,5,0.01,0.02,,323.9761,26226,105336,2098,26958,3015,100450,46670,230511,1647,54016,323.96094,29254,35795,132294,87184,0,0.04551,0.04602,323.94872,323.96117
20200131,SPY,11:03,11:03:00.000000000,324.08,1200,324.09,2500,11:03:00.027844345,324.0867,85,11:03:59.304542907,324.25,1400,11:03:59.304630227,324.26,1700,11:03:59.370965333,324.2588,1,11:03:16.636294761,324.02,2100,11:03:16.636725532,324.03,200,11:03:00.771758391,324.03,3,11:03:59.999999999,324.23,2100,324.25,3900,11:03:59.899699317,324.2450,95,0.01,0.02,,324.13846,24554,50839,1354,21085,12390,163498,23085,237852,1799,34399,324.1502,31828,26936,145086,68401,0,0.28184,0.26465,324.11679,324.12874
20200131,SPY,11:04,11:04:00.000000000,324.23,2100,324.25,3900,11:04:00.075810341,324.2319,1900,11:04:20.395896967,324.33,200,11:04:20.395913376,324.34,2800,11:04:20.597683229,324.34,90,11:04:49.490972613,324.14,2400,11:04:49.491137496,324.15,100,11:04:30.182473863,324.0653,75,11:04:59.999999999,324.16,1600,324.17,400,11:04:59.865447011,324.17,15,0.01,0.02,,324.24643,24696,83698,9237,29430,7107,129440,29467,205987,1639,82392,324.26074,37850,62007,126382,62140,0,0.17019,0.15325,324.2319,324.24438
20200131,SPY,11:05,11:05:00.000000000,324.16,1600,324.17,400,11:05:00.213998697,324.17,50,11:05:00.000000000,324.16,1600,11:05:00.000000000,324.17,400,11:05:00.213998697,324.17,50,11:05:56.314545061,323.80,6000,11:05:56.315072964,323.81,100,11:05:56.109413012,323.81,495,11:05:59.999999999,323.84,1300,323.85,400,11:05:59.886902307,323.8432,10,0.01,0.02,,323.99946,27618,74488,8861,15628,8419,36333,7402,118485,1301,32646,323.991,27411,28863,33258,61599,0,-0.20886,-0.1734,324.00179,324.01494
20200131,SPY,11:06,11:06:00.000000000,323.84,1300,323.85,400,11:06:00.112917365,323.85,100,11:06:24.154055334,323.94,200,11:06:24.153960454,323.95,1800,11:06:24.438205765,323.95,100,11:06:58.032492308,323.63,1700,11:06:58.037181184,323.64,300,11:06:58.280461943,323.63,100,11:06:59.999999999,323.64,800,323.65,2200,11:06:59.644283006,323.65,100,0.01,0.02,,323.80314,35062,151958,7951,15049,5171,60135,10711,192551,1793,58424,323.7745,31788,51432,50334,117421,0,-0.27379,-0.26672,323.8286,323.84081
20200131,SPY,11:07,11:07:00.000000000,323.64,800,323.65,2200,11:07:00.013052895,323.6450,100,11:07:36.032979182,323.88,200,11:07:36.032904896,323.89,10200,11:07:25.960312800,324.0022,33,11:07:00.635828535,323.61,1800,11:07:00.635781696,323.62,300,11:07:00.638314562,323.61,100,11:07:59.999999999,323.79,200,323.80,9800,11:07:59.329091850,323.80,5,0.01,0.02,,323.72825,32340,69919,2892,25554,14758,77195,14893,170246,1393,34965,323.77564,36391,22663,67168,78989,0,0.01159,0.01425,323.77136,323.78346
20200131,SPY,11:08,11:08:00.000000000,323.79,200,323.80,9800,11:08:00.091778744,323.80,5,11:08:00.090808002,323.80,200,11:08:00.082456793,323.81,1800,11:08:29.921955557,323.9718,20,11:08:52.656690336,323.58,1900,11:08:53.437138322,323.59,100,11:08:52.669155819,323.58,50,11:08:59.999999999,323.59,100,323.60,2000,11:08:59.598897795,323.59,50,0.01,0.02,,323.66834,22490,130139,3292,24924,6285,41415,7201,152271,1683,60985,323.63828,26112,38929,36434,111781,0,-0.21731,-0.19429,323.6715,323.68402
20200131,SPY,11:09,11:09:00.000000000,323.59,100,323.60,2000,11:09:00.262687451,323.59,10,11:09:22.143129328,323.71,200,11:09:25.254482136,323.73,1700,11:09:23.405546654,323.8622,27000,11:09:03.008587806,323.57,4600,11:09:52.469028443,323.58,100,11:09:52.493681912,323.57,100,11:09:59.999999999,323.61,1800,323.62,400,11:09:59.776163993,323.61,100,0.01,0.02,,323.6564,25244,59026,6762,20509,8445,77367,6002,107268,1345,70843,323.73975,53326,31505,50661,42619,0,-0.04043,-0.02601,323.64191,323.65489
20200131,SPY,11:10,11:10:00.000000000,323.61,1800,323.62,400,11:10:00.070158389,323.6199,1,11:10:57.469623060,323.88,100,11:10:57.469244552,323.89,2100,11:10:57.524273976,323.89,86,11:10:05.433416729,323.55,8000,11:10:05.433481008,323.56,100,11:10:06.067616589,323.55,100,11:10:59.999999999,323.86,1900,323.87,1300,11:10:59.993983839,323.8650,100,0.01,0.07,,323.74081,28908,90594,16246,29092,44090,138351,39137,296470,2250,61040,323.73873,77674,77504,114417,87915,0,0.61403,0.2912,323.68703,323.69932
20200131,SPY,11:11,11:11:00.000000000,323.86,1900,323.87,1300,11:11:00.011899007,323.86,300,11:11:14.143699525,324.01,100,11:11:14.143620205,324.02,2200,11:11:14.144838386,324.02,100,11:11:43.587464143,323.62,1300,11:11:43.590602395,323.63,100,11:11:44.208503015,323.62,1,11:11:59.999999999,323.74,5800,323.75,600,11:11:59.835861328,323.76,100,0.01,0.02,,323.88226,28906,61619,4088,14930,12231,188674,35810,273493,2267,43859,323.88485,39503,42307,136061,99481,0,0.28494,0.26852,323.83995,323.85136
20200131,SPY,11:12,11:12:00.000000000,323.74,5800,323.75,600,11:12:00.159416117,323.74,100,11:12:06.629664720,323.75,100,11:12:06.629698981,323.76,2500,11:12:11.373659001,323.7599,125,11:12:59.869291771,323.57,1200,11:12:59.870377415,323.58,100,11:12:59.870351294,323.58,20,11:12:59.999999999,323.58,100,323.59,3400,11:12:59.870351294,323.58,20,0.01,0.02,,323.66847,25742,52968,1561,6671,11365,38019,9078,75695,888,43967,323.64492,16627,44233,33000,25802,0,0.05424,0.0392,323.66185,323.67444
20200131,SPY,11:13,11:13:00.000000000,323.58,100,323.59,3400,11:13:00.017452720,323.58,10,11:13:36.253497772,323.65,100,11:13:36.253493239,323.66,3200,11:13:32.144774626,323.7511,27000,11:13:56.034805101,323.51,3300,11:13:56.035690793,323.52,100,11:13:56.094103652,323.51,420,11:13:59.999999999,323.52,100,323.53,4100,11:13:59.918202096,323.52,100,0.01,0.02,,323.56968,18152,85009,7094,15985,12899,102060,9081,136092,1415,96036,323.62458,61283,46350,57894,66601,0,0.01009,0.02283,323.5699,323.5814
20200131,SPY,11:14,11:14:00.000000000,323.52,100,323.53,4100,11:14:00.023940559,323.52,1,11:14:19.449051013,323.58,200,11:14:19.438140218,323.59,3600,11:14:33.175211022,323.59,11,11:14:06.667178286,323.46,2000,11:14:54.852969732,323.47,100,11:14:54.853424928,323.46,100,11:14:59.999999999,323.47,3300,323.49,2100,11:14:59.749419263,323.48,19,0.01,0.02,27000,323.52124,14830,81982,9981,10888,4056,82973,11718,148207,1447,53391,323.51583,32906,28655,44272,95765,0,-0.14187,-0.12981,323.52247,323.53583
20200131,SPY,11:15,11:15:00.000000000,323.47,3300,323.49,2100,11:15:00.449646587,323.4828,100,11:15:00.468414465,323.48,500,11:15:00.000000000,323.49,2100,11:15:00.449646587,323.4828,100,11:15:59.272440354,322.87,1100,11:15:59.272247832,322.88,200,11:15:59.276225778,322.87,41,11:15:59.999999999,322.90,100,322.91,3100,11:15:59.984025349,322.90,279,0.01,0.03,,323.12849,36072,180677,19912,45872,11218,151467,29618,340859,3475,97905,323.16184,65301,77228,156970,139265,0,-0.0409,-0.03047,323.22097,323.23329
20200131,SPY,11:16,11:16:00.000000000,322.90,100,322.91,3100,11:16:00.000955246,322.90,60,11:16:57.685160150,323.19,200,11:16:57.669362086,323.20,2300,11:16:03.739497003,327.6740,251592,11:16:07.088195836,322.79,1600,11:16:07.101419488,322.80,100,11:16:09.203652334,322.79,44,11:16:59.999999999,323.16,4000,323.18,1800,11:16:59.625426728,323.1734,130,0.01,0.02,,322.97171,38770,154236,15050,25636,20075,644758,12713,268967,2651,603501,326.8987,567836,70169,124090,110373,0,-0.01446,0.00182,323.03826,323.05085
20200131,SPY,11:17,11:17:00.000000000,323.16,4000,323.18,1800,11:17:00.064355737,323.1666,200,11:17:57.502374398,323.49,900,11:17:57.502374398,323.50,1700,11:17:58.890440968,323.50,100,11:17:03.797966122,323.08,2500,11:17:03.776993912,323.10,900,11:17:03.786285302,323.09,10,11:17:59.999999999,323.49,5900,323.50,2700,11:17:59.830786895,323.49,250,0.01,0.02,,323.33484,23190,127445,15850,32339,10590,93230,15978,180508,1903,114924,323.33523,50533,66306,84294,94299,0,0.10239,0.10208,323.31225,323.32368
20200131,SPY,11:18,11:18:00.000000000,323.49,5900,323.50,2700,11:18:00.140350834,323.49,100,11:18:18.678300477,323.66,700,11:18:18.737245514,323.67,2600,11:18:18.736815946,323.67,100,11:18:01.977511215,323.42,2100,11:18:02.142889382,323.43,100,11:18:03.085616260,323.42,500,11:18:59.999999999,323.62,400,323.63,2100,11:18:59.991579370,323.61,48,0.01,0.03,,323.55242,30432,199426,10320,22163,9664,138859,108828,366337,2675,122923,323.5539,87960,158122,114119,129059,0,1.27211,1.27666,323.53743,323.54965
20200131,SPY,11:19,11:19:00.000000000,323.62,400,323.63,2100,11:19:00.002591685,323.6250,200,11:19:24.307916151,323.78,100,11:19:24.296120180,323.79,4800,11:19:24.466942499,323.7899,2,11:19:04.085618993,323.58,3700,11:19:04.126694557,323.59,300,11:19:29.921430821,323.3272,25,11:19:59.999999999,323.65,1400,323.66,1300,11:19:59.844746028,323.66,32,0.01,0.02,,323.68072,27824,86245,9358,22912,21157,151667,15016,246911,2277,59444,323.69453,48833,49424,125780,82318,0,0.19265,0.17934,323.67215,323.68442
20200131,SPY,11:20,11:20:00.000000000,323.65,1400,323.66,1300,11:20:00.075993605,323.65,100,11:20:00.001036427,323.66,300,11:20:00.000938219,323.67,3900,11:20:00.389069919,323.66,1,11:20:51.026978183,323.47,3000,11:20:51.026241967,323.48,200,11:20:16.254379654,323.3358,25,11:20:59.999999999,323.48,4800,323.50,1900,11:20:59.750122968,323.50,7,0.01,0.02,,323.54574,21512,60138,7797,15652,5620,46093,10724,102270,1191,43754,323.54911,20310,36331,39705,49678,0,-0.07263,-0.07509,323.5504,323.56337
20200131,SPY,11:21,11:21:00.000000000,323.48,4800,323.50,1900,11:21:00.579703475,323.49,500,11:21:47.274996845,323.73,100,11:21:47.274839634,323.74,5900,11:21:47.275958369,323.74,1,11:21:01.263905050,323.47,7400,11:21:01.263358301,323.48,400,11:21:01.263255838,323.48,300,11:21:59.999999999,323.69,2100,323.70,600,11:21:59.365884207,323.68,2,0.01,0.02,,323.61678,20860,74974,7345,20270,10489,79660,33387,178394,1598,47731,323.60191,41871,42697,58006,83551,0,0.22258,0.21769,323.59981,323.61251
20200131,SPY,11:22,11:22:00.000000000,323.69,2100,323.70,600,11:22:00.006916221,323.70,100,11:22:03.752724401,323.80,2000,11:22:03.753060513,323.81,1100,11:22:03.753308610,323.81,75,11:22:56.252899323,323.63,1800,11:22:56.252899323,323.64,200,11:22:56.252510822,323.64,100,11:22:59.999999999,323.65,2900,323.66,100,11:22:59.773170301,323.6550,100,0.01,0.02,,323.71842,21966,85607,7512,23917,13649,118300,35771,192967,1827,91789,323.73904,54430,51156,63404,115766,0,-0.00731,-0.01063,323.71121,323.72267
20200131,SPY,11:23,11:23:00.000000000,323.65,2900,323.66,100,11:23:00.362592751,323.66,100,11:23:06.081902340,323.74,300,11:23:06.082457082,323.75,1600,11:23:06.075676039,323.74,100,11:23:45.310163295,323.56,3700,11:23:45.422610695,323.57,100,11:23:45.376509844,323.56,50,11:23:59.999999999,323.58,3500,323.59,400,11:23:59.946010939,323.59,4,0.01,0.02,,323.6564,19300,44980,4453,15825,7009,35414,11223,79790,915,39114,323.65693,23476,22381,29281,43766,0,0.0767,0.08008,323.64399,323.65585
20200131,SPY,11:24,11:24:00.000000000,323.58,3500,323.59,400,11:24:00.060184716,323.58,100,11:24:00.000000000,323.58,3500,11:24:00.000000000,323.59,400,11:24:00.546137729,323.5899,16,11:24:57.276323740,323.40,1600,11:24:57.275914672,323.41,100,11:24:49.978585638,323.40,500,11:24:59.999999999,323.40,900,323.41,3100,11:24:58.821879565,323.4012,50,0.01,0.02,,323.47485,18560,52731,2447,14441,11160,43964,8765,109179,1270,24329,323.48278,25200,27083,36014,45211,0,-0.04317,-0.04585,323.48123,323.49298
20200131,SPY,11:25,11:25:00.000000000,323.40,900,323.41,3100,11:25:00.042145335,323.40,100,11:25:47.116392723,323.47,400,11:25:47.116457364,323.48,1300,11:25:38.867390024,323.5714,60,11:25:26.472195814,323.20,2100,11:25:26.476497706,323.21,100,11:25:26.646720764,323.20,2,11:25:59.999999999,323.40,500,323.41,3700,11:25:59.721808667,323.40,100,0.01,0.02,,323.31857,27048,86295,2809,25694,5000,116933,41296,245533,2223,32494,323.32642,40923,50496,91143,95465,0,0.25957,0.25429,323.32163,323.33315
20200131,SPY,11:26,11:26:00.000000000,323.40,500,323.41,3700,11:26:00.025430428,323.4050,100,11:26:00.000000000,323.40,500,11:26:00.000000000,323.41,3700,11:26:00.025430428,323.4050,100,11:26:28.510325803,323.19,1800,11:26:28.509733452,323.20,200,11:26:28.513700970,323.1950,300,11:26:59.999999999,323.39,600,323.40,1500,11:26:59.971799910,323.39,200,0.01,0.03,,323.26182,24706,106999,9336,20451,3930,77769,16045,192293,1821,42237,323.2756,40154,41029,60862,92485,0,-0.10746,-0.10927,323.29061,323.30255
20200131,SPY,11:27,11:27:00.000000000,323.39,600,323.40,1500,11:27:00.026016774,323.39,100,11:27:44.900022132,323.52,100,11:27:44.900002996,323.53,900,11:27:45.045558058,323.53,100,11:27:09.237826675,323.31,2200,11:27:09.244241318,323.32,100,11:27:07.469673111,323.33,100,11:27:59.999999999,323.43,1500,323.44,1300,11:27:59.772722810,323.4350,50,0.01,0.02,,323.40102,20896,24783,5817,12748,6734,63465,43943,125377,1214,32113,323.43776,30942,34389,55192,36967,0,0.54096,0.52831,323.40914,323.42067
20200131,SPY,11:28,11:28:00.000000000,323.43,1500,323.44,1300,11:28:00.031144589,323.44,300,11:28:00.031058797,323.44,100,11:28:00.031265461,323.45,2600,11:28:00.385088715,323.45,100,11:28:58.569821846,323.03,2200,11:28:58.593479715,323.04,100,11:28:58.594058313,323.04,3,11:28:59.999999999,323.04,1700,323.05,1100,11:28:59.634834591,323.05,100,0.01,0.02,,323.16665,28190,93564,4275,15311,5129,80488,13420,177776,1653,34411,323.22217,28030,36750,54784,92623,0,-0.0468,-0.05704,323.2267,323.23837
20200131,SPY,11:29,11:29:00.000000000,323.04,1700,323.05,1100,11:29:00.084426555,323.04,100,11:29:36.914135563,323.26,100,11:29:36.914216741,323.27,3500,11:29:16.194576900,323.2921,20,11:29:59.477735966,323.00,5100,11:29:59.478418256,323.01,100,11:29:59.494569737,323.00,10,11:29:59.999999999,323.00,4300,323.01,400,11:29:59.966565308,323.02,58,0.01,0.02,,323.1563,28774,58036,3548,17709,9759,61785,14285,118676,1453,46446,323.16024,28054,39411,49621,48036,0,0.04439,0.04385,323.16369,323.1755
20200131,SPY,11:30,11:30:00.000000000,323.00,4300,323.01,400,11:30:00.005666293,323.00,39,11:30:28.215173140,323.20,200,11:30:28.217073761,323.21,2300,11:30:15.199846919,323.2379,50,11:30:00.000000000,323.00,4300,11:30:00.000000000,323.01,400,11:30:00.005666293,323.00,39,11:30:59.999999999,323.10,1500,323.11,1600,11:30:59.420503523,323.0968,10,0.01,0.03,,323.0981,34484,105338,1069,27319,4791,120324,42345,249076,1854,52110,323.13458,57050,46016,75560,122560,0,-0.02419,-0.01643,323.10814,323.12022
20200131,SPY,11:31,11:31:00.000000000,323.10,1500,323.11,1600,11:31:00.023601604,323.11,100,11:31:26.071473790,323.17,300,11:31:26.807217013,323.19,3300,11:31:29.801465442,323.1902,25,11:31:38.528220821,322.98,2100,11:31:38.527937208,322.99,200,11:31:38.530992670,322.98,100,11:31:59.999999999,323.05,2300,323.06,200,11:31:59.846678390,323.0599,524,0.01,0.02,,323.08056,32602,47205,5290,19555,6635,50200,17060,103488,1295,42457,323.0799,30027,25770,30394,59754,0,0.02114,0.02061,323.08621,323.09887
20200131,SPY,11:32,11:32:00.000000000,323.05,2300,323.06,200,11:32:00.065034368,323.0550,28,11:32:10.583539026,323.20,300,11:32:10.583508631,323.21,2000,11:32:10.733140634,323.2088,1,11:32:30.062120438,323.01,2200,11:32:31.164409008,323.02,100,11:32:31.231411748,323.01,100,11:32:59.999999999,323.04,2500,323.06,6700,11:32:59.640600464,323.06,150,0.01,0.02,,323.08505,27674,22476,932,8338,2583,35162,17855,73728,766,13618,323.11145,10354,14653,35221,27118,0,0.13991,0.13973,323.08607,323.09815
20200131,SPY,11:33,11:33:00.000000000,323.04,2500,323.06,6700,11:33:00.026511072,323.0550,100,11:33:49.393880349,323.33,100,11:33:49.394209915,323.34,3100,11:33:50.615138106,323.34,100,11:33:20.778630158,323.00,4400,11:33:20.778581331,323.01,100,11:33:20.822177853,323.0024,40,11:33:59.999999999,323.32,2500,323.34,2100,11:33:59.773356605,323.32,100,0.01,0.02,,323.22373,28314,63949,6096,17242,6966,91236,74647,218627,1484,41509,323.18895,25296,34553,73182,127105,0,0.07232,0.07612,323.15682,323.1688
20200131,SPY,11:34,11:34:00.000000000,323.32,2500,323.34,2100,11:34:00.092356453,323.33,1,11:34:46.543314080,323.38,100,11:34:46.543237547,323.39,8400,11:34:46.543886388,323.39,66,11:34:14.312364982,323.14,1400,11:34:14.344644337,323.15,100,11:34:14.416969660,323.14,174,11:34:59.999999999,323.27,1900,323.28,800,11:34:59.979326613,323.27,100,0.01,0.02,,323.31078,35100,132032,3015,25817,10664,162000,24198,318977,2042,38749,323.30206,30757,52282,158002,116685,0,0.05641,0.04811,323.27718,323.28919
20200131,SPY,11:35,11:35:00.000000000,323.27,1900,323.28,800,11:35:00.027205223,323.26,1300,11:35:29.561002787,323.46,100,11:35:29.565602237,323.48,13700,11:35:29.560463638,323.47,200,11:35:00.892771885,323.24,3100,11:35:00.891898240,323.25,200,11:35:00.321726327,323.1915,50,11:35:59.999999999,323.44,600,323.45,5700,11:35:59.935634638,323.45,100,0.01,0.02,,323.41554,29682,66079,4321,29695,10255,188903,28183,263482,1970,63954,323.40508,43688,46566,165371,71811,0,0.2934,0.26149,323.38678,323.39884
20200131,SPY,11:36,11:36:00.000000000,323.44,600,323.45,5700,11:36:00.166951264,323.4450,100,11:36:30.571874658,323.52,200,11:36:30.571547747,323.53,14400,11:36:58.511932994,327.6740,251592,11:36:57.678944900,323.31,2600,11:36:57.679040811,323.32,100,11:36:58.694326720,323.31,20,11:36:59.999999999,323.31,400,323.32,8400,11:36:59.759395343,323.32,100,0.01,0.02,,323.44776,23750,69285,2567,21486,7363,406194,36119,261955,1888,281059,327.23057,293537,41842,127851,79784,0,0.18167,0.1712,323.40925,323.42241
20200131,SPY,11:37,11:37:00.000000000,323.31,400,323.32,8400,11:37:00.108416312,323.31,100,11:37:00.000000000,323.31,400,11:37:00.000000000,323.32,8400,11:37:00.254097929,323.32,101,11:37:58.771005874,323.05,500,11:37:58.770955762,323.06,300,11:37:59.848573240,323.05,100,11:37:59.999999999,323.05,2000,323.06,700,11:37:59.849185358,323.05,25,0.01,0.02,,323.19551,20684,51423,2870,16533,1652,37817,14764,106893,1106,18166,323.19399,14957,22576,42895,44631,0,-0.1643,-0.13857,323.19648,323.20945
20200131,SPY,11:38,11:38:00.000000000,323.05,2000,323.06,700,11:38:00.063198212,323.0550,10,11:38:00.000000000,323.05,2000,11:38:00.000000000,323.06,700,11:38:46.154734702,323.2362,20,11:38:40.586266751,322.68,8300,11:38:40.586787151,322.69,100,11:38:40.589101325,322.68,100,11:38:59.999999999,322.73,2000,322.75,6900,11:38:59.902113481,322.7450,50,0.01,0.02,,322.84531,33442,194739,13657,45484,13374,156289,27247,362949,3163,87841,322.85948,67012,86901,148340,148537,0,-0.05981,-0.06058,322.87132,322.88354
20200131,SPY,11:39,11:39:00.000000000,322.73,2000,322.75,6900,11:39:00.200906958,322.74,100,11:39:58.788005118,323.00,100,11:39:58.787160801,323.01,1700,11:39:45.234345409,323.1115,50,11:39:16.760745295,322.63,2000,11:39:16.760917431,322.64,200,11:39:16.741421233,322.63,274,11:39:59.999999999,322.99,800,323.00,1500,11:39:59.832821090,322.99,27,0.01,0.02,,322.75893,32856,109169,3568,18428,11880,117323,100130,320224,2369,40274,322.81475,40062,45045,168545,106846,0,-0.13564,-0.13521,322.79791,322.81032
20200131,SPY,11:40,11:40:00.000000000,322.99,800,323.00,1500,11:40:00.144695607,323.0050,358,11:40:19.083289715,323.24,400,11:40:17.432041997,323.25,2300,11:40:17.340530210,323.25,200,11:40:01.625870118,322.94,2900,11:40:01.656459145,322.95,200,11:40:01.613556432,322.95,100,11:40:59.999999999,323.18,200,323.19,1300,11:40:59.857460545,323.1826,50,0.01,0.07,,323.14309,32466,71156,9171,18892,18729,115248,22911,225860,1875,30247,323.10825,57923,46461,70930,80793,0,0.49978,0.34343,323.0996,323.11282
20200131,SPY,11:41,11:41:00.000000000,323.18,200,323.19,1300,11:41:00.161923885,323.18,100,11:41:26.833348285,323.21,100,11:41:26.833500237,323.22,1400,11:41:26.804565596,323.21,100,11:41:49.179770405,323.06,2100,11:41:52.888878752,323.07,100,11:41:51.324454200,323.07,31,11:41:59.999999999,323.10,2000,323.12,5100,11:41:59.779358839,323.12,100,0.01,0.02,,323.12652,22440,28176,2049,5961,4627,18287,5073,48705,643,15468,323.1201,9973,16338,18518,19344,0,-0.06214,-0.08327,323.12278,323.13625
20200131,SPY,11:42,11:42:00.000000000,323.10,2000,323.12,5100,11:42:00.029223897,323.11,100,11:42:47.435441852,323.34,100,11:42:47.435640962,323.35,3100,11:42:47.458525562,323.35,100,11:42:02.490723815,323.04,2600,11:42:03.530146699,323.05,100,11:42:03.747429733,323.04,100,11:42:59.999999999,323.26,600,323.27,4300,11:42:59.751493045,323.28,48,0.01,0.02,,323.22788,24432,48148,5446,11783,8827,90029,28645,160063,1443,32815,323.2174,27445,34799,68361,62273,0,0.17631,0.18466,323.19007,323.2026
20200131,SPY,11:43,11:43:00.000000000,323.26,600,323.27,4300,11:43:00.032574691,323.27,200,11:43:54.964387475,323.52,100,11:43:54.961802148,323.53,2100,11:43:54.956909742,323.52,227,11:43:01.341996958,323.25,1800,11:43:21.328063741,323.26,200,11:43:21.497127365,323.25,79,11:43:59.999999999,323.49,1900,323.51,5700,11:43:59.551600768,323.49,100,0.01,0.03,,323.38262,22782,45582,3274,21599,11486,116180,28844,169140,1532,57825,323.34818,39538,37086,106974,43367,0,0.13097,0.12454,323.36077,323.37303
20200131,SPY,11:44,11:44:00.000000000,323.49,1900,323.51,5700,11:44:00.580681457,323.5090,4,11:44:57.624832859,323.53,200,11:44:57.624775032,323.54,1500,11:44:57.802023324,323.54,80,11:44:27.035600492,323.34,2600,11:44:27.002104960,323.35,100,11:44:30.218700711,323.2078,67,11:44:59.999999999,323.51,2800,323.52,100,11:44:59.578820965,323.52,4,0.01,0.02,,323.42618,24654,67388,4188,11612,5744,79080,14424,154482,1417,27954,323.42625,24804,27170,75117,55345,0,0.01586,0.03707,323.4388,323.452
20200131,SPY,11:45,11:45:00.000000000,323.51,2800,323.52,100,11:45:00.015486050,323.5150,100,11:45:31.778061728,323.85,100,11:45:31.778275615,323.86,1000,11:45:31.842509718,323.86,100,11:45:02.701148951,323.46,1500,11:45:02.701232175,323.47,500,11:45:29.848139934,323.3822,17,11:45:59.999999999,323.80,1600,323.81,600,11:45:59.988861122,323.8039,1,0.01,0.02,,323.73459,30242,62597,15147,29128,20565,130194,18277,204257,2135,71651,323.72631,41988,62178,114655,57087,0,0.11315,0.10319,323.70643,323.71923
20200131,SPY,11:46,11:46:00.000000000,323.80,1600,323.81,600,11:46:00.009809730,323.80,200,11:46:54.479670213,323.93,100,11:46:54.466587143,323.94,3000,11:46:54.537040149,323.93,10,11:46:03.039084810,323.73,4200,11:46:07.386941222,323.74,100,11:46:04.548701822,323.73,12,11:46:59.999999999,323.87,2400,323.89,3700,11:46:59.962647672,323.89,5,0.01,0.02,,323.80993,20286,45275,3433,11074,10752,48597,12826,98649,1188,33308,323.82887,21222,34765,41633,34337,0,0.13305,0.12127,323.8052,323.81818
20200131,SPY,11:47,11:47:00.000000000,323.87,2400,323.89,3700,11:47:00.137014383,323.88,100,11:47:15.246826027,323.98,200,11:47:15.246431040,323.99,1800,11:47:15.318031614,323.99,100,11:47:03.032970325,323.83,1600,11:47:03.032162638,323.84,200,11:47:03.030913509,323.84,100,11:47:59.999999999,323.94,2400,323.95,800,11:47:59.953955908,323.9499,200,0.01,0.02,,323.9169,19196,64096,8448,14405,8629,71901,7031,117486,1456,57024,323.92615,31949,33704,48381,60476,0,0.11992,0.11989,323.91886,323.93072
20200131,SPY,11:48,11:48:00.000000000,323.94,2400,323.95,800,11:48:00.003537211,323.94,100,11:48:00.520814279,323.95,100,11:48:00.513168736,323.96,2500,11:48:00.778042757,323.96,1,11:48:43.630092011,323.71,2400,11:48:43.635308451,323.72,100,11:48:43.630750314,323.71,100,11:48:59.999999999,323.77,1400,323.78,1000,11:48:59.747762265,323.7750,100,0.01,0.02,,323.8144,19474,125484,9252,17997,10566,39553,8540,170403,1562,40989,323.80275,27391,43805,37047,103149,0,-0.25655,-0.20609,323.8006,323.8137
20200131,SPY,11:49,11:49:00.000000000,323.77,1400,323.78,1000,11:49:00.048541282,323.78,10,11:49:01.572654553,323.83,100,11:49:01.572684342,323.84,1600,11:49:02.538231149,323.8388,20,11:49:35.493685549,323.70,9600,11:49:35.496283787,323.71,200,11:49:37.724038070,323.70,91,11:49:59.999999999,323.77,200,323.78,10100,11:49:59.986117799,323.77,100,0.01,0.02,,323.74895,13398,63349,4251,26875,11686,35696,5079,89115,898,57821,323.75764,34619,32524,35314,44479,0,-0.05244,-0.03444,323.76757,323.77963
20200131,SPY,11:50,11:50:00.000000000,323.77,200,323.78,10100,11:50:00.255106206,323.7840,81,11:50:00.295376307,323.79,300,11:50:00.295149520,323.80,900,11:50:00.552146287,323.80,2,11:50:18.118679550,323.58,4400,11:50:18.118726634,323.59,200,11:50:18.118360644,323.58,364,11:50:59.999999999,323.63,3900,323.65,2400,11:50:59.298714356,323.64,79,0.01,0.02,,323.63714,19334,82983,4575,15089,10715,44411,9838,127799,1373,39812,323.66581,28377,28767,42352,68115,0,-0.18448,-0.16018,323.66357,323.67546
20200131,SPY,11:51,11:51:00.000000000,323.63,3900,323.65,2400,11:51:00.131264593,323.64,44,11:51:14.089828781,323.70,100,11:51:14.079621205,323.71,1700,11:51:15.138125455,323.71,100,11:51:58.422960782,323.53,1700,11:51:58.423548824,323.54,300,11:51:54.381915284,323.54,100,11:51:59.999999999,323.54,2100,323.55,100,11:51:59.656205043,323.55,10,0.01,0.02,,323.60663,15496,47588,7485,7585,4038,35384,7769,80344,924,29505,323.57923,25010,23381,26849,34609,0,-0.21461,-0.21361,323.61268,323.62528
20200131,SPY,11:52,11:52:00.000000000,323.54,2100,323.55,100,11:52:00.250493955,323.55,10,11:52:25.241687567,323.67,100,11:52:25.223070515,323.68,2500,11:52:25.223056497,323.67,100,11:52:57.365505710,323.51,500,11:52:57.365592762,323.52,100,11:52:57.387886584,323.5150,400,11:52:59.999999999,323.52,500,323.53,4300,11:52:59.999534564,323.5250,120,0.01,0.02,,323.56069,14546,54768,1604,9837,7154,65229,9116,106725,1004,40983,323.59137,35629,17625,30976,63478,0,-0.0835,-0.08104,323.58149,323.59338
20200131,SPY,11:53,11:53:00.000000000,323.52,500,323.53,4300,11:53:00.018462893,323.53,1,11:53:44.215335703,323.72,700,11:53:44.206793254,323.73,2100,11:53:44.197343167,323.72,213,11:53:01.678580878,323.51,2100,11:53:01.678638824,323.52,300,11:53:01.846896784,323.5150,100,11:53:59.999999999,323.62,2500,323.63,100,11:53:59.962281368,323.63,100,0.01,0.05,,323.6258,15218,36596,4668,12531,6574,67540,36309,135080,1245,29138,323.64081,39477,36396,45932,42413,0,0.00116,0.07391,323.5988,323.61142
20200131,SPY,11:54,11:54:00.000000000,323.62,2500,323.63,100,11:54:00.485175426,323.63,143,11:54:56.739993931,323.83,100,11:54:56.737204695,323.84,3100,11:54:56.949689229,323.84,200,11:54:07.412598527,323.52,1500,11:54:06.880888879,323.54,100,11:54:07.037596463,323.53,100,11:54:59.999999999,323.80,1900,323.81,800,11:54:59.237921982,323.80,100,0.01,0.03,,323.7323,18322,31035,3049,5765,16556,72700,3747,112668,831,20184,323.70462,26900,16187,67016,22749,0,0.36198,0.34582,323.64577,323.65952
20200131,SPY,11:55,11:55:00.000000000,323.80,1900,323.81,800,11:55:00.089429863,323.81,10,11:55:56.172401170,323.91,200,11:55:56.172455180,323.92,800,11:55:35.673088047,323.91,100,11:55:10.032627087,323.77,1800,11:55:10.032519048,323.78,100,11:55:10.039454558,323.77,7,11:55:59.999999999,323.86,2800,323.87,600,11:55:59.864414057,323.8699,300,0.01,0.02,,323.86374,22872,29956,3067,9162,9803,55411,20527,100003,994,27923,323.85211,21902,18872,49625,37527,0,0.17989,0.1773,323.83483,323.8485
20200131,SPY,11:56,11:56:00.000000000,323.86,2800,323.87,600,11:56:00.310656377,323.8650,134,11:56:45.519418652,323.96,200,11:56:45.519418652,323.97,4400,11:56:45.558881182,323.97,1,11:56:00.767042565,323.81,3200,11:56:03.717542226,323.82,100,11:56:03.717971591,323.81,100,11:56:59.999999999,323.86,200,323.87,15800,11:56:59.761837031,323.8650,40,0.01,0.02,,323.89345,16548,33490,1871,10455,3142,33290,10905,78135,839,15018,323.88696,17702,13013,35289,27149,0,0.00336,0.00293,323.86487,323.87756
20200131,SPY,11:57,11:57:00.000000000,323.86,200,323.87,15800,11:57:00.181297665,323.87,100,11:57:49.880665582,323.96,1800,11:57:54.230433305,323.98,7700,11:57:48.389199297,323.97,29,11:57:02.060872355,323.82,1600,11:57:02.046589643,323.84,300,11:57:02.183997912,323.83,100,11:57:59.999999999,323.92,2700,323.93,200,11:57:59.664543042,323.9249,15,0.01,0.02,,323.90651,18890,38143,3301,8318,3983,71141,12026,115252,1002,21660,323.89462,20090,23636,58232,34954,0,0.21376,0.21085,323.89542,323.90766
20200131,SPY,11:58,11:58:00.000000000,323.92,2700,323.93,200,11:58:00.021719425,323.9250,100,11:58:16.150021765,324.06,100,11:58:16.149989517,324.07,7500,11:58:16.279308085,324.07,500,11:58:00.000000000,323.92,2700,11:58:00.000000000,323.93,200,11:58:00.021719425,323.9250,100,11:58:59.999999999,323.94,2800,323.96,3200,11:58:59.473918001,323.95,90,0.01,0.02,,324.00229,16912,65282,3649,20326,10386,68791,7136,141119,1380,34451,324.00254,33637,30504,61022,50407,0,0.01104,0.00662,323.98699,323.99959
20200131,SPY,11:59,11:59:00.000000000,323.94,2800,323.96,3200,11:59:00.043204505,323.95,100,11:59:59.100801624,324.09,100,11:59:59.100813524,324.10,7700,11:59:59.100616469,324.10,223,11:59:00.596660324,323.93,1700,11:59:00.596585828,323.94,500,11:59:00.596590717,323.94,100,11:59:59.999999999,324.09,3000,324.10,1200,11:59:59.998908538,324.0950,180,0.01,0.02,,324.04174,13744,16192,3856,15749,10176,49643,13412,68052,897,40976,324.04256,20157,24810,35694,28367,0,0.27796,0.27388,324.02361,324.03545
20200131,SPY,12:00,12:00:00.000000000,324.09,3000,324.10,1200,12:00:00.018125280,324.0950,180,12:00:00.000000000,324.09,3000,12:00:00.000000000,324.10,1200,12:00:00.018125280,324.0950,180,12:00:39.253649239,323.82,1300,12:00:38.568242574,323.84,100,12:00:38.558495925,323.83,100,12:00:59.999999999,323.94,1800,323.95,300,12:00:59.889765476,323.94,100,0.01,0.02,,323.95153,18486,67505,7991,8692,3061,70841,18115,125945,1252,50260,323.95635,42760,22457,31974,79014,0,-0.06802,-0.08452,323.93838,323.95073
20200131,SPY,12:01,12:01:00.000000000,323.94,1800,323.95,300,12:01:00.187354264,323.95,44,12:01:30.200367005,324.05,100,12:01:30.200367005,324.06,3100,12:01:30.103750732,324.05,200,12:01:00.000000000,323.94,1800,12:01:00.000000000,323.95,300,12:01:03.880588128,323.90,100,12:01:59.999999999,324.01,3100,324.02,400,12:01:59.871636517,324.02,100,0.01,0.02,,323.98425,17538,39445,4785,6486,3743,40884,49677,123378,1065,21642,324.01023,28421,41869,29163,45567,0,-1.44964,-1.44957,324.00252,324.01492
20200131,SPY,12:02,12:02:00.000000000,324.01,3100,324.02,400,12:02:00.058193780,324.0177,100,12:02:05.561350827,324.06,500,12:02:05.561459917,324.07,3400,12:02:05.609328865,324.07,5,12:02:23.073957282,323.94,2600,12:02:23.073957282,323.95,200,12:02:23.702585641,323.9450,100,12:02:59.999999999,324.01,1300,324.03,2400,12:02:59.875688639,324.0175,76,0.01,0.02,,323.99435,15922,37128,4953,7074,5141,41586,5895,77560,825,24217,324.00353,13976,16426,36766,34609,0,0.047,0.05503,323.99327,324.0062
20200131,SPY,12:03,12:03:00.000000000,324.01,1300,324.03,2400,12:03:00.213290861,324.0260,100,12:03:05.109297312,324.04,200,12:03:05.109297312,324.05,2800,12:03:09.033466882,324.05,80,12:03:17.215959541,323.94,700,12:03:17.215793752,323.95,600,12:03:18.031248080,323.9424,5,12:03:59.999999999,324.00,1000,324.01,1300,12:03:59.376453754,324.0050,5,0.01,0.02,,323.98423,13512,18732,1312,4385,2641,34622,5165,57301,568,9556,323.99626,8198,18530,29042,11087,0,-0.56013,-0.17567,323.9853,323.99826
20200131,SPY,12:04,12:04:00.000000000,324.00,1000,324.01,1300,12:04:00.037994665,324.00,100,12:04:00.000000000,324.00,1000,12:04:00.000000000,324.01,1300,12:04:00.530879664,324.0050,100,12:04:50.126159202,323.87,1800,12:04:50.126216064,323.88,200,12:04:45.708471199,323.88,700,12:04:59.999999999,323.89,1500,323.90,600,12:04:59.161820783,323.89,66,0.01,0.02,,323.92549,12784,44186,3108,4665,2017,18225,8068,66067,736,14202,323.92514,10947,19016,17282,33024,0,-0.29624,-0.28273,323.93796,323.95086
20200131,SPY,12:05,12:05:00.000000000,323.89,1500,323.90,600,12:05:00.618609899,323.89,5,12:05:00.000000000,323.89,1500,12:05:00.000000000,323.90,600,12:05:00.618609899,323.89,5,12:05:52.056795099,323.73,4600,12:05:52.124341996,323.74,100,12:05:52.124282746,323.73,393,12:05:59.999999999,323.76,200,323.77,2900,12:05:59.806585836,323.77,100,0.01,0.02,,323.80585,14964,73772,4747,16893,1507,24741,20458,119374,996,22744,323.78491,25111,26954,23561,66492,0,-0.29417,-0.2753,323.79835,323.81109
20200131,SPY,12:06,12:06:00.000000000,323.76,200,323.77,2900,12:06:00.151185823,323.76,100,12:06:01.515979836,323.78,2200,12:06:01.516077128,323.79,1700,12:06:01.516129984,323.79,97,12:06:24.095926981,323.65,1500,12:06:24.108058743,323.66,300,12:06:25.904211901,323.65,70,12:06:59.999999999,323.69,2200,323.70,200,12:06:59.986093902,323.6980,100,0.01,0.02,,323.70825,13166,62878,3582,14883,9815,58618,5612,121500,1000,33888,323.7062,25016,23326,39903,67143,0,-0.05904,-0.06965,323.70035,323.71334
20200131,SPY,12:07,12:07:00.000000000,323.69,2200,323.70,200,12:07:00.214354809,323.69,1,12:07:08.996099395,323.76,100,12:07:08.996061016,323.77,5300,12:07:09.118804877,323.77,100,12:07:49.753007671,323.62,2800,12:07:59.016041535,323.63,200,12:07:59.037916874,323.62,2,12:07:59.999999999,323.62,300,323.63,2600,12:07:59.037916874,323.62,2,0.01,0.02,,323.66085,12458,40904,650,8353,13047,56744,12578,101433,757,30843,323.67507,27981,19783,28399,56113,0,0.03684,0.05751,323.6761,323.68895
20200131,SPY,12:08,12:08:00.000000000,323.62,300,323.63,2600,12:08:00.777744975,323.62,100,12:08:11.599590761,323.67,100,12:08:11.617463624,323.69,2200,12:08:13.423875694,323.68,100,12:08:34.804387093,323.56,2500,12:08:34.803867436,323.57,1100,12:08:34.805551135,323.56,2,12:08:59.999999999,323.62,2800,323.64,3300,12:08:59.913892774,323.63,69,0.01,0.02,,323.6057,14640,17851,1282,3310,9404,21599,833,40494,481,13785,323.62752,15012,7381,15742,16144,0,0.04206,0.03868,323.60606,323.61941
20200131,SPY,12:09,12:09:00.000000000,323.62,2800,323.64,3300,12:09:00.825342137,323.63,100,12:09:07.839553741,323.68,300,12:09:07.839595797,323.69,3600,12:09:29.174439967,323.69,75,12:09:00.000000000,323.62,2800,12:09:00.276029291,323.63,500,12:09:15.059634318,323.62,1,12:09:59.999999999,323.68,1200,323.69,2300,12:09:59.923096386,323.69,100,0.01,0.02,,323.6596,12602,23618,4408,5847,5313,16456,973,40686,408,15929,323.64967,11377,13339,11902,19997,0,-0.12996,-0.14476,323.64834,323.66143
20200131,SPY,12:10,12:10:00.000000000,323.68,1200,323.69,2300,12:10:00.025813242,323.68,25,12:10:18.095045761,323.80,200,12:10:18.081846602,323.81,2600,12:10:19.898073560,323.81,100,12:10:57.707085012,323.61,1700,12:10:57.197219361,323.63,100,12:10:59.316219231,323.62,78,12:10:59.999999999,323.62,900,323.63,400,12:10:59.821512201,323.6399,310,0.01,0.02,,323.70018,15786,27677,6416,6537,4377,70257,8991,108568,810,15687,323.71443,21062,14385,59898,28910,0,0.21508,0.20766,323.69621,323.70823
20200131,SPY,12:11,12:11:00.000000000,323.62,900,323.63,400,12:11:00.079416997,323.6250,100,12:11:53.234608856,323.68,100,12:11:53.234608856,323.69,2200,12:11:54.731239178,323.69,100,12:11:26.591127488,323.55,1000,12:11:26.590935535,323.56,100,12:11:27.153570287,323.55,500,12:11:59.999999999,323.67,3000,323.69,3200,12:11:59.518311426,323.68,76,0.01,0.02,,323.61709,12402,16781,1651,7101,6121,43229,12099,68373,657,18609,323.6147,14638,13436,31170,27738,0,0.17169,0.16832,323.60924,323.62215
20200131,SPY,12:12,12:12:00.000000000,323.67,3000,323.69,3200,12:12:00.429947030,323.69,5,12:12:30.933471422,323.78,100,12:12:30.932714822,323.79,2100,12:12:32.852230493,323.79,200,12:12:55.313210239,323.60,1900,12:12:55.316339539,323.61,100,12:12:55.380884485,323.61,100,12:12:59.999999999,323.62,1700,323.63,1500,12:12:59.878946864,323.6387,1,0.01,0.02,,323.70721,13330,16722,7453,7872,2807,18300,6586,46210,607,13530,323.7454,14338,11267,14514,19621,0,0.01666,0.0103,323.71363,323.72549
20200131,SPY,12:13,12:13:00.000000000,323.62,1700,323.63,1500,12:13:00.247454960,323.62,100,12:13:16.702370726,323.68,100,12:13:16.699197704,323.69,3800,12:13:18.072347902,323.6832,700,12:13:59.324856339,323.46,4900,12:13:59.150733749,323.48,100,12:13:59.150340514,323.47,25,12:13:59.999999999,323.47,1400,323.49,3300,12:13:59.616644353,323.47,100,0.01,0.03,,323.57404,15420,30187,1721,8508,6045,60865,14420,94949,894,26797,323.57361,19772,21386,36157,44431,0,0.2508,0.23865,323.58095,323.59313
20200131,SPY,12:14,12:14:00.000000000,323.47,1400,323.49,3300,12:14:00.023678542,323.47,51,12:14:00.000000000,323.47,1400,12:14:00.000000000,323.49,3300,12:14:18.160236897,323.6080,17,12:14:21.571277237,323.33,2300,12:14:21.571193855,323.34,400,12:14:21.593914985,323.33,150,12:14:59.999999999,323.35,1200,323.36,1700,12:14:58.562597796,323.35,700,0.01,0.04,,323.39135,21378,89766,6048,17979,7784,73246,21050,180906,1584,34967,323.39681,38695,44092,75733,57353,0,-0.3481,-0.19046,323.39159,323.40468
20200131,SPY,12:15,12:15:00.000000000,323.35,1200,323.36,1700,12:15:00.143013412,323.35,102,12:15:10.422183408,323.43,300,12:15:10.422183408,323.44,2000,12:15:10.681882487,323.4375,17,12:15:56.451738718,323.28,1900,12:15:56.451470697,323.29,400,12:15:57.180492520,323.28,75,12:15:59.999999999,323.28,8700,323.30,1600,12:15:59.733705401,323.29,100,0.01,0.02,,323.36076,15082,36117,2823,9847,5393,66197,12662,80227,865,52812,323.37937,52422,19909,23980,36728,0,-0.06181,-0.05833,323.35906,323.37114
20200131,SPY,12:16,12:16:00.000000000,323.28,8700,323.30,1600,12:16:00.130698573,323.28,100,12:16:25.871423077,323.38,100,12:16:40.016646022,323.40,1800,12:16:26.521358639,323.39,200,12:16:55.183640042,323.26,3500,12:16:55.183631148,323.27,200,12:16:55.209916037,323.2650,100,12:16:59.999999999,323.31,100,323.32,1300,12:16:59.704728930,323.31,40,0.01,0.02,,323.31664,12550,28709,5281,12298,9101,16159,10487,46716,635,35319,323.32842,17836,15744,19684,28771,0,-0.15276,-0.12176,323.32282,323.33597
20200131,SPY,12:17,12:17:00.000000000,323.31,100,323.32,1300,12:17:00.371505572,323.3201,5,12:17:00.554557958,323.33,100,12:17:00.554459534,323.34,1900,12:17:29.763914594,323.3877,11,12:17:37.079867521,323.21,6900,12:17:37.079615538,323.22,200,12:17:32.580943891,323.22,250,12:17:59.999999999,323.24,2000,323.25,1100,12:17:59.936876090,323.24,50,0.01,0.02,,323.25483,11122,128642,2054,21713,3018,88799,35651,224976,1637,54901,323.25765,33236,38580,70860,137201,0,-0.1619,-0.16197,323.25004,323.26193
20200131,SPY,12:18,12:18:00.000000000,323.24,2000,323.25,1100,12:18:00.028173609,323.24,5,12:18:52.914463030,323.38,100,12:18:52.914537902,323.39,2100,12:18:36.469690277,323.38,31,12:18:00.023120884,323.23,2000,12:18:00.028168441,323.24,100,12:18:01.646922817,323.2320,1,12:18:59.999999999,323.37,2300,323.38,300,12:18:59.690655548,323.37,200,0.01,0.02,,323.32698,9950,15702,890,9017,9440,45835,7370,58260,685,29994,323.3361,18984,13565,42034,13671,0,0.19284,0.19263,323.32142,323.333
20200131,SPY,12:19,12:19:00.000000000,323.37,2300,323.38,300,12:19:00.935616912,323.37,216,12:19:02.169354783,323.40,100,12:19:02.169416333,323.41,1900,12:19:02.971720959,323.41,99,12:19:25.835615888,323.26,1500,12:19:25.918429149,323.27,200,12:19:25.989138551,323.26,50,12:19:59.999999999,323.35,2900,323.36,600,12:19:59.644739118,323.35,100,0.01,0.02,,323.34303,11692,16121,2846,10877,2517,31231,4464,45751,664,22305,323.34573,12742,13971,24296,17047,0,0.11426,0.11098,323.33545,323.34733
20200131,SPY,12:20,12:20:00.000000000,323.35,2900,323.36,600,12:20:00.446044778,323.36,2,12:20:35.230486493,323.48,100,12:20:34.962167479,323.49,2600,12:20:35.379400648,323.4850,100,12:20:00.000000000,323.35,2900,12:20:00.000000000,323.36,600,12:20:03.459259449,323.3570,1400,12:20:59.999999999,323.43,1200,323.44,800,12:20:58.668817472,323.44,100,0.01,0.03,,323.43835,12586,21196,2548,7699,5138,67045,5369,88501,852,20494,323.43949,15072,18044,51735,24144,0,0.31139,0.28177,323.41803,323.4316
20200131,SPY,12:21,12:21:00.000000000,323.43,1200,323.44,800,12:21:00.029140990,323.43,5,12:21:17.275056937,323.44,100,12:21:17.290302570,323.46,1700,12:21:17.275986025,323.45,3,12:21:30.884983061,323.32,5000,12:21:31.431546711,323.33,300,12:21:31.431742600,323.33,2,12:21:59.999999999,323.36,800,323.37,8500,12:21:59.700380012,323.37,50,0.01,0.02,,323.38986,12562,23078,2750,5618,4212,41155,10399,63442,688,23770,323.39438,21549,14391,26592,24680,0,-0.00229,-0.0096,323.39389,323.40779
20200131,SPY,12:22,12:22:00.000000000,323.36,800,323.37,8500,12:22:00.120131116,323.37,9,12:22:00.000000000,323.36,800,12:22:00.000000000,323.37,8500,12:22:17.494800031,323.74,45000,12:22:56.604189121,323.22,2200,12:22:56.604139426,323.23,100,12:22:49.233118244,323.23,1,12:22:59.999999999,323.23,2600,323.25,17900,12:22:58.783670263,323.25,500,0.01,0.02,,323.29221,13240,14390,3146,3572,2301,65029,6078,39162,413,55354,323.65408,52830,10136,14724,16826,0,0.05374,0.05568,323.2827,323.29534
20200131,SPY,12:23,12:23:00.000000000,323.23,2600,323.25,17900,12:23:00.639395736,323.25,5,12:23:13.791409582,323.29,200,12:23:13.791403177,323.30,3300,12:23:19.962033596,323.30,100,12:23:52.838147999,323.18,1800,12:23:52.838227329,323.19,100,12:23:52.837604107,323.19,3,12:23:59.999999999,323.25,2600,323.27,2600,12:23:59.039030011,323.2501,50,0.01,0.02,,323.23776,13522,94690,1440,11714,4500,67625,25866,191704,1268,14131,323.24827,32699,31011,47210,94915,0,-0.01793,-0.00896,323.23677,323.24929
20200131,SPY,12:24,12:24:00.000000000,323.25,2600,323.27,2600,12:24:00.377717616,323.25,100,12:24:03.293760798,323.27,100,12:24:01.503870290,323.28,2000,12:24:03.363331272,323.27,6,12:24:30.169359039,323.17,3100,12:24:30.174348787,323.18,100,12:24:30.965046093,323.17,100,12:24:59.999999999,323.22,4200,323.24,3900,12:24:59.974732953,323.23,200,0.01,0.02,,323.21496,13746,19886,4659,4458,897,12903,2808,34565,409,11046,323.21712,7073,9959,9791,18788,0,-0.07408,-0.04732,323.21325,323.22577
20200131,SPY,12:25,12:25:00.000000000,323.22,4200,323.24,3900,12:25:00.046094076,323.23,100,12:25:00.054849970,323.23,100,12:25:00.000000000,323.24,3900,12:25:45.986449628,323.24,232,12:25:21.612145895,323.12,3600,12:25:21.664232511,323.13,100,12:25:21.645284618,323.12,50,12:25:59.999999999,323.20,2000,323.21,500,12:25:58.423937163,323.19,295,0.01,0.02,,323.17566,16478,23233,12274,18951,3350,26988,4649,55146,569,34299,323.19024,22340,23188,22021,21896,0,0.02067,0.01761,323.1714,323.18457
20200131,SPY,12:26,12:26:00.000000000,323.20,2000,323.21,500,12:26:00.024569030,323.20,100,12:26:36.065873092,323.34,100,12:26:36.065792509,323.35,4500,12:26:36.061265667,323.34,250,12:26:05.010627477,323.16,5300,12:26:05.010676048,323.17,100,12:26:05.011085958,323.17,97,12:26:59.999999999,323.23,1200,323.24,1100,12:26:59.658477949,323.2399,20,0.01,0.03,,323.25344,16942,23244,3574,13998,12030,31866,10109,55589,646,39232,323.27352,26859,21436,24799,21727,0,-0.02715,-0.0187,323.25833,323.27085
20200131,SPY,12:27,12:27:00.000000000,323.23,1200,323.24,1100,12:27:00.015123258,323.23,100,12:27:00.000000000,323.23,1200,12:27:00.000000000,323.24,1100,12:27:43.700447207,323.24,100,12:27:07.298409283,323.11,4400,12:27:06.831768902,323.13,100,12:27:10.427787831,323.12,100,12:27:59.999999999,323.22,3300,323.23,800,12:27:59.947295224,323.23,100,0.01,0.02,,323.1792,13984,15856,2021,8702,3689,29396,3990,43982,528,19672,323.17876,12900,11869,19593,19292,0,0.12513,0.11796,323.17497,323.1875
20200131,SPY,12:28,12:28:00.000000000,323.22,3300,323.23,800,12:28:00.019282343,323.22,5,12:28:58.016277020,323.44,200,12:28:58.016220168,323.45,3800,12:28:59.031477659,323.4477,26,12:28:00.085895935,323.20,2400,12:28:00.085895935,323.21,200,12:28:00.085817527,323.21,100,12:28:59.999999999,323.43,3300,323.45,5900,12:28:59.773422444,323.44,200,0.01,0.02,,323.37696,14170,34050,2094,14526,2129,59631,3336,93600,723,22166,323.37979,16050,17140,65273,17303,0,0.18026,0.16421,323.33249,323.34534
20200131,SPY,12:29,12:29:00.000000000,323.43,3300,323.45,5900,12:29:00.108114756,323.44,100,12:29:26.800641853,323.55,200,12:29:26.800539487,323.56,3500,12:29:26.832493542,323.5550,17,12:29:05.288919965,323.40,1300,12:29:05.445317757,323.41,100,12:29:43.957412730,323.40,3,12:29:59.999999999,323.41,200,323.42,10000,12:29:59.691792254,323.4199,46,0.01,0.02,,323.4713,15776,22411,3976,7089,7114,115273,3176,52561,574,106478,323.45296,100128,14132,22486,22293,0,0.06842,0.06183,323.44337,323.457
20200131,SPY,12:30,12:30:00.000000000,323.41,200,323.42,10000,12:30:00.179918262,323.4190,2,12:30:00.000000000,323.41,200,12:30:00.361143913,323.43,7800,12:30:00.519936785,323.42,40,12:30:58.117975115,323.13,16400,12:30:58.118877749,323.14,100,12:30:58.119248457,323.13,100,12:30:59.999999999,323.13,2600,323.15,15000,12:30:59.982111991,323.1450,1,0.01,0.02,,323.23916,18102,74275,6266,10708,3135,25728,13006,106896,915,26222,323.24173,13476,26310,17250,76082,0,-0.21725,-0.21248,323.25288,323.26557
20200131,SPY,12:31,12:31:00.000000000,323.13,2600,323.15,15000,12:31:00.618407519,323.14,100,12:31:43.391774242,323.24,300,12:31:43.185138790,323.25,2600,12:31:43.416236963,323.25,16,12:31:03.403370160,323.12,4200,12:31:03.474910306,323.13,100,12:31:03.466595970,323.12,10,12:31:59.999999999,323.20,500,323.21,1000,12:31:59.955939448,323.19,100,0.01,0.02,,323.17249,14634,109098,6731,13314,4379,24082,5157,133181,923,29580,323.18683,14479,28934,16513,102835,0,-0.34459,-0.31755,323.18117,323.19452
20200131,SPY,12:32,12:32:00.000000000,323.20,500,323.21,1000,12:32:00.198722594,323.20,100,12:32:06.854170435,323.27,100,12:32:06.853408187,323.28,1700,12:32:06.993163221,323.27,100,12:32:55.759668516,323.11,7000,12:32:55.759653805,323.12,400,12:32:55.759433483,323.11,14,12:32:59.999999999,323.11,3100,323.12,600,12:32:59.767137771,323.12,100,0.01,0.02,,323.19558,14210,37362,2894,9130,4270,21197,3843,57917,595,20779,323.16947,9973,16359,21088,31276,0,-0.04052,-0.04416,323.19479,323.20742
20200131,SPY,12:33,12:33:00.000000000,323.11,3100,323.12,600,12:33:00.748431576,323.11,250,12:33:15.096908045,323.23,100,12:33:14.875089083,323.24,1900,12:33:15.096479714,323.24,144,12:33:02.565242063,323.06,1900,12:33:02.565320042,323.07,200,12:33:02.613757356,323.0650,100,12:33:59.999999999,323.10,2600,323.11,400,12:33:58.802993049,323.1050,600,0.01,0.02,,323.14428,14352,26188,2030,8617,1638,25075,8412,55744,672,16216,323.14089,11897,10081,29406,20576,0,-0.0292,-0.03251,323.14244,323.15522
20200131,SPY,12:34,12:34:00.000000000,323.10,2600,323.11,400,12:34:00.031815685,323.11,100,12:34:09.253094264,323.15,100,12:34:09.252997270,323.16,1700,12:34:09.790454490,323.16,18,12:34:58.924390568,322.77,9000,12:34:59.875767391,322.78,100,12:34:58.910358880,322.78,26,12:34:59.999999999,322.77,1900,322.78,1000,12:34:59.989489716,322.78,2,0.01,0.02,,322.89389,26420,333294,9861,48569,8576,96398,95617,512704,3415,79611,322.92795,55317,86354,140739,309905,0,-0.33668,-0.30422,323.00665,323.01928
20200131,SPY,12:35,12:35:00.000000000,322.77,1900,322.78,1000,12:35:00.049125358,322.78,5,12:35:00.877983254,322.85,200,12:35:00.878140690,322.86,1800,12:35:01.029764673,322.86,2,12:35:54.606230828,322.25,6100,12:35:55.533354964,322.26,100,12:35:54.583660519,322.26,1,12:35:59.999999999,322.34,2900,322.36,2900,12:35:59.996083990,322.34,1500,0.01,0.05,,322.62116,56450,601073,11465,75487,15765,373801,107643,1082584,7911,102650,322.57882,118079,167670,311244,588241,0,-0.25679,-0.19117,322.57526,322.58819
20200131,SPY,12:36,12:36:00.000000000,322.34,2900,322.36,2900,12:36:00.029436040,322.34,100,12:36:08.255845847,322.53,300,12:36:08.788417072,322.55,1200,12:36:19.603344764,322.7407,29,12:36:33.411448674,322.23,5300,12:36:33.289814017,322.25,200,12:36:33.371702017,322.24,100,12:36:59.999999999,322.36,200,322.37,7300,12:36:59.934379007,322.37,200,0.01,0.02,,322.36621,49498,175241,10500,32085,6100,177052,40536,365759,3896,75755,322.36008,67379,66339,166584,141212,0,-0.03116,-0.03848,322.35578,322.36876
20200131,SPY,12:37,12:37:00.000000000,322.36,200,322.37,7300,12:37:00.037082306,322.36,100,12:37:36.232477254,322.51,500,12:37:36.232477254,322.52,1300,12:37:36.234444634,322.52,100,12:37:12.210373881,322.24,8700,12:37:12.210367586,322.25,100,12:37:12.211832924,322.24,100,12:37:59.999999999,322.41,2900,322.43,3200,12:37:59.963654571,322.42,100,0.01,0.02,,322.37967,31572,146894,3895,25147,12717,204092,22385,367706,2822,47424,322.4052,39131,55507,136018,184474,0,0.07489,0.09015,322.39314,322.40573
20200131,SPY,12:38,12:38:00.000000000,322.41,2900,322.43,3200,12:38:00.029576907,322.43,25,12:38:43.281406450,322.55,300,12:38:43.281693124,322.56,300,12:38:43.652439176,322.56,100,12:38:01.455328837,322.35,14600,12:38:01.455970059,322.36,100,12:38:01.456172264,322.35,100,12:38:59.999999999,322.42,2300,322.43,1500,12:38:59.991368310,322.4350,377,0.01,0.02,,322.47732,22770,111636,1584,24265,4456,135605,10880,234387,1851,54039,322.46998,33667,32746,119872,102141,0,0.0194,0.00896,322.47266,322.4857
20200131,SPY,12:39,12:39:00.000000000,322.42,2300,322.43,1500,12:39:00.070514157,322.43,46,12:39:38.572519277,322.44,100,12:39:38.572237222,322.45,7600,12:39:38.572084923,322.45,14,12:39:10.264278215,322.35,2000,12:39:10.296629484,322.36,100,12:39:10.594664974,322.35,15,12:39:59.999999999,322.36,8000,322.37,1700,12:39:59.878998168,322.36,500,0.01,0.02,,322.39029,17798,131480,9963,50588,8268,95733,27404,235833,1927,87603,322.38761,37683,61884,96630,127239,0,-0.11744,-0.09239,322.38006,322.39251
20200131,SPY,12:40,12:40:00.000000000,322.36,8000,322.37,1700,12:40:00.006235454,322.36,500,12:40:00.000000000,322.36,8000,12:40:35.154289275,322.38,1800,12:40:32.912477944,322.3921,25,12:40:45.870633616,322.22,3000,12:40:45.870633616,322.23,100,12:40:45.903504114,322.22,200,12:40:59.999999999,322.27,1600,322.28,800,12:40:59.829260743,322.27,63,0.01,0.02,,322.28695,24018,246194,5800,42007,4763,149489,45522,404391,2831,89384,322.30026,64706,72249,150212,206608,0,-0.2402,-0.2321,322.28829,322.3004
20200131,SPY,12:41,12:41:00.000000000,322.27,1600,322.28,800,12:41:00.022027382,322.2750,12,12:41:51.470563867,322.44,100,12:41:51.257280895,322.45,12600,12:41:51.347943429,322.45,50,12:41:04.717214857,322.22,2900,12:41:15.482707462,322.23,500,12:41:15.835356061,322.22,897,12:41:59.999999999,322.35,2200,322.37,4200,12:41:59.678407134,322.36,400,0.01,0.02,,322.32084,18670,85780,5019,18234,7778,119091,24115,211957,1553,48060,322.30503,41511,31342,103373,83791,0,0.10505,0.08164,322.31104,322.32338
20200131,SPY,12:42,12:42:00.000000000,322.35,2200,322.37,4200,12:42:00.047769132,322.37,100,12:42:37.576720511,322.66,100,12:42:37.576963471,322.67,2400,12:42:37.611136191,322.67,100,12:42:07.302516015,322.28,4400,12:42:07.306179244,322.29,100,12:42:07.311763178,322.28,16,12:42:59.999999999,322.50,100,322.51,1900,12:42:59.738190334,322.5099,20,0.01,0.02,,322.54166,28112,83326,5668,30747,11271,237227,73817,385375,2862,56681,322.55919,84875,73080,205198,78903,0,0.99214,0.97531,322.48044,322.49276
20200131,SPY,12:43,12:43:00.000000000,322.50,100,322.51,1900,12:43:00.002249824,322.5050,100,12:43:58.697242488,322.85,100,12:43:58.635672794,322.86,1000,12:43:58.519158176,322.84,100,12:43:19.350871496,322.34,2100,12:43:19.350915146,322.35,100,12:43:29.239315182,322.34,100,12:43:59.999999999,322.80,1500,322.81,800,12:43:59.987274591,322.81,200,0.01,0.02,,322.60191,35822,128585,1231,39823,5603,247150,23469,389307,3491,56554,322.57904,60220,60267,204578,120796,0,0.19772,0.18413,322.47652,322.49
20200131,SPY,12:44,12:44:00.000000000,322.80,1500,322.81,800,12:44:00.002668305,322.80,100,12:44:47.694097218,323.09,100,12:44:47.693087160,323.10,4600,12:44:58.195611635,323.11,388,12:44:02.059283093,322.71,2000,12:44:02.087840570,322.72,100,12:44:02.206853773,322.71,352,12:44:59.999999999,323.06,1500,323.07,700,12:44:59.933288365,323.07,300,0.01,0.03,2500,322.90677,50170,278127,6969,62811,10536,409782,94767,806479,6224,56513,322.92515,134495,127011,343125,258361,0,-0.04872,-0.06617,322.89368,322.9065
20200131,SPY,12:45,12:45:00.000000000,323.06,1500,323.07,700,12:45:00.110355704,323.07,100,12:45:00.210860068,323.08,100,12:45:00.114067439,323.09,1300,12:45:00.270624194,323.0873,945,12:45:20.130149231,322.81,4800,12:45:20.130270722,322.82,100,12:45:49.641782182,322.7014,29,12:45:59.999999999,322.86,700,322.87,800,12:45:59.699110302,322.8501,5,0.01,0.02,,322.90407,35170,113601,1731,20785,11227,159717,36933,316304,2637,27690,322.92504,57753,40508,134041,111692,0,0.16852,0.14935,322.90661,322.91997
20200131,SPY,12:46,12:46:00.000000000,322.86,700,322.87,800,12:46:00.017916013,322.86,100,12:46:00.000000000,322.86,700,12:46:00.000000000,322.87,800,12:46:00.017916013,322.86,100,12:46:48.645215491,322.55,2300,12:46:48.653169164,322.56,100,12:46:49.626900074,322.55,13,12:46:59.999999999,322.58,200,322.59,2000,12:46:59.938910759,322.5978,5,0.01,0.02,,322.67976,27184,147811,10572,23015,4779,46902,15198,216026,1898,32251,322.68809,35309,43735,45752,123481,0,-0.3152,-0.26207,322.67173,322.68458
20200131,SPY,12:47,12:47:00.000000000,322.58,200,322.59,2000,12:47:00.085444252,322.58,100,12:47:57.359994197,322.76,400,12:47:57.359994197,322.77,400,12:47:52.891259962,322.76,29,12:47:05.052082071,322.55,1700,12:47:03.429224981,322.57,100,12:47:04.762200922,322.56,100,12:47:59.999999999,322.70,900,322.71,20300,12:47:59.993907295,322.70,300,0.01,0.02,,322.65929,18506,71044,764,6880,3968,39751,7524,116757,1127,13174,322.66482,15606,18961,37803,57561,0,-0.11974,-0.12021,322.65077,322.6638
20200131,SPY,12:48,12:48:00.000000000,322.70,900,322.71,20300,12:48:00.002962051,322.7050,100,12:48:00.000000000,322.70,900,12:48:00.000000000,322.71,20300,12:48:44.867927993,322.8063,15,12:48:43.377546450,322.51,1900,12:48:43.378283713,322.52,200,12:48:46.334022839,322.51,100,12:48:59.999999999,322.52,1300,322.53,800,12:48:59.917392400,322.54,100,0.01,0.02,,322.64476,17256,76356,5271,13950,5240,67931,74992,213010,1464,30730,322.596,37194,31049,109790,65707,0,-0.00393,-0.00245,322.58793,322.60011
20200131,SPY,12:49,12:49:00.000000000,322.52,1300,322.53,800,12:49:00.186230708,322.52,100,12:49:44.767990887,322.58,100,12:49:44.766395226,322.59,1900,12:49:18.232131487,322.8099,20,12:49:17.612945760,322.47,1300,12:49:05.737823860,322.49,200,12:49:17.951911124,322.48,75,12:49:59.999999999,322.52,2900,322.53,900,12:49:59.993952210,322.5299,100,0.01,0.02,,322.5374,14446,45195,697,13871,3761,121006,43712,203751,1393,24491,322.53323,22686,28885,135528,41143,0,0.2657,0.24363,322.53107,322.54251
20200131,SPY,12:50,12:50:00.000000000,322.52,2900,322.53,900,12:50:00.244010560,322.5250,20,12:50:00.000000000,322.52,2900,12:50:00.000000000,322.53,900,12:50:34.659215753,322.6259,15,12:50:57.189892399,322.16,7700,12:50:57.190723108,322.17,100,12:50:57.189682635,322.16,48,12:50:59.999999999,322.19,5100,322.21,2100,12:50:59.808678426,322.20,100,0.01,0.02,,322.3169,23286,148883,4217,29401,6604,79563,21864,225431,2005,65101,322.29227,37060,48363,78318,126791,0,-0.22373,-0.19911,322.33425,322.34614
20200131,SPY,12:51,12:51:00.000000000,322.19,5100,322.21,2100,12:51:00.074431351,322.1999,20,12:51:06.460999459,322.28,100,12:51:06.460912833,322.29,2500,12:51:05.794370342,322.31,900,12:51:10.410025362,322.10,8900,12:51:10.410476174,322.11,100,12:51:10.451485734,322.10,5,12:51:59.999999999,322.17,2700,322.18,200,12:51:59.912122446,322.17,64,0.01,0.04,,322.20485,21854,158346,8836,42874,12461,79808,18129,264535,2231,55919,322.208,43536,56425,88070,132423,0,-0.3335,-0.28932,322.19013,322.20318
20200131,SPY,12:52,12:52:00.000000000,322.17,2700,322.18,200,12:52:00.042700750,322.18,100,12:52:03.806914313,322.27,100,12:52:03.805753373,322.28,4300,12:52:03.309081475,322.27,100,12:52:28.589170010,322.13,1800,12:52:28.588667115,322.14,800,12:52:59.155802705,322.1350,100,12:52:59.999999999,322.14,5500,322.16,3400,12:52:59.984076357,322.16,2,0.01,0.02,,322.18344,16080,75402,8382,26687,9222,57038,15438,150953,1337,41216,322.18783,24185,28779,51933,87272,0,-0.081,-0.06816,322.18198,322.19517
20200131,SPY,12:53,12:53:00.000000000,322.14,5500,322.16,3400,12:53:00.009026459,322.14,100,12:53:55.104409050,322.33,100,12:53:55.406983093,322.35,1900,12:53:55.464093349,322.35,42,12:53:00.783726072,322.13,2300,12:53:00.790437402,322.14,100,12:53:00.774893584,322.13,237,12:53:59.999999999,322.26,1400,322.27,2900,12:53:59.876804450,322.27,100,0.01,0.02,,322.23994,18778,42720,4816,11032,13821,78361,12333,126886,1100,36197,322.22109,24281,30678,70493,37631,0,0.16591,0.12999,322.22912,322.24227
20200131,SPY,12:54,12:54:00.000000000,322.26,1400,322.27,2900,12:54:00.023687400,322.26,100,12:54:41.932948894,322.85,100,12:54:42.085306134,322.87,2000,12:54:41.932839250,322.87,80,12:54:06.037562168,322.19,1400,12:54:06.037512171,322.20,1100,12:54:06.043764833,322.1950,100,12:54:59.999999999,322.62,1600,322.63,500,12:54:59.915728884,322.6250,8,0.01,0.04,,322.59541,53028,298535,10814,47015,13402,362114,55582,693721,6421,93741,322.57276,119212,108755,285762,273733,0,0.12853,0.10413,322.5838,322.59653
20200131,SPY,12:55,12:55:00.000000000,322.62,1600,322.63,500,12:55:00.145186786,322.64,10,12:55:17.714027995,322.84,100,12:55:17.713956337,322.85,2200,12:55:15.246704232,327.6740,503184,12:55:00.000000000,322.62,1600,12:55:00.000000000,322.63,500,12:55:57.429671582,322.4675,29,12:55:59.999999999,322.73,200,322.74,1500,12:55:59.734173448,322.7598,6,0.01,0.02,,322.76217,30234,100350,4325,12338,3123,652980,13178,250340,2185,535954,327.37295,540476,34223,123092,88503,0,0.17498,0.15285,322.75448,322.76835
20200131,SPY,12:56,12:56:00.000000000,322.73,200,322.74,1500,12:56:00.023108785,322.73,100,12:56:54.495932707,322.81,500,12:56:54.496480311,322.83,1300,12:56:04.623572964,322.81,100,12:56:29.465914382,322.60,600,12:56:29.465914382,322.61,100,12:56:30.000971308,322.60,1,12:56:59.999999999,322.78,300,322.79,1100,12:56:59.832318528,322.7930,10,0.01,0.03,,322.71599,24612,60607,2623,8029,8546,58541,6258,109714,1335,34890,322.71008,26944,23129,44000,50531,0,0.00406,-0.00055,322.71518,322.72955
20200131,SPY,12:57,12:57:00.000000000,322.78,300,322.79,1100,12:57:00.025995017,322.78,100,12:57:59.003031843,322.94,100,12:57:59.002992487,322.95,9700,12:57:47.843049252,322.95,90,12:57:37.188412328,322.71,5700,12:57:36.774825341,322.73,100,12:57:36.686266934,322.73,100,12:57:59.999999999,322.94,300,322.95,3700,12:57:59.710755038,322.93,100,0.01,0.02,,322.87708,19580,33188,1070,9852,5375,84280,13674,106797,1039,40642,322.82947,20421,17213,78563,31242,0,0.21513,0.19181,322.82087,322.83487
20200131,SPY,12:58,12:58:00.000000000,322.94,300,322.95,3700,12:58:00.006174781,322.95,100,12:58:00.010483648,322.95,400,12:58:00.009842278,322.96,1500,12:58:00.006174781,322.95,100,12:58:41.014571208,322.74,1300,12:58:41.014525155,322.75,100,12:58:41.659081992,322.74,100,12:58:59.999999999,322.74,200,322.75,4300,12:58:59.706891072,322.75,2,0.01,0.02,,322.85753,16960,26311,4093,7112,6378,34453,6538,65838,728,19047,322.85799,20288,14939,23264,26394,0,0.06347,0.06486,322.8357,322.84861
20200131,SPY,12:59,12:59:00.000000000,322.74,200,322.75,4300,12:59:00.006615265,322.74,200,12:59:00.000000000,322.74,200,12:59:00.000000000,322.75,4300,12:59:02.046213289,322.75,9,12:59:37.781940378,322.57,200,12:59:37.781946927,322.58,200,12:59:29.630002807,322.58,500,12:59:59.999999999,322.68,2100,322.69,200,12:59:59.825244367,322.69,12,0.01,0.02,,322.65404,15964,39853,10351,14197,5270,21138,15190,72280,855,33719,322.65893,24869,26588,21811,32731,0,-0.42735,-0.40278,322.65577,322.67001
20200131,SPY,13:00,13:00:00.000000000,322.68,2100,322.69,200,13:00:00.036446220,322.6899,251,13:00:58.734325197,322.94,100,13:00:57.986666324,322.95,1600,13:00:57.973138276,322.95,18,13:00:06.912270165,322.62,2000,13:00:06.914300443,322.63,200,13:00:06.978373894,322.62,33,13:00:59.999999999,322.93,1400,322.94,200,13:00:59.650943787,322.95,57,0.01,0.03,,322.80467,17744,50605,8215,14671,5824,102636,20134,149257,1442,52828,322.78262,33204,29457,93225,46199,0,0.20206,0.18292,322.77215,322.78567
20200131,SPY,13:01,13:01:00.000000000,322.93,1400,322.94,200,13:01:00.063699424,322.9350,100,13:01:48.797557721,323.14,100,13:01:48.797801243,323.15,7300,13:01:50.100844194,323.15,50,13:01:15.698598133,322.91,4600,13:01:15.699035615,322.92,100,13:01:50.177775455,322.8650,13,13:01:59.999999999,323.08,1100,323.09,300,13:01:59.809225371,323.09,100,0.01,0.03,,323.06579,18140,56582,3060,18787,10439,185371,16758,234079,1735,56918,323.03205,37033,38289,169574,46101,0,0.44498,0.35025,323.01287,323.02678
20200131,SPY,13:02,13:02:00.000000000,323.08,1100,323.09,300,13:02:00.142943854,323.09,100,13:02:00.268701690,323.09,100,13:02:00.143207927,323.10,1200,13:02:00.295881107,323.10,8,13:02:25.137064070,322.90,1800,13:02:25.206967116,322.91,100,13:02:25.427002151,322.9112,1,13:02:59.999999999,322.99,1600,323.00,900,13:02:59.928318869,323.00,25,0.01,0.02,,323.02053,15770,28438,3286,16429,2287,44915,5925,73989,790,27291,323.03178,14288,16796,46228,23968,0,0.12265,0.0894,322.99585,323.00932
20200131,SPY,13:03,13:03:00.000000000,322.99,1600,323.00,900,13:03:00.038210848,322.99,200,13:03:22.881692495,323.04,100,13:03:22.881979810,323.05,2000,13:03:22.881790516,323.05,59,13:03:51.047871453,322.90,3200,13:03:51.130968330,322.91,100,13:03:55.487832546,322.9069,644,13:03:59.999999999,322.95,500,322.96,2100,13:03:59.805660427,322.94,2500,0.01,0.02,,322.96572,10480,33402,2053,6085,8957,23980,3420,55939,624,21958,322.96254,13006,19810,16580,28501,0,-0.10269,-0.08047,322.96624,322.97895
20200131,SPY,13:04,13:04:00.000000000,322.95,500,322.96,2100,13:04:00.329820284,322.96,100,13:04:00.384919506,322.96,100,13:04:00.385015032,322.97,1800,13:04:15.419447286,322.9883,13,13:04:57.999683383,322.71,2000,13:04:58.000370833,322.72,100,13:04:58.215208651,322.7150,50,13:04:59.999999999,322.73,1500,322.74,900,13:04:59.812964236,322.73,100,0.01,0.02,,322.79557,16528,41710,6980,14788,9119,35005,12782,89187,915,31197,322.79073,23409,23732,24865,48378,0,-0.03764,-0.03755,322.79791,322.80982
20200131,SPY,13:05,13:05:00.000000000,322.73,1500,322.74,900,13:05:01.087873305,322.74,4,13:05:37.389463668,322.83,800,13:05:37.389555557,322.84,10900,13:05:17.932024787,322.9513,34,13:05:13.935493006,322.66,1200,13:05:13.938529711,322.67,100,13:05:14.133228958,322.6646,1000,13:05:59.999999999,322.71,1300,322.72,500,13:05:59.267153593,322.7150,5,0.01,0.02,,322.77848,14044,15516,5029,3876,3896,44433,3947,55400,571,21297,322.76003,18375,12548,33687,12087,0,0.23436,0.21509,322.74297,322.75553
20200131,SPY,13:06,13:06:00.000000000,322.71,1300,322.72,500,13:06:00.001249988,322.72,1,13:06:23.122807034,322.79,200,13:06:23.122015450,322.80,2300,13:06:24.038256332,322.7990,2,13:06:50.637780120,322.55,1900,13:06:50.637815040,322.56,300,13:06:50.637131013,322.55,300,13:06:59.999999999,322.61,1500,322.62,1200,13:06:59.885328756,322.6177,47,0.01,0.02,,322.67698,14718,35544,3224,5141,4325,38283,7274,72686,875,21105,322.71151,17092,18144,18860,39695,0,-0.19751,-0.18163,322.70608,322.71853
20200131,SPY,13:07,13:07:00.000000000,322.61,1500,322.62,1200,13:07:00.128548635,322.6101,20,13:07:03.061259368,322.62,200,13:07:03.060352471,322.63,2500,13:07:03.311341376,322.63,98,13:07:26.551200766,322.41,1700,13:07:29.372219810,322.42,100,13:07:26.548781728,322.42,200,13:07:59.999999999,322.55,2000,322.56,700,13:07:59.743646126,322.56,1,0.01,0.06,,322.54258,23212,97664,4232,18064,4645,44837,24032,171788,1637,21686,322.53421,33244,39901,40281,80048,0,-0.28097,-0.29158,322.51738,322.53037
20200131,SPY,13:08,13:08:00.000000000,322.55,2000,322.56,700,13:08:00.142597373,322.56,17,13:08:43.479296253,322.73,200,13:08:43.478731890,322.74,1900,13:08:43.515318839,322.7390,4,13:08:59.811970302,322.52,2800,13:08:59.821844941,322.53,200,13:08:03.559922385,322.53,21,13:08:59.999999999,322.52,1100,322.53,1600,13:08:59.812008333,322.54,100,0.01,0.02,,322.61137,14260,23426,3361,3666,9602,27311,10397,56760,644,21003,322.59584,13422,20514,24707,19120,0,0.07017,0.06634,322.59128,322.60305
20200131,SPY,13:09,13:09:00.000000000,322.52,1100,322.53,1600,13:09:00.439028364,322.5479,300,13:09:01.657539907,322.57,200,13:09:01.657644621,322.58,1600,13:09:01.646389379,322.57,500,13:09:34.024642789,322.40,3600,13:09:34.028642799,322.41,300,13:09:34.410947557,322.4150,100,13:09:59.999999999,322.43,100,322.44,1400,13:09:59.172351320,322.43,63,0.01,0.02,,322.47394,13202,44523,5101,10613,6815,37109,5557,70226,813,39492,322.47195,19254,24720,22442,43302,0,-0.03393,-0.04125,322.46319,322.47467
20200131,SPY,13:10,13:10:00.000000000,322.43,100,322.44,1400,13:10:00.335932426,322.4336,800,13:10:07.085628491,322.49,100,13:10:07.085628491,322.50,1900,13:10:07.085008005,322.50,28,13:10:58.446592978,322.36,1000,13:10:58.446845712,322.37,200,13:10:58.471052909,322.37,300,13:10:59.999999999,322.37,3100,322.38,300,13:10:59.763794544,322.3799,100,0.01,0.02,,322.44894,12102,15337,8599,7666,6719,26589,4042,43237,501,25715,322.44583,17910,12639,19562,18841,0,0.14825,0.12996,322.43723,322.44879
20200131,SPY,13:11,13:11:00.000000000,322.37,3100,322.38,300,13:11:00.092800051,322.38,100,13:11:16.378427985,322.45,100,13:11:12.189251125,322.46,6400,13:11:18.267009426,322.5383,20,13:11:00.000000000,322.37,3100,13:11:00.000000000,322.38,300,13:11:00.137872021,322.37,100,13:11:59.999999999,322.41,100,322.42,3700,13:11:59.561354350,322.42,16,0.01,0.02,,322.41194,15236,23560,3080,15337,3480,31327,2445,56264,648,22965,322.40988,12556,13010,31205,22458,0,0.08222,0.07747,322.40506,322.41713
20200131,SPY,13:12,13:12:00.000000000,322.41,100,322.42,3700,13:12:00.069434143,322.42,1,13:12:24.749432228,322.48,200,13:12:24.749500519,322.49,3500,13:12:55.217966994,322.4850,32,13:12:09.936791394,322.37,500,13:12:09.936802882,322.38,200,13:12:10.075416132,322.37,10,13:12:59.999999999,322.45,2100,322.46,500,13:12:59.567354214,322.4699,50,0.01,0.02,,322.43576,11644,18340,1085,5202,4012,32848,6091,43546,542,24032,322.44805,22502,13316,20620,11140,0,0.10093,0.09205,322.42266,322.43446
20200131,SPY,13:13,13:13:00.000000000,322.45,2100,322.46,500,13:13:00.091604461,322.47,34,13:13:00.016811465,322.46,200,13:13:00.148591744,322.48,4100,13:13:00.091604461,322.47,34,13:13:58.655501207,322.37,2000,13:13:58.654234674,322.38,200,13:13:59.477211262,322.37,200,13:13:59.999999999,322.38,2100,322.39,300,13:13:59.620515008,322.3710,203,0.01,0.02,,322.41961,10588,19017,6821,2419,6892,13982,8323,38098,487,19356,322.42502,14892,12685,14867,15010,0,-0.0796,-0.0783,322.4105,322.42193
20200131,SPY,13:14,13:14:00.000000000,322.38,2100,322.39,300,13:14:00.216893032,322.39,100,13:14:02.912689771,322.40,200,13:14:02.919218229,322.42,3000,13:14:53.629803355,327.6740,251592,13:14:56.485765884,322.24,24100,13:14:56.485864928,322.25,600,13:14:56.739093361,322.24,700,13:14:59.999999999,322.26,500,322.27,3500,13:14:59.843657488,322.2601,1700,0.01,0.02,,322.29939,12364,81392,15139,9214,4132,272472,8409,84093,963,306665,326.70975,274157,36904,24418,55279,0,-0.41152,-0.38935,322.32514,322.33719
20200131,SPY,13:15,13:15:00.000000000,322.26,500,322.27,3500,13:15:00.490118452,322.26,300,13:15:08.982342939,322.32,200,13:15:08.982019354,322.33,4700,13:15:08.834282455,322.32,100,13:15:33.107407050,322.20,16400,13:15:33.108640139,322.21,100,13:15:33.113866902,322.20,100,13:15:59.999999999,322.23,1800,322.24,1500,13:15:59.994150141,322.23,84,0.01,0.02,,322.23564,14178,85129,5563,16345,3364,71531,9414,163866,1158,27480,322.24487,19764,18099,58912,94571,0,-0.03623,-0.03742,322.24653,322.25977
20200131,SPY,13:16,13:16:00.000000000,322.23,1800,322.24,1500,13:16:00.308818050,322.2335,43,13:16:47.476664177,322.31,200,13:16:47.473532654,322.32,2000,13:16:49.585274733,322.3127,250,13:16:34.988692213,322.18,900,13:16:34.988556812,322.19,300,13:16:35.005283772,322.18,100,13:16:59.999999999,322.26,2300,322.27,200,13:16:59.656814353,322.27,99,0.01,0.02,,322.23889,12250,41777,1003,21953,6267,37217,3478,69469,748,42226,322.2367,18255,21907,32812,38721,0,-0.02227,-0.02578,322.23888,322.25149
20200131,SPY,13:17,13:17:00.000000000,322.26,2300,322.27,200,13:17:00.062810840,322.2620,3,13:17:06.469739707,322.33,100,13:17:06.901206795,322.35,2200,13:17:06.470553162,322.34,100,13:17:58.020389144,322.15,1200,13:17:58.020157250,322.16,400,13:17:55.086892225,322.16,77,13:17:59.999999999,322.18,2600,322.19,400,13:17:59.910981954,322.19,300,0.01,0.02,,322.21408,13622,30500,3971,8512,3343,27673,14023,64335,686,23687,322.21977,20108,15285,19342,33287,0,-0.00379,-0.02926,322.20969,322.22129
20200131,SPY,13:18,13:18:00.000000000,322.18,2600,322.19,400,13:18:00.402037572,322.18,300,13:18:59.941382387,322.47,300,13:18:59.995405704,322.49,2900,13:18:59.800005374,322.47,1,13:18:03.361587520,322.15,2300,13:18:04.004130730,322.16,100,13:18:04.003769905,322.16,300,13:18:59.999999999,322.47,2800,322.49,3500,13:18:59.945581069,322.47,100,0.01,0.04,,322.33644,14500,47271,4797,11086,9270,71642,5955,116125,1146,33896,322.29904,23194,22061,71094,33672,0,0.2107,0.17889,322.25903,322.27116
20200131,SPY,13:19,13:19:00.000000000,322.47,2800,322.49,3500,13:19:00.007086166,322.4890,100,13:19:00.149554741,322.48,400,13:19:00.000000000,322.49,3500,13:19:00.168428065,322.49,800,13:19:44.907996579,322.25,2300,13:19:44.925804216,322.26,100,13:19:45.014271960,322.26,100,13:19:59.999999999,322.27,2400,322.28,200,13:19:59.434088153,322.28,100,0.01,0.02,,322.38059,15422,96700,1906,9015,9600,48938,26157,161341,1398,30975,322.36691,20428,23887,43817,104184,0,-0.13524,-0.15786,322.34516,322.35709
20200131,SPY,13:20,13:20:00.000000000,322.27,2400,322.28,200,13:20:00.970263563,322.28,100,13:20:00.970401835,322.28,100,13:20:00.970564136,322.29,2800,13:20:36.042591213,322.50,23100,13:20:46.356888573,322.08,1800,13:20:46.363695231,322.09,100,13:20:43.833911869,322.08,368,13:20:59.999999999,322.10,1600,322.12,3400,13:20:59.639222900,322.1050,100,0.01,0.03,,322.20343,17570,93081,18014,10333,8756,91407,14691,185550,1491,50732,322.15695,54083,39087,69795,73317,0,3.96595,3.96695,322.18204,322.19448
20200131,SPY,13:21,13:21:00.000000000,322.10,1600,322.12,3400,13:21:00.219616340,322.1122,5,13:21:42.191919773,322.48,200,13:21:42.191207113,322.49,1400,13:21:42.264819526,322.48,100,13:21:00.000000000,322.10,1600,13:21:00.251166709,322.11,100,13:21:00.251314602,322.11,93,13:21:59.999999999,322.36,1300,322.37,600,13:21:59.724284056,322.34,100,0.01,0.03,,322.32059,25558,60192,7622,10606,6816,80441,20963,148518,1485,38122,322.3427,32798,32143,64216,57483,0,0.18858,0.14532,322.27138,322.28463
20200131,SPY,13:22,13:22:00.000000000,322.36,1300,322.37,600,13:22:00.112866140,322.37,125,13:22:58.937412011,322.41,100,13:22:58.566041191,322.42,1700,13:22:59.238139974,322.4175,1,13:22:11.217647600,322.25,2400,13:22:07.018651256,322.27,100,13:22:11.211718539,322.26,100,13:22:59.999999999,322.40,1700,322.42,1200,13:22:59.963321756,322.40,7,0.01,0.02,,322.34336,16136,31333,1036,8684,7160,30702,8737,66590,795,21062,322.35937,13514,17690,24767,31681,0,0.09385,0.08077,322.33778,322.35151
20200131,SPY,13:23,13:23:00.000000000,322.40,1700,322.42,1200,13:23:00.825074264,322.40,5,13:23:00.458335463,322.41,100,13:23:00.000000000,322.42,1200,13:23:01.863309236,322.4099,500,13:23:31.612271610,322.29,1300,13:23:31.612271610,322.30,600,13:23:42.372625110,322.29,64,13:23:59.999999999,322.34,600,322.35,3600,13:23:59.986939146,322.35,200,0.01,0.03,,322.35102,13410,58177,4608,9832,5067,18326,10975,85162,817,21823,322.34429,16435,27439,24747,38364,0,-0.37807,-0.38215,322.33924,322.35352
20200131,SPY,13:24,13:24:00.000000000,322.34,600,322.35,3600,13:24:00.013545249,322.34,100,13:24:57.510777926,322.56,200,13:24:57.510777926,322.57,1200,13:24:57.950297029,322.5650,980,13:24:00.073735818,322.33,2300,13:24:00.210198610,322.34,200,13:24:48.253495172,322.3110,20,13:24:59.999999999,322.54,5200,322.55,9200,13:24:59.822704759,322.55,4,0.01,0.03,,322.50631,13874,39411,4340,30693,8973,71985,11293,130514,1044,36181,322.48306,34774,32765,56113,43043,0,0.24285,0.21563,322.44873,322.46142
20200131,SPY,13:25,13:25:00.000000000,322.54,5200,322.55,9200,13:25:00.536835047,322.5499,2,13:25:40.377188467,322.63,100,13:25:40.377188467,322.64,1300,13:25:40.376852843,322.64,27,13:25:07.674342829,322.41,4700,13:25:07.685913030,322.42,100,13:25:07.709764561,322.41,100,13:25:59.999999999,322.55,200,322.56,2100,13:25:59.973733868,322.5599,7,0.01,0.02,,322.5537,16762,57021,11144,15863,13792,88906,21027,164386,1383,43367,322.56614,40925,42048,67430,57350,0,0.36973,0.32946,322.54979,322.56156
20200131,SPY,13:26,13:26:00.000000000,322.55,200,322.56,2100,13:26:00.936897941,322.55,129,13:26:04.166805005,322.57,200,13:26:04.166750045,322.58,7300,13:26:10.583480171,322.5798,100,13:26:50.404363625,322.35,2200,13:26:50.404447065,322.36,100,13:26:50.405048497,322.35,100,13:26:59.999999999,322.43,200,322.44,2300,13:26:59.689891919,322.43,90,0.01,0.03,,322.49037,13510,121274,6872,8569,5414,53099,19931,189178,1448,25981,322.47349,24425,26434,65553,98747,0,-0.19555,-0.18582,322.48304,322.4962
20200131,SPY,13:27,13:27:00.000000000,322.43,200,322.44,2300,13:27:00.272316601,322.4390,10,13:27:04.304014219,322.45,200,13:27:03.906745877,322.46,8000,13:27:03.581480950,322.45,2,13:27:14.751964124,322.33,2100,13:27:15.489064248,322.34,200,13:27:13.583323991,322.34,50,13:27:59.999999999,322.34,2300,322.36,2000,13:27:59.845211396,322.3478,3,0.01,0.03,,322.38156,9262,17966,8990,7355,1977,16399,6439,39094,563,20032,322.37335,14171,11319,21404,12232,0,-0.12434,-0.11863,322.37263,322.38471
20200131,SPY,13:28,13:28:00.000000000,322.34,2300,322.36,2000,13:28:00.762157985,322.36,200,13:28:00.675520167,322.35,100,13:28:00.000000000,322.36,2000,13:28:00.762157985,322.36,200,13:28:15.579521158,322.23,8500,13:28:15.579707878,322.24,100,13:28:15.580351661,322.23,88,13:28:59.999999999,322.23,400,322.24,1300,13:28:59.570641543,322.2350,100,0.01,0.02,,322.2773,11288,42790,5106,6447,4081,14799,8271,61813,630,19681,322.28629,9186,14521,24632,33155,0,-0.25893,-0.20927,322.27717,322.28939
20200131,SPY,13:29,13:29:00.000000000,322.23,400,322.24,1300,13:29:00.535627028,322.2379,100,13:29:48.080062598,322.46,200,13:29:48.070987900,322.47,2100,13:29:48.304004595,322.47,100,13:29:16.431892862,322.20,1700,13:29:16.431949177,322.21,100,13:29:17.031836770,322.2099,100,13:29:59.999999999,322.37,900,322.38,600,13:29:59.800370042,322.3790,20,0.01,0.02,,322.31766,16586,45845,4274,16492,6768,47106,16701,97370,1062,39816,322.34821,31439,24959,34071,46717,0,-0.036,-0.0289,322.31386,322.32572
20200131,SPY,13:30,13:30:00.000000000,322.37,900,322.38,600,13:30:00.017537932,322.38,10,13:30:00.342626149,322.40,200,13:30:00.342769108,322.41,1600,13:30:00.568167095,322.4050,100,13:30:26.743454739,322.22,2000,13:30:26.863331879,322.23,100,13:30:28.289059501,322.22,200,13:30:59.999999999,322.27,3700,322.28,400,13:30:59.809571088,322.27,100,0.01,0.02,,322.28027,13858,25855,3417,20794,6854,35809,7909,74216,555,26422,322.30331,13851,20064,43467,23256,0,0.05473,0.04691,322.27921,322.29172
20200131,SPY,13:31,13:31:00.000000000,322.27,3700,322.28,400,13:31:00.003090586,322.28,100,13:31:00.901074589,322.30,100,13:31:00.901044304,322.31,1800,13:31:00.901056930,322.30,20,13:31:26.724677378,322.12,1600,13:31:26.724704696,322.13,100,13:31:28.108069798,322.12,100,13:31:59.999999999,322.13,1900,322.14,600,13:31:59.673443777,322.1350,39,0.01,0.02,,322.174,14330,95189,3097,18307,4150,27849,13092,138357,1215,23327,322.17512,22186,26542,22668,90288,0,-0.30416,-0.27488,322.18253,322.19485
20200131,SPY,13:32,13:32:00.000000000,322.13,1900,322.14,600,13:32:00.153448870,322.1350,100,13:32:00.000000000,322.13,1900,13:32:00.000000000,322.14,600,13:32:00.153448870,322.1350,100,13:32:42.577256707,321.84,6600,13:32:42.577174351,321.85,100,13:32:43.745648849,321.84,100,13:32:59.999999999,321.89,3700,321.90,100,13:32:59.792095078,321.89,50,0.01,0.03,,321.96423,20814,264433,18852,54012,17125,101975,41931,384032,3503,114296,321.95922,82346,100941,88543,226498,0,-0.39828,-0.36058,321.94544,321.95813
20200131,SPY,13:33,13:33:00.000000000,321.89,3700,321.90,100,13:33:00.230389727,321.90,300,13:33:54.015422569,322.11,100,13:33:54.015256917,322.12,900,13:33:55.581302607,322.1175,2000,13:33:00.000000000,321.89,3700,13:33:00.000000000,321.90,100,13:33:00.230389727,321.90,300,13:33:59.999999999,322.10,2200,322.11,100,13:33:59.508129459,322.1088,18,0.01,0.02,,322.01372,13492,23671,2194,12070,21713,69539,10438,104337,949,35288,322.021,30905,25109,45833,37778,0,0.24948,0.2361,321.99034,322.00452
20200131,SPY,13:34,13:34:00.000000000,322.10,2200,322.11,100,13:34:00.020179944,322.11,10,13:34:45.957802997,322.25,100,13:34:45.958025694,322.26,1700,13:34:59.130581704,322.2597,300,13:34:14.482015043,322.07,2400,13:34:14.482002157,322.08,200,13:34:14.592322625,322.07,8,13:34:59.999999999,322.24,3800,322.25,100,13:34:59.665293686,322.24,100,0.01,0.03,,322.16996,13286,82484,3738,18623,9174,107267,20330,207789,1293,33827,322.16688,29771,35770,129978,46097,0,0.17228,0.13163,322.15582,322.16841
20200131,SPY,13:35,13:35:00.000000000,322.24,3800,322.25,100,13:35:00.121934430,322.25,100,13:35:08.454371824,322.32,300,13:35:08.453979026,322.33,5500,13:35:08.632134941,322.33,100,13:35:40.340007841,321.99,1100,13:35:40.339445734,322.00,100,13:35:40.745333540,321.99,100,13:35:59.999999999,322.02,9200,322.03,4800,13:35:59.674160184,322.02,62,0.01,0.03,9100,322.14944,21064,135684,11183,13928,14864,51709,35254,211486,1597,51136,322.14218,40579,43360,89492,89191,0,-0.25662,-0.2428,322.1116,322.12403
20200131,SPY,13:36,13:36:00.000000000,322.02,9200,322.03,4800,13:36:00.100164409,322.02,100,13:36:02.389703127,322.05,100,13:36:02.389949858,322.06,1800,13:36:16.750516893,322.0656,11,13:36:54.013327148,321.93,1400,13:36:54.017799907,321.94,200,13:36:54.018416273,321.94,1,13:36:59.999999999,321.94,2600,321.96,2100,13:36:59.275348994,321.98,20,0.01,0.03,,321.99677,14820,34735,6587,16067,7738,47606,14911,98698,973,28946,321.98917,25617,22730,47568,31729,0,-0.08969,-0.0608,321.98691,321.99923
20200131,SPY,13:37,13:37:00.000000000,321.94,2600,321.96,2100,13:37:00.500623325,321.95,14,13:37:48.759111026,322.15,100,13:37:50.048684326,322.17,3500,13:37:50.016189782,322.16,100,13:37:13.986703379,321.90,5900,13:37:13.987276952,321.91,500,13:37:10.445888190,321.90,79,13:37:59.999999999,322.08,2600,322.09,200,13:37:59.723974015,322.0810,142,0.01,0.03,,322.03498,16316,67793,2242,9209,10766,53873,16667,136058,981,24492,322.04281,27977,30209,59003,43361,0,-0.12386,-0.11992,322.02905,322.04176
20200131,SPY,13:38,13:38:00.000000000,322.08,2600,322.09,200,13:38:00.169968997,322.10,100,13:38:00.170782644,322.10,300,13:38:00.170782644,322.11,1700,13:38:00.169968997,322.10,100,13:38:59.391092289,321.86,3300,13:38:59.391076280,321.87,200,13:38:50.955477073,321.8469,325,13:38:59.999999999,321.86,3800,321.87,1100,13:38:59.904063020,321.8661,25,0.01,0.04,,321.95026,17320,67689,6128,11907,3380,28107,13095,102709,984,27597,321.93078,19849,28787,30737,50933,0,-0.32762,-0.29753,321.94087,321.95307
20200131,SPY,13:39,13:39:00.000000000,321.86,3800,321.87,1100,13:39:00.072021281,321.87,5,13:39:44.412530275,321.96,900,13:39:44.412720508,321.97,1300,13:39:44.416556351,321.9690,50,13:39:22.531817767,321.80,1600,13:39:22.531754842,321.81,500,13:39:22.618602966,321.80,1,13:39:59.999999999,321.92,4300,321.93,800,13:39:59.886846250,321.9260,30,0.01,0.02,,321.88376,16870,54641,8615,19333,6581,42208,10993,96374,1021,45997,321.86284,30193,41313,36504,34361,0,0.02177,0.02369,321.88529,321.89687
20200131,SPY,13:40,13:40:00.000000000,321.92,4300,321.93,800,13:40:00.135877189,321.93,3,13:40:59.999667667,322.15,300,13:40:59.999860415,322.16,1200,13:40:59.999837262,322.15,1,13:40:03.966144378,321.89,1500,13:40:03.966144378,321.90,200,13:40:04.774767136,321.89,10,13:40:59.999999999,322.15,1500,322.16,1100,13:40:59.999870509,322.15,300,0.01,0.04,,322.03136,15806,39273,2490,13516,13825,84737,11465,132591,1266,32715,322.0224,34388,32243,63412,35263,0,0.3492,0.33193,322.04054,322.05342
20200131,SPY,13:41,13:41:00.000000000,322.15,1500,322.16,1100,13:41:00.023457310,322.16,600,13:41:00.282192715,322.18,200,13:41:00.281284914,322.19,6200,13:41:00.324808938,322.19,100,13:41:22.891291498,321.89,1100,13:41:22.896275713,321.90,200,13:41:22.890975924,321.90,3,13:41:59.999999999,322.03,2000,322.05,5600,13:41:59.271888413,322.01,100,0.01,0.05,,322.01263,19014,58069,9740,18797,15150,47019,26036,134241,1264,40570,322.03163,43126,35203,54644,41838,0,-0.079,-0.14038,322.02899,322.04214
20200131,SPY,13:42,13:42:00.000000000,322.03,2000,322.05,5600,13:42:00.785585348,322.0375,155,13:42:05.044937083,322.06,100,13:42:05.039511341,322.07,1600,13:42:05.045447825,322.06,100,13:42:51.427867667,321.81,1100,13:42:51.427889670,321.82,200,13:42:51.427838728,321.82,100,13:42:59.999999999,321.91,500,321.92,700,13:42:59.941368136,321.9150,100,0.01,0.03,,321.94267,16466,38973,2733,16409,8064,34352,3966,84117,976,20380,321.95,18470,19545,26743,39739,0,0.1168,0.08445,321.93766,321.95101
20200131,SPY,13:43,13:43:00.000000000,321.91,500,321.92,700,13:43:00.257495206,321.91,50,13:43:00.000000000,321.91,500,13:43:00.000000000,321.92,700,13:43:47.627652051,321.9599,19,13:43:49.507375831,321.76,4100,13:43:49.509185794,321.77,200,13:43:49.511012224,321.75,200,13:43:59.999999999,321.77,3300,321.78,1500,13:43:59.713201332,321.7778,100,0.01,0.03,,321.80607,16612,76993,9942,11295,10173,70284,21531,169112,1344,31106,321.82844,27738,38677,44459,89344,0,-0.13971,-0.13225,321.82467,321.8381
20200131,SPY,13:44,13:44:00.000000000,321.77,3300,321.78,1500,13:44:00.253058046,321.79,100,13:44:00.108189142,321.79,300,13:44:00.108695550,321.80,24800,13:44:02.004104563,321.80,100,13:44:33.079850427,321.73,5500,13:44:33.471305006,321.74,500,13:44:33.136360544,321.73,100,13:44:59.999999999,321.75,11300,321.77,2800,13:44:59.421774737,321.76,100,0.01,0.02,,321.76464,12516,35627,14452,21071,5497,58366,8536,98491,991,45058,321.76193,22290,26548,47549,47162,0,0.16275,0.16782,321.76193,321.77447
20200131,SPY,13:45,13:45:00.000000000,321.75,11300,321.77,2800,13:45:00.001178675,321.76,1,13:45:20.456465777,321.92,100,13:45:20.454836901,321.93,1800,13:45:20.981942892,321.9299,2,13:45:04.919581787,321.70,7900,13:45:04.919827159,321.71,100,13:45:04.918108925,321.70,500,13:45:59.999999999,321.81,100,321.82,9000,13:45:59.411049763,321.82,100,0.01,0.02,,321.79067,16836,75795,5630,28883,13341,125704,17979,199689,1472,67643,321.81769,41439,43469,115506,66918,0,0.1482,0.14871,321.80548,321.81811
20200131,SPY,13:46,13:46:00.000000000,321.81,100,321.82,9000,13:46:00.165750408,321.82,50,13:46:39.150683442,321.99,200,13:46:38.957359211,322.00,5000,13:46:39.697994492,322.00,100,13:46:05.246521319,321.76,5400,13:46:05.246006628,321.77,100,13:46:05.246051415,321.77,100,13:46:59.999999999,321.90,1500,321.92,4900,13:46:59.924596080,321.8364,14,0.01,0.03,,321.88914,15450,52202,2949,24253,8454,192403,9354,262348,1585,27267,321.87874,33005,21660,182179,52771,0,0.38349,0.3226,321.8713,321.8841
20200131,SPY,13:47,13:47:00.000000000,321.90,1500,321.92,4900,13:47:00.208996625,321.91,100,13:47:19.540524749,321.93,100,13:47:19.539132078,321.94,2200,13:47:19.563827772,321.94,100,13:47:56.911568576,321.65,7500,13:47:56.912448512,321.66,100,13:47:56.912089679,321.65,1,13:47:59.999999999,321.71,3800,321.72,100,13:47:59.805876563,321.7126,1386,0.01,0.03,,321.76726,14438,108970,5271,25821,7292,52470,22869,180953,1669,41740,321.76622,39027,36899,51424,95343,0,-0.29387,-0.28751,321.83375,321.84707
20200131,SPY,13:48,13:48:00.000000000,321.71,3800,321.72,100,13:48:00.004102202,321.72,100,13:48:50.838274325,321.99,200,13:48:50.838055812,322.00,1900,13:48:51.241779177,322.00,15,13:48:02.634875091,321.68,1500,13:48:02.634854169,321.69,100,13:48:03.198581367,321.68,100,13:48:59.999999999,321.91,1900,321.93,2200,13:48:58.646906462,321.94,17,0.01,0.02,,321.8896,15942,41328,1694,14206,12255,90153,10692,126380,1137,43948,321.83885,30820,31847,72798,34863,0,0.29837,0.2689,321.82908,321.84142
20200131,SPY,13:49,13:49:00.000000000,321.91,1900,321.93,2200,13:49:00.009005664,321.93,21,13:49:40.331796406,322.12,100,13:49:40.331700608,322.13,1200,13:49:00.811886869,327.68,1,13:49:09.440974357,321.87,1900,13:49:09.441396428,321.88,500,13:49:10.731223230,321.8267,17,13:49:59.999999999,322.08,2500,322.09,100,13:49:59.999234801,322.08,1000,0.01,0.02,,322.03226,20280,42895,6394,26250,14808,97228,10302,152997,1417,44880,322.05992,42305,28493,95099,31980,0,0.24085,0.21304,322.0129,322.02578
20200131,SPY,13:50,13:50:00.000000000,322.08,2500,322.09,100,13:50:00.005615485,322.0890,50,13:50:05.604928278,322.12,400,13:50:05.604873344,322.13,1800,13:50:05.617738664,322.13,76,13:50:50.477072311,321.80,3300,13:50:50.477374537,321.81,100,13:50:50.478859986,321.80,100,13:50:59.999999999,321.86,800,321.87,1100,13:50:59.804016614,321.8630,1000,0.01,0.03,,321.96964,15744,102026,9082,21892,8080,51983,7795,151028,1408,49830,321.9235,28032,38390,41863,92573,0,-0.08457,-0.07178,321.95162,321.9638
20200131,SPY,13:51,13:51:00.000000000,321.86,800,321.87,1100,13:51:00.250457269,321.86,46,13:51:59.354326288,322.03,100,13:51:59.039683094,322.04,1700,13:51:59.355971520,322.04,100,13:51:00.513523219,321.85,2000,13:51:00.514074478,321.86,100,13:51:00.523972259,321.8599,10,13:51:59.999999999,322.02,1500,322.04,2400,13:51:59.948062212,322.0299,200,0.01,0.02,,321.95258,14228,30819,1457,9131,6027,26995,5705,63028,666,17106,321.96279,12802,14841,18590,33901,0,-0.01826,-0.01545,321.93143,321.94469
20200131,SPY,13:52,13:52:00.000000000,322.02,1500,322.04,2400,13:52:00.007981464,322.02,35,13:52:00.000000000,322.02,1500,13:52:00.000000000,322.04,2400,13:52:00.007981464,322.02,35,13:52:35.518979526,321.83,8300,13:52:35.518885034,321.84,100,13:52:35.516356608,321.84,200,13:52:59.999999999,321.97,1100,321.98,1400,13:52:59.866612969,321.97,63,0.01,0.02,,321.93833,15538,40178,4905,12760,3272,32658,10045,84888,944,18930,321.94122,15345,18313,24205,45955,0,-0.06563,-0.02863,321.93282,321.94663
20200131,SPY,13:53,13:53:00.000000000,321.97,1100,321.98,1400,13:53:00.011354926,321.98,100,13:53:53.411354187,322.24,200,13:53:53.411515586,322.25,900,13:53:53.360985353,322.24,100,13:53:15.660431142,321.90,2100,13:53:15.660137912,321.91,100,13:53:23.939854847,321.9040,5,13:53:59.999999999,322.22,2600,322.24,2200,13:53:59.884860261,322.22,1000,0.01,0.02,,322.09379,24576,98815,6670,20687,9212,86319,13497,168784,1620,66416,322.06234,37974,49933,86955,60338,0,0.08374,0.07246,322.06131,322.07393
20200131,SPY,13:54,13:54:00.000000000,322.22,2600,322.24,2200,13:54:00.021309685,322.2362,400,13:54:00.968551096,322.25,100,13:54:00.968513164,322.26,1400,13:54:01.048406974,322.26,400,13:54:17.767046759,322.10,1700,13:54:17.770867860,322.11,100,13:54:17.771754670,322.10,100,13:54:59.999999999,322.18,4700,322.20,3400,13:54:59.652711378,322.18,73,0.01,0.02,,322.19693,17414,66930,3662,13560,10197,40674,13739,119211,1207,29551,322.20339,18478,21935,51224,57125,0,-0.11789,-0.1214,322.18613,322.19838
20200131,SPY,13:55,13:55:00.000000000,322.18,4700,322.20,3400,13:55:00.262066493,322.18,200,13:55:25.676058941,322.38,600,13:55:25.676074804,322.39,1100,13:55:25.675343442,322.39,100,13:55:00.262040602,322.17,2800,13:55:00.261967150,322.18,100,13:55:16.803269364,322.0568,20,13:55:59.999999999,322.23,5800,322.25,800,13:55:59.882090557,322.24,100,0.01,0.02,,322.31724,18906,56960,3078,18180,8682,62493,9338,121035,1314,37696,322.29801,25946,31580,54338,46867,0,0.18517,0.1759,322.29113,322.30318
20200131,SPY,13:56,13:56:00.000000000,322.23,5800,322.25,800,13:56:00.035993275,322.2450,1000,13:56:00.612196574,322.28,300,13:56:00.601823084,322.29,1800,13:56:00.601349790,322.28,122,13:56:58.845694314,322.16,1300,13:56:58.846102822,322.17,200,13:56:59.387345572,322.16,3,13:56:59.999999999,322.18,100,322.19,2200,13:56:59.795328326,322.17,1,0.01,0.02,,322.21072,11966,26587,1917,9839,4022,14814,2710,48520,614,11369,322.23104,13662,10494,12392,23341,0,-0.10817,-0.09829,322.20637,322.21894
20200131,SPY,13:57,13:57:00.000000000,322.18,100,322.19,2200,13:57:00.149386902,322.18,5,13:57:56.447661506,322.44,200,13:57:56.447779736,322.45,1000,13:57:13.874218485,322.7143,7000,13:57:00.025795494,322.17,2400,13:57:00.026715100,322.18,100,13:57:01.482924833,322.1701,300,13:57:59.999999999,322.41,2800,322.43,2200,13:57:59.858264675,322.42,100,0.01,0.02,,322.38644,15606,23638,2877,10242,8953,45483,3677,64233,697,30637,322.35339,26815,13833,37545,16677,0,5.0714,2.59703,322.29372,322.3067
20200131,SPY,13:58,13:58:00.000000000,322.41,2800,322.43,2200,13:58:00.083446951,322.41,100,13:58:54.936088907,322.45,100,13:58:54.935627942,322.46,7800,13:58:55.047613491,322.46,100,13:58:07.744835110,322.32,2500,13:58:07.745037128,322.33,300,13:58:07.751392820,322.33,100,13:58:59.999999999,322.45,1400,322.46,1200,13:58:59.782678787,322.4577,300,0.01,0.02,,322.39871,10706,29026,3071,15463,5052,49100,6381,85885,919,22208,322.39362,15183,18608,39640,34662,0,0.19564,0.19311,322.39953,322.41175
20200131,SPY,13:59,13:59:00.000000000,322.45,1400,322.46,1200,13:59:00.534431543,322.45,100,13:59:37.635436791,322.48,1000,13:59:37.635748379,322.49,1200,13:59:10.963791060,322.48,200,13:59:45.542610528,322.39,1200,13:59:45.543741396,322.40,100,13:59:45.543921400,322.40,1,13:59:59.999999999,322.47,900,322.48,700,13:59:58.695832229,322.4750,94,0.01,0.02,,322.44904,11004,47345,2244,11285,9217,30789,8348,89345,866,19883,322.44634,16111,16297,31504,45316,0,-0.09164,-0.06622,322.44119,322.45374
20200131,SPY,14:00,14:00:00.000000000,322.47,900,322.48,700,14:00:00.168904997,322.48,74,14:00:40.635130056,322.67,300,14:00:40.635113156,322.68,1400,14:00:41.387987934,327.6740,251592,14:00:00.000000000,322.47,900,14:00:00.000000000,322.48,700,14:00:01.852374720,322.3552,10,14:00:59.999999999,322.64,2800,322.66,2200,14:00:59.910212519,322.6579,100,0.01,0.02,,322.5871,16572,62567,6422,20723,10190,338025,65561,211505,1672,291983,326.97113,284106,39768,84098,95516,0,0.03826,0.03205,322.58699,322.59916
20200131,SPY,14:01,14:01:00.000000000,322.64,2800,322.66,2200,14:01:00.020688787,322.66,1,14:01:28.474867588,322.78,100,14:01:28.474777546,322.79,9100,14:01:55.885473340,327.68,1,14:01:00.000000000,322.64,2800,14:01:15.458543200,322.65,100,14:01:44.771966298,322.5407,13,14:01:59.999999999,322.73,5800,322.74,200,14:01:59.995763906,322.7301,300,0.01,0.03,,322.73733,13924,87773,9404,12600,3278,74500,14178,159161,1376,42572,322.73383,37813,34043,59970,69907,0,0.09487,-0.02972,322.72885,322.74081
20200131,SPY,14:02,14:02:00.000000000,322.73,5800,322.74,200,14:02:00.038090285,322.74,200,14:02:10.488866331,322.76,100,14:02:10.488371128,322.77,6800,14:02:03.259926616,327.68,1,14:02:45.147128230,322.59,1700,14:02:45.147271924,322.60,100,14:02:35.262790956,322.30,16500,14:02:59.999999999,322.73,6000,322.74,700,14:02:59.910719331,322.73,5,0.01,0.02,,322.62946,18522,88479,6546,14771,6261,30237,9491,125900,1161,29885,322.67633,19733,51269,31622,53161,0,-5.25507,-5.22924,322.68374,322.69645
20200131,SPY,14:03,14:03:00.000000000,322.73,6000,322.74,700,14:03:00.014515841,322.7370,50,14:03:59.699121539,322.88,1200,14:03:59.699399545,322.89,1100,14:03:59.701395185,322.89,100,14:03:00.326217611,322.72,3100,14:03:00.326551469,322.73,200,14:03:25.585405765,322.6299,13,14:03:59.999999999,322.88,5600,322.89,400,14:03:59.808599678,322.8861,5,0.01,0.02,,322.81534,20540,44760,3770,8981,6639,45097,7128,86035,1078,30340,322.81423,17340,26913,40329,31793,0,0.01936,0.0141,322.80666,322.81777
20200131,SPY,14:04,14:04:00.000000000,322.88,5600,322.89,400,14:04:00.468642892,322.88,5,14:04:40.401456632,322.97,200,14:04:40.170488147,322.98,3200,14:04:40.447097356,322.9799,5,14:04:18.680638856,322.81,1900,14:04:18.679371849,322.83,300,14:04:43.843803701,322.7034,26,14:04:59.999999999,322.92,100,322.93,2500,14:04:59.813193885,322.9230,184,0.01,0.02,,322.90336,13034,29266,3185,9619,8500,50455,7279,80517,864,27787,322.90757,23280,14278,48007,22739,0,0.13783,0.13114,322.89556,322.90832
20200131,SPY,14:05,14:05:00.000000000,322.92,100,322.93,2500,14:05:00.377343162,322.93,75,14:05:00.463989673,322.93,100,14:05:00.420835867,322.94,3500,14:05:20.277412567,327.68,1,14:05:44.480961151,322.81,3300,14:05:44.896627851,322.82,200,14:05:48.085686435,322.7917,84,14:05:59.999999999,322.82,1000,322.83,1200,14:05:59.834391675,322.8261,92,0.01,0.04,,322.88211,10272,57478,6887,14537,5187,85872,5180,135479,1258,39662,322.84844,20205,41513,55588,57835,0,0.25456,0.17286,322.85767,322.87125
20200131,SPY,14:06,14:06:00.000000000,322.82,1000,322.83,1200,14:06:00.502217921,322.8290,30,14:06:02.138183479,322.87,500,14:06:02.138342237,322.88,1800,14:06:02.138509879,322.88,100,14:06:52.677701675,322.67,2300,14:06:52.677768702,322.68,100,14:06:52.656742456,322.67,200,14:06:59.999999999,322.74,2500,322.75,500,14:06:59.275812453,322.75,100,0.01,0.02,,322.74429,10130,59738,7080,14042,10047,56062,19399,134665,1094,31703,322.74375,41784,35365,45003,44216,0,0.0519,0.05327,322.73674,322.75057
20200131,SPY,14:07,14:07:00.000000000,322.74,2500,322.75,500,14:07:00.011039639,322.7450,25,14:07:49.450112690,322.81,100,14:07:49.440894560,322.82,9300,14:07:49.502137894,322.82,200,14:07:25.386782463,322.68,4700,14:07:36.089551494,322.69,100,14:07:25.395292927,322.69,25,14:07:59.999999999,322.77,2200,322.78,7500,14:07:59.961879635,322.78,100,0.01,0.02,,322.77765,11940,59178,4427,17645,12834,112978,18974,193103,1539,32933,322.75804,47083,33613,75636,69704,0,0.28187,0.24328,322.74302,322.75442
20200131,SPY,14:08,14:08:00.000000000,322.77,2200,322.78,7500,14:08:00.012400051,322.7750,100,14:08:06.364604689,322.88,100,14:08:06.364577938,322.89,8900,14:08:06.542047154,322.89,100,14:08:00.000000000,322.77,2200,14:08:00.000000000,322.78,7500,14:08:00.139123250,322.77,100,14:08:59.999999999,322.81,400,322.82,5600,14:08:59.059682129,322.81,100,0.01,0.02,,322.83338,9826,48124,1429,10690,10651,54187,17843,120002,801,22922,322.83269,19690,14453,57252,51529,0,0.00756,0.00838,322.82491,322.83617
20200131,SPY,14:09,14:09:00.000000000,322.81,400,322.82,5600,14:09:00.028945224,322.81,64,14:09:11.609421910,322.85,100,14:09:11.609314278,322.86,2000,14:09:15.875998048,322.86,27,14:09:47.013739029,322.70,11000,14:09:47.333550940,322.71,100,14:09:47.349632710,322.69,100,14:09:59.999999999,322.74,4100,322.75,100,14:09:59.957270642,322.74,200,0.01,0.02,,322.7674,10652,81108,2777,13048,3721,30347,6959,119912,935,18048,322.77401,22588,35054,29150,51168,0,-0.60823,-0.56395,322.78799,322.80016
20200131,SPY,14:10,14:10:00.000000000,322.74,4100,322.75,100,14:10:01.083830754,322.7475,47,14:10:34.172071012,322.87,100,14:10:34.171475822,322.88,1600,14:10:34.146290825,322.87,2,14:10:02.392512428,322.73,6000,14:10:12.366293152,322.74,200,14:10:14.030593212,322.72,2000,14:10:59.999999999,322.85,6300,322.86,300,14:10:59.960873778,322.85,100,0.01,0.02,,322.78849,10532,111668,3240,21303,6832,54731,17036,163743,1146,51067,322.7932,30138,27094,46969,110609,0,-0.24567,-0.22648,322.7907,322.80287
20200131,SPY,14:11,14:11:00.000000000,322.85,6300,322.86,300,14:11:00.032352878,322.87,300,14:11:59.791987311,322.96,100,14:11:59.792134886,322.97,11400,14:11:59.792162519,322.97,700,14:11:16.923869729,322.82,2500,14:11:17.024294392,322.83,100,14:11:09.155376264,322.7828,25,14:11:59.999999999,322.95,1900,322.96,1000,14:11:59.933265408,322.97,1000,0.01,0.02,,322.89961,13036,30064,2149,15742,11983,53220,8030,84223,804,36965,322.88189,24418,17177,40788,38805,0,0.09109,0.07336,322.87923,322.89216
20200131,SPY,14:12,14:12:00.000000000,322.95,1900,322.96,1000,14:12:00.677708951,322.97,100,14:12:00.000000000,322.95,1900,14:12:00.000000000,322.96,1000,14:12:00.677708951,322.97,100,14:12:56.406577170,322.72,2200,14:12:53.067629205,322.74,100,14:12:54.382119677,322.73,5000,14:12:59.999999999,322.73,3600,322.74,300,14:12:59.072421340,322.74,100,0.01,0.02,,322.84654,13618,61888,3240,11910,7420,25437,22242,102342,1029,29795,322.83746,23466,33077,23790,51804,0,-0.06366,-0.04872,322.86118,322.87389
20200131,SPY,14:13,14:13:00.000000000,322.73,3600,322.74,300,14:13:00.016278871,322.74,78,14:13:06.549337125,322.80,100,14:13:06.549495288,322.81,1800,14:13:16.604590786,322.8155,15,14:13:59.809166502,322.65,1100,14:13:59.809709070,322.66,100,14:13:59.821409714,322.6650,400,14:13:59.999999999,322.68,800,322.69,1200,14:13:59.890135611,322.68,100,0.01,0.02,,322.75086,11262,44894,3217,10610,8412,38660,11198,79870,807,37121,322.76095,22804,14103,33953,46131,0,-0.10966,-0.08684,322.74599,322.7584
20200131,SPY,14:14,14:14:00.000000000,322.68,800,322.69,1200,14:14:00.271028943,322.6850,10,14:14:29.240620329,322.72,100,14:14:29.240047871,322.73,1900,14:14:34.093925462,322.7940,15,14:14:24.066563321,322.63,3900,14:14:24.066636118,322.64,100,14:14:48.957014621,322.63,350,14:14:59.999999999,322.64,8600,322.66,2900,14:14:59.098021921,322.6501,3,0.01,0.02,,322.66819,11202,54256,6864,12002,4324,22367,6017,76283,787,29547,322.66956,22815,18055,19666,45294,0,-0.32423,-0.30988,322.66659,322.67814
20200131,SPY,14:15,14:15:00.000000000,322.64,8600,322.66,2900,14:15:00.239829176,322.65,100,14:15:13.334570848,322.84,1000,14:15:13.334892585,322.85,700,14:15:13.978172444,322.8450,310,14:15:50.291134822,322.55,2900,14:15:50.295060691,322.56,100,14:15:50.801533183,322.55,10,14:15:59.999999999,322.61,200,322.62,7600,14:15:59.674145136,322.61,20,0.01,0.02,,322.68193,18464,122789,5395,15625,11531,69404,13781,190372,1494,48153,322.6584,30624,39499,62044,106358,0,-0.18274,-0.18601,322.67462,322.68721
20200131,SPY,14:16,14:16:00.000000000,322.61,200,322.62,7600,14:16:00.075590665,322.62,100,14:16:08.007859069,322.69,100,14:16:08.007410666,322.70,1200,14:16:06.862133218,322.69,100,14:16:32.062717360,322.59,1500,14:16:32.063426560,322.60,100,14:16:01.776588069,322.60,17,14:16:59.999999999,322.66,100,322.67,14000,14:16:59.990152292,322.66,36,0.01,0.02,,322.64617,13606,19544,1642,9242,7185,40509,5138,56315,656,26945,322.65117,28789,12499,25942,16030,0,0.05109,0.0444,322.63751,322.65032
20200131,SPY,14:17,14:17:00.000000000,322.66,100,322.67,14000,14:17:00.002055605,322.66,151,14:17:58.335556306,322.76,200,14:17:58.335532806,322.77,5900,14:17:58.347150385,322.77,100,14:17:39.204701642,322.62,1900,14:17:02.036598556,322.64,1000,14:17:39.452408597,322.6330,440,14:17:59.999999999,322.75,2000,322.77,6000,14:17:59.986027441,322.76,200,0.01,0.03,,322.69671,16320,18401,1159,7618,4035,39008,7616,63919,659,13918,322.70871,13084,11352,38998,14403,0,0.27765,0.27715,322.69357,322.70662
20200131,SPY,14:18,14:18:00.000000000,322.75,2000,322.77,6000,14:18:00.011617587,322.75,100,14:18:48.911287486,322.80,100,14:18:48.911291691,322.81,2300,14:18:48.914609881,322.81,100,14:18:08.938325308,322.62,2600,14:18:08.747067605,322.64,200,14:18:14.396280230,322.6278,10,14:18:59.999999999,322.78,3500,322.80,2900,14:18:59.897005737,322.7908,1000,0.01,0.02,,322.72937,13248,7325,2185,9081,6706,19455,2334,26070,421,21016,322.74523,9610,7527,17464,12485,0,0.30882,0.27791,322.71547,322.72833
20200131,SPY,14:19,14:19:00.000000000,322.78,3500,322.80,2900,14:19:00.113063717,322.79,22,14:19:50.059346128,322.92,100,14:19:50.059059326,322.93,1500,14:19:50.047829791,322.93,300,14:19:00.118630380,322.77,2500,14:19:00.121902663,322.78,100,14:19:43.766425025,322.7016,25,14:19:59.999999999,322.86,2100,322.87,200,14:19:59.175078212,322.87,100,0.01,0.02,,322.88068,11898,29223,6222,8143,9484,40468,12924,76268,791,30196,322.87634,31242,21177,31831,22214,0,0.11877,0.13486,322.85943,322.87143
20200131,SPY,14:20,14:20:00.000000000,322.86,2100,322.87,200,14:20:00.116403872,322.8679,10,14:20:02.390284424,322.90,100,14:20:02.358523890,322.91,3000,14:20:09.644406248,322.90,200,14:20:41.813982395,322.67,2100,14:20:41.915961670,322.68,100,14:20:42.458965548,322.68,100,14:20:59.999999999,322.73,2000,322.74,300,14:20:59.875498041,322.73,16,0.01,0.02,,322.78124,15674,50016,4221,5667,4193,21084,10183,75629,738,19735,322.75046,13903,24314,15889,41258,0,-0.28409,-0.28176,322.76975,322.78284
20200131,SPY,14:21,14:21:00.000000000,322.73,2000,322.74,300,14:21:00.343050950,322.7393,5000,14:21:08.716366775,322.80,100,14:21:08.140900598,322.81,2400,14:21:09.147473840,322.81,6,14:21:42.188649008,322.25,1000,14:21:42.190519944,322.26,100,14:21:42.123766946,322.22,340,14:21:59.999999999,322.45,1800,322.46,200,14:21:59.690412160,322.46,86,0.01,0.11,,322.48337,25914,161304,34839,36299,18734,134830,139650,473407,3031,52249,322.54168,111539,145586,154968,113563,0,-0.93771,-0.79038,322.61119,322.62348
20200131,SPY,14:22,14:22:00.000000000,322.45,1800,322.46,200,14:22:00.105195331,322.45,100,14:22:18.424900075,322.54,400,14:22:18.424941384,322.55,1200,14:22:31.767096865,322.5768,13,14:22:02.321844215,322.36,600,14:22:02.333369378,322.37,100,14:22:02.395755981,322.37,100,14:22:59.999999999,322.42,3600,322.43,400,14:22:59.888411850,322.4235,17,0.01,0.02,,322.46397,21614,113536,5935,17934,7829,47105,16057,170761,1522,37635,322.48366,28468,29876,42587,107465,0,-0.27169,-0.25265,322.4788,322.49128
20200131,SPY,14:23,14:23:00.000000000,322.42,3600,322.43,400,14:23:00.081573945,322.43,300,14:23:00.329787908,322.45,100,14:23:00.228478244,322.46,2100,14:23:01.459286939,322.46,9,14:23:32.500938876,322.19,8400,14:23:32.506956914,322.20,300,14:23:33.055955020,322.19,100,14:23:59.999999999,322.23,100,322.24,1800,14:23:59.496665770,322.2377,100,0.01,0.02,,322.26842,18234,81391,8692,18862,6708,52827,20397,152293,1334,36584,322.2688,35065,25066,50431,78315,0,-0.19178,-0.16823,322.28189,322.29428
20200131,SPY,14:24,14:24:00.000000000,322.23,100,322.24,1800,14:24:00.258673540,322.2330,50,14:24:31.269852415,322.33,100,14:24:31.893437433,322.35,9500,14:24:31.825353307,322.34,100,14:24:14.652525795,322.20,2200,14:24:14.671781676,322.21,100,14:24:46.676445753,322.2066,666,14:24:59.999999999,322.22,2600,322.23,300,14:24:59.149188807,322.24,1,0.01,0.04,,322.26184,11216,21432,3482,9740,6853,36715,2587,61525,740,19284,322.25618,18564,18488,20612,23145,0,0.13317,0.13403,322.24916,322.2617
20200131,SPY,14:25,14:25:00.000000000,322.22,2600,322.23,300,14:25:00.106438995,322.23,111,14:25:06.039014302,322.33,100,14:25:07.156533722,322.35,5200,14:25:20.115246799,322.4395,84,14:25:30.526526945,322.18,2200,14:25:30.527194159,322.19,100,14:25:34.017720142,322.1850,102,14:25:59.999999999,322.22,3000,322.23,200,14:25:59.909754744,322.22,10,0.01,0.02,,322.25228,15020,15866,11789,5879,3873,22715,4436,42831,556,21727,322.26732,19837,14136,13481,17104,0,0.07017,0.04107,322.24646,322.25878
20200131,SPY,14:26,14:26:00.000000000,322.22,3000,322.23,200,14:26:00.033790263,322.23,112,14:26:55.381778306,322.36,100,14:26:55.371725201,322.37,3700,14:26:56.231082707,322.37,17,14:26:15.313601867,322.18,2000,14:26:15.313693355,322.19,100,14:26:17.672716001,322.18,100,14:26:59.999999999,322.33,2000,322.35,8400,14:26:59.818690765,322.33,100,0.01,0.02,,322.258,12102,14574,1538,6092,6100,17164,1565,30422,436,16611,322.26242,12733,10319,13659,10322,0,0.00097,-0.00853,322.24375,322.25647
20200131,SPY,14:27,14:27:00.000000000,322.33,2000,322.35,8400,14:27:00.285167417,322.3550,167,14:27:35.980161399,322.43,300,14:27:35.980185059,322.44,2500,14:27:36.251484551,322.4350,2,14:27:13.070612127,322.28,2100,14:27:13.091459222,322.29,100,14:27:14.059424263,322.28,100,14:27:59.999999999,322.42,1700,322.44,3300,14:27:59.943806835,322.43,100,0.01,0.02,,322.36534,13552,29980,6967,8060,2184,50467,5428,77457,739,25629,322.33746,25130,14831,40933,22192,0,0.10476,0.1009,322.36448,322.37694
20200131,SPY,14:28,14:28:00.000000000,322.42,1700,322.44,3300,14:28:00.019744277,322.42,39,14:28:00.147353553,322.44,100,14:28:00.129908971,322.45,5900,14:28:30.538449576,322.4499,4,14:28:57.278663710,322.22,3000,14:28:57.278687698,322.23,100,14:28:57.292802462,322.23,100,14:28:59.999999999,322.27,900,322.28,12200,14:28:59.390918785,322.27,23,0.01,0.02,,322.36502,13876,63061,7454,13467,2360,96685,26620,185637,1267,24010,322.34475,23252,15431,99450,71514,0,0.08809,0.07634,322.35014,322.36278
20200131,SPY,14:29,14:29:00.000000000,322.27,900,322.28,12200,14:29:00.217918169,322.27,88,14:29:44.810474457,322.42,500,14:29:44.810482701,322.43,1200,14:29:45.109638442,322.4250,100,14:29:06.540052600,322.22,3000,14:29:06.557633659,322.23,100,14:29:06.603551606,322.22,24,14:29:59.999999999,322.35,1700,322.36,1600,14:29:59.857820374,322.3314,20,0.01,0.02,,322.31241,14392,12088,2085,7058,5291,23272,8201,36401,452,21594,322.30863,16851,7153,24690,9301,0,0.18564,0.19021,322.31566,322.32883
20200131,SPY,14:30,14:30:00.000000000,322.35,1700,322.36,1600,14:30:00.024083470,322.3501,100,14:30:14.116138924,322.45,300,14:30:13.598120102,322.46,2000,14:30:14.133955066,322.46,150,14:30:01.343662646,322.23,1700,14:30:01.343939762,322.24,400,14:30:01.364026027,322.23,10,14:30:59.999999999,322.43,1600,322.44,900,14:30:59.958562388,322.43,100,0.01,0.02,,322.39564,18784,29777,1265,4557,6552,41933,14448,69505,693,29027,322.40181,23156,13403,33657,28316,0,0.9032,0.9059,322.38447,322.39707
20200131,SPY,14:31,14:31:00.000000000,322.43,1600,322.44,900,14:31:00.009366088,322.44,100,14:31:59.180218766,322.70,400,14:31:59.180213590,322.71,1000,14:31:59.185463966,322.7050,100,14:31:09.538232661,322.39,3800,14:31:09.538794406,322.40,100,14:31:09.537484863,322.40,100,14:31:59.999999999,322.69,1100,322.70,1000,14:31:59.527857417,322.70,100,0.01,0.03,,322.54427,16640,57722,2372,14111,6922,93175,6484,158643,1396,22143,322.56367,36895,18674,76913,48304,0,0.2306,0.21495,322.51826,322.53167
20200131,SPY,14:32,14:32:00.000000000,322.69,1100,322.70,1000,14:32:00.258266393,322.6950,100,14:32:55.383788103,322.95,100,14:32:56.610545166,322.97,11900,14:32:55.390317024,322.96,144,14:32:00.710489235,322.67,1700,14:32:00.708652373,322.68,100,14:32:01.727147108,322.4182,40,14:32:59.999999999,322.90,2000,322.92,4800,14:32:59.825544731,322.90,1,0.01,0.02,,322.79392,21784,110958,4258,24819,10150,115249,13492,238008,2076,40918,322.84791,39253,34765,100676,104232,0,0.08148,0.08535,322.78449,322.7968
20200131,SPY,14:33,14:33:00.000000000,322.90,2000,322.92,4800,14:33:00.191753789,322.91,100,14:33:46.452156233,323.22,100,14:33:47.690570639,323.24,8400,14:33:46.452621412,323.23,32,14:33:00.623278632,322.88,5000,14:33:00.623351951,322.89,100,14:33:01.374488573,322.88,100,14:33:59.999999999,323.12,1700,323.13,500,14:33:59.396038250,323.1243,1000,0.01,0.04,,323.09565,26668,140700,17975,36477,6891,319604,41233,492639,3564,70241,323.082,70615,62912,263344,166009,0,0.26923,0.21613,323.10031,323.11321
20200131,SPY,14:34,14:34:00.000000000,323.12,1700,323.13,500,14:34:00.193560972,323.1308,800,14:34:00.605910615,323.14,800,14:34:00.606119315,323.15,300,14:34:00.604910289,323.14,100,14:34:50.103253718,322.92,6600,14:34:51.990481997,322.93,100,14:34:45.805767704,322.8990,34,14:34:59.999999999,322.94,3500,322.95,100,14:34:59.278065255,322.9461,7,0.01,0.02,,323.01075,16660,189981,13736,25423,8756,80638,14182,279587,2043,53129,323.01657,34403,59004,66191,173118,0,-0.23473,-0.21433,323.00681,323.02085
20200131,SPY,14:35,14:35:00.000000000,322.94,3500,322.95,100,14:35:00.194735888,322.95,5,14:35:06.848170684,323.05,100,14:35:06.848048846,323.06,2000,14:35:06.994987203,323.05,100,14:35:59.861680779,322.85,5500,14:35:59.861601130,322.86,100,14:35:59.860412667,322.85,1000,14:35:59.999999999,322.86,2400,322.88,2300,14:35:59.978809641,322.86,100,0.01,0.02,,322.93826,12566,60173,4118,11071,2706,14668,2077,69823,675,24990,322.94654,11298,26115,11093,46307,0,-0.33785,-0.33433,322.95759,322.97104
20200131,SPY,14:36,14:36:00.000000000,322.86,2400,322.88,2300,14:36:00.148814316,322.8799,5000,14:36:52.376702342,323.05,100,14:36:52.376702342,323.06,700,14:36:52.376582207,323.07,100,14:36:07.635586728,322.80,1400,14:36:07.635647895,322.81,100,14:36:07.522493088,322.81,200,14:36:59.999999999,322.95,2900,322.96,500,14:36:59.943355792,322.9550,700,0.01,0.05,,322.91716,16972,61348,12019,16123,12005,45749,7335,113016,1232,41563,322.90369,34877,34385,41019,44298,0,-0.44339,-0.33544,322.9045,322.91759
20200131,SPY,14:37,14:37:00.000000000,322.95,2900,322.96,500,14:37:00.528719161,322.9601,1250,14:37:24.147598853,323.10,100,14:37:18.177205323,323.11,7500,14:37:24.265371935,323.11,5,14:37:00.000000000,322.95,2900,14:37:00.000000000,322.96,500,14:37:01.688004754,322.95,5,14:37:59.999999999,323.01,900,323.02,1800,14:37:58.936503879,323.0176,2,0.01,0.03,,323.04164,13888,43301,5876,14282,6325,100035,26220,168124,1154,27915,323.04066,34665,27909,95999,37466,0,0.22997,0.19497,323.03657,323.05008
20200131,SPY,14:38,14:38:00.000000000,323.01,900,323.02,1800,14:38:00.042718677,323.02,9,14:38:07.565331566,323.08,400,14:38:07.565678018,323.09,300,14:38:08.069872839,323.0850,400,14:38:47.519622297,322.94,1300,14:38:47.519717659,322.95,200,14:38:47.548264241,322.94,20,14:38:59.999999999,322.95,200,322.96,2500,14:38:59.864125627,322.9550,100,0.01,0.02,,323.03961,9124,29716,8572,7012,1592,22595,2614,56357,522,15744,323.02995,11232,15333,22380,23156,0,-0.05639,-0.04904,323.01111,323.02417
20200131,SPY,14:39,14:39:00.000000000,322.95,200,322.96,2500,14:39:00.600677989,322.9550,4,14:39:00.000000000,322.95,200,14:39:00.000000000,322.96,2500,14:39:28.111586528,322.9764,56,14:39:37.808338586,322.80,1700,14:39:37.989805853,322.81,100,14:39:37.989943739,322.81,100,14:39:59.999999999,322.89,400,322.90,4300,14:39:59.751754706,322.8901,3,0.01,0.02,,322.88442,12274,30913,9992,26995,8665,91200,2945,74461,892,96249,322.90136,37225,35315,66974,31196,0,0.04157,0.03466,322.87486,322.88829
20200131,SPY,14:40,14:40:00.000000000,322.89,400,322.90,4300,14:40:00.140652322,322.8950,1000,14:40:12.824175328,323.02,100,14:40:12.823936447,323.03,3600,14:40:08.558349150,323.02,72,14:40:59.794244573,322.80,1600,14:40:59.794244573,322.81,100,14:40:55.441033777,322.80,625,14:40:59.999999999,322.81,1700,322.83,2400,14:40:59.794553627,322.81,10,0.01,0.02,,322.97942,12482,82181,3552,13254,9657,37507,29822,137139,1014,38834,322.95101,29450,23699,32687,90137,0,-0.17409,-0.17814,322.91672,322.92885
20200131,SPY,14:41,14:41:00.000000000,322.81,1700,322.83,2400,14:41:00.088950027,322.81,10,14:41:05.865696857,322.83,200,14:41:05.865851610,322.84,2100,14:41:31.870995597,322.9580,33,14:41:54.635026124,322.59,11900,14:41:54.636214093,322.60,200,14:41:59.620298091,322.56,625,14:41:59.999999999,322.61,11800,322.62,700,14:41:59.723737391,322.62,100,0.01,0.02,,322.68192,17534,179474,7683,23474,5956,52151,30189,258074,1929,40853,322.70965,48859,53632,49087,147349,0,-0.57404,-0.52108,322.72016,322.73305
20200131,SPY,14:42,14:42:00.000000000,322.61,11800,322.62,700,14:42:00.167503588,322.62,190,14:42:27.120262117,322.71,2400,14:42:27.120495702,322.72,800,14:42:29.888015950,322.8403,20,14:42:11.011610265,322.54,4300,14:42:11.011659192,322.55,100,14:42:11.014154198,322.54,1,14:42:59.999999999,322.65,500,322.66,1100,14:42:59.209669625,322.67,1,0.01,0.04,,322.65056,13406,38999,3822,12556,9466,48137,8155,87502,937,33633,322.63638,26853,22587,37860,33835,0,0.29008,0.25113,322.65151,322.66354
20200131,SPY,14:43,14:43:00.000000000,322.65,500,322.66,1100,14:43:00.040919144,322.65,6,14:43:15.689835654,322.69,700,14:43:15.689835654,322.70,1700,14:43:15.811745557,322.70,3,14:43:52.870517963,322.51,1600,14:43:52.870624988,322.52,100,14:43:58.695333322,322.51,100,14:43:59.999999999,322.55,100,322.56,2000,14:43:59.915616160,322.55,45,0.01,0.04,,322.59081,12832,25703,13691,5656,7973,63175,7538,94103,802,29633,322.61076,26317,22588,50258,24573,0,0.05443,0.09538,322.59594,322.60736
20200131,SPY,14:44,14:44:00.000000000,322.55,100,322.56,2000,14:44:00.724630354,322.55,100,14:44:00.000000000,322.55,100,14:44:00.000000000,322.56,2000,14:44:07.984607648,322.7589,56,14:44:24.429300614,322.45,1600,14:44:24.455151600,322.46,100,14:44:25.319025070,322.45,285,14:44:59.999999999,322.50,2000,322.52,2100,14:44:59.908351092,322.52,35,0.01,0.02,,322.50254,9122,15567,2577,3765,1802,19864,10382,36932,525,17025,322.50424,11350,12388,14604,15615,0,0.07342,0.09126,322.50604,322.51809
20200131,SPY,14:45,14:45:00.000000000,322.50,2000,322.52,2100,14:45:00.588854478,322.52,49,14:45:59.604097124,322.68,100,14:45:59.767914919,322.70,2800,14:45:59.720387032,322.69,94,14:45:08.912874133,322.44,1900,14:45:08.911464693,322.46,300,14:45:08.911503037,322.45,100,14:45:59.999999999,322.68,2000,322.70,2900,14:45:59.720401192,322.69,6,0.01,0.02,,322.52609,13908,13815,10601,10399,3930,40542,3718,53132,631,29873,322.54018,21356,18014,24407,19228,0,0.23479,0.21338,322.53659,322.5499
20200131,SPY,14:46,14:46:00.000000000,322.68,2000,322.70,2900,14:46:00.192387887,322.6847,1,14:46:01.825782828,322.71,100,14:46:01.825716197,322.72,1700,14:46:02.101052222,322.72,4,14:46:59.662670851,322.47,3500,14:46:48.177797924,322.49,100,14:46:59.662451159,322.48,100,14:46:59.999999999,322.48,1900,322.49,900,14:46:59.984141455,322.4878,441,0.01,0.02,,322.58691,14700,20849,1561,7144,7178,30031,3847,44133,641,26477,322.59405,15754,13613,16321,24922,0,0.02662,0.01021,322.57774,322.58998
20200131,SPY,14:47,14:47:00.000000000,322.48,1900,322.49,900,14:47:00.019104058,322.49,9,14:47:57.911796855,322.51,100,14:47:59.598558306,322.53,7600,14:47:40.616750157,322.5452,17,14:47:13.102842643,322.36,2400,14:47:13.102661167,322.37,100,14:47:13.103231421,322.36,100,14:47:59.999999999,322.46,1000,322.47,1600,14:47:59.930145936,322.47,30,0.01,0.02,,322.45539,15042,42612,16615,7719,4025,28514,7643,79128,744,28000,322.42343,19354,22706,22464,42604,0,-0.12441,-0.10669,322.42914,322.44149
20200131,SPY,14:48,14:48:00.000000000,322.46,1000,322.47,1600,14:48:00.307411312,322.46,232,14:48:29.698134649,322.60,300,14:48:29.021799363,322.61,11400,14:48:29.698105061,322.61,84,14:48:00.000000000,322.46,1000,14:48:00.000000000,322.47,1600,14:48:00.307411312,322.46,232,14:48:59.999999999,322.51,1800,322.52,300,14:48:59.879450743,322.52,100,0.01,0.02,,322.51646,13650,17191,4770,4529,9324,18782,1976,32961,450,23611,322.51766,17824,12221,16183,10344,0,0.05715,0.04036,322.51446,322.52679
20200131,SPY,14:49,14:49:00.000000000,322.51,1800,322.52,300,14:49:00.042665068,322.53,100,14:49:16.129714024,322.57,100,14:49:16.124516173,322.58,4900,14:49:16.159744543,322.58,300,14:49:54.904979402,322.39,1900,14:49:54.905095578,322.40,800,14:49:54.675622726,322.40,5,14:49:59.999999999,322.42,300,322.43,4500,14:49:59.391229421,322.42,554,0.01,0.02,,322.48525,14722,34019,1982,9138,6922,41508,6230,75018,754,24781,322.5013,17157,15174,21403,46065,0,0.11264,0.10997,322.48924,322.50085
20200131,SPY,14:50,14:50:00.000000000,322.42,300,322.43,4500,14:50:00.134307784,322.43,200,14:50:25.171000860,322.52,400,14:50:25.171078660,322.53,3100,14:50:25.175037779,322.53,43,14:50:08.785596372,322.36,2000,14:50:08.785716283,322.37,200,14:50:08.983605835,322.3691,400,14:50:59.999999999,322.48,100,322.49,3700,14:50:59.649963252,322.4850,7,0.01,0.02,,322.45748,16690,30619,15551,8260,2673,36527,12371,79964,854,26037,322.46077,15086,29936,29345,31634,0,0.05147,0.04442,322.45381,322.46585
20200131,SPY,14:51,14:51:00.000000000,322.48,100,322.49,3700,14:51:01.156748763,322.4819,200,14:51:17.460426530,322.57,100,14:51:16.953487172,322.58,4700,14:51:17.736682294,322.5676,31,14:51:41.731372161,322.37,900,14:51:46.205200404,322.38,600,14:51:46.205444672,322.38,100,14:51:59.999999999,322.43,1500,322.44,800,14:51:59.883544910,322.4399,124,0.01,0.02,,322.45333,14504,14652,1321,3375,8354,22408,4797,38579,482,16328,322.45724,5528,15059,21268,13052,0,0.18562,0.18084,322.4552,322.46704
20200131,SPY,14:52,14:52:00.000000000,322.43,1500,322.44,800,14:52:00.583592236,322.4350,100,14:52:26.300998303,322.49,100,14:52:21.571499192,322.50,1100,14:52:26.307892709,322.4968,11,14:52:10.856181191,322.35,5700,14:52:10.856058612,322.36,100,14:52:11.015337844,322.35,5,14:52:59.999999999,322.38,1400,322.39,800,14:52:59.899651847,322.3850,100,0.01,0.02,,322.41352,14780,24983,999,9372,5527,38050,2936,63169,743,18698,322.41139,12261,12699,31375,25532,0,0.1252,0.11631,322.4123,322.4252
20200131,SPY,14:53,14:53:00.000000000,322.38,1400,322.39,800,14:53:00.099065070,322.39,100,14:53:09.333185763,322.45,100,14:53:09.332994156,322.46,1200,14:53:13.858612260,322.46,100,14:53:28.957482245,322.35,6500,14:53:29.125475732,322.36,100,14:53:29.125425299,322.35,20,14:53:59.999999999,322.40,1200,322.41,2500,14:53:59.670133478,322.40,114,0.01,0.02,,322.40315,11486,66752,2027,22585,1310,44893,9270,121872,1031,24965,322.3933,12746,16592,46989,70510,0,-0.05189,-0.04343,322.40039,322.41227
20200131,SPY,14:54,14:54:00.000000000,322.40,1200,322.41,2500,14:54:00.488418735,322.40,100,14:54:35.276909041,322.58,600,14:54:35.277498547,322.59,300,14:54:35.376426730,322.5869,155,14:54:04.557231955,322.35,7600,14:54:04.649124708,322.36,100,14:54:04.206698861,322.36,38,14:54:59.999999999,322.38,1400,322.39,500,14:54:59.452080823,322.38,15,0.01,0.02,,322.49328,14280,38798,6740,23784,11740,59576,3043,103261,1078,40420,322.49634,29585,17778,57727,38591,0,0.07178,0.06615,322.45181,322.46468
20200131,SPY,14:55,14:55:00.000000000,322.38,1400,322.39,500,14:55:00.655757508,322.38,100,14:55:56.346441345,322.65,100,14:55:58.856953347,322.67,3300,14:55:57.063367481,322.66,1,14:55:00.665524742,322.35,6500,14:55:00.665804453,322.36,100,14:55:00.667018389,322.35,3200,14:55:59.999999999,322.65,1800,322.67,3800,14:55:58.785409588,322.66,100,0.01,0.02,,322.49124,17962,58687,1652,16066,7196,80212,5588,140383,1093,29018,322.51475,28525,20505,76649,43722,0,0.00743,0.02385,322.50248,322.51533
20200131,SPY,14:56,14:56:00.000000000,322.65,1800,322.67,3800,14:56:00.032680588,322.66,100,14:56:18.320456677,322.76,100,14:56:18.319779037,322.77,1900,14:56:18.389892680,322.77,10,14:56:52.504522424,322.63,2500,14:56:53.023195015,322.64,100,14:56:53.056644944,322.6366,43,14:56:59.999999999,322.64,1700,322.65,100,14:56:59.698306875,322.65,1,0.01,0.02,,322.7076,16032,48293,6909,34007,7480,75185,10113,149392,1342,32595,322.71404,34107,32093,61267,54520,0,0.0789,0.07726,322.70301,322.71601
20200131,SPY,14:57,14:57:00.000000000,322.64,1700,322.65,100,14:57:00.626925365,322.65,201,14:57:58.131752666,322.67,1000,14:57:58.131465392,322.68,1500,14:57:38.344686022,322.6852,32,14:57:47.295372678,322.51,1600,14:57:47.295372678,322.52,100,14:57:50.323113541,322.5150,100,14:57:59.999999999,322.63,4300,322.65,1600,14:57:59.835283833,322.65,100,0.01,0.04,,322.59671,19548,38928,4264,17205,9515,52326,11334,103292,1108,30280,322.58243,19423,26088,51899,36162,0,0.22018,0.13898,322.5727,322.5854
20200131,SPY,14:58,14:58:00.000000000,322.63,4300,322.65,1600,14:58:00.036644681,322.6480,600,14:58:26.877100483,322.76,100,14:58:28.449436914,322.78,4100,14:58:26.879879906,322.77,91,14:58:57.886523125,322.54,4300,14:58:59.882730209,322.55,100,14:58:57.336901543,322.55,1,14:58:59.999999999,322.54,200,322.55,2800,14:58:59.756530480,322.57,300,0.01,0.02,,322.66209,16532,30444,1682,10226,9521,36970,4315,73320,824,19838,322.70033,17546,11333,37642,26637,0,0.05488,0.05059,322.66057,322.67304
20200131,SPY,14:59,14:59:00.000000000,322.54,200,322.55,2800,14:59:00.017992033,322.5437,3,14:59:28.553371364,322.76,1000,14:59:27.195838941,322.77,2200,14:59:27.361877136,322.77,100,14:59:58.569409759,322.46,1900,14:59:59.085067948,322.47,200,14:59:57.757033011,322.47,100,14:59:59.999999999,322.48,2100,322.49,100,14:59:59.864911079,322.49,555,0.01,0.04,,322.6226,18790,79071,11241,11908,4955,69129,35702,170400,1691,41606,322.6474,33053,33249,77623,68081,0,-0.19394,-0.15302,322.61403,322.62707
20200131,SPY,15:00,15:00:00.000000000,322.48,2100,322.49,100,15:00:00.013279685,322.50,100,15:00:29.049712274,322.74,200,15:00:28.817219368,322.75,2400,15:00:29.415495220,322.75,100,15:00:00.000000000,322.48,2100,15:00:00.000000000,322.49,100,15:00:00.013318435,322.49,5,15:00:59.999999999,322.60,2700,322.61,100,15:00:59.887438452,322.6099,2000,0.01,0.02,,322.62755,19444,50491,6159,9820,9284,42372,26672,113214,1188,31584,322.65655,18189,21913,49186,55510,0,-0.02977,-0.04142,322.64412,322.65633
20200131,SPY,15:01,15:01:00.000000000,322.60,2700,322.61,100,15:01:00.037004146,322.61,100,15:01:03.843549401,322.70,100,15:01:03.843534705,322.71,3600,15:01:03.843502453,322.70,100,15:01:53.383692506,322.45,1600,15:01:53.385060479,322.46,100,15:01:51.680038714,322.46,49,15:01:59.999999999,322.55,200,322.56,2900,15:01:59.831815480,322.54,1000,0.01,0.02,,322.52872,19716,62577,8477,16646,1003,35369,16689,105974,1166,34787,322.52165,15850,21449,53386,50076,0,-0.11997,-0.10067,322.55546,322.56862
20200131,SPY,15:02,15:02:00.000000000,322.55,200,322.56,2900,15:02:00.106422545,322.5567,310,15:02:08.771415054,322.58,100,15:02:07.737477470,322.59,7800,15:02:07.741606623,322.59,1000,15:02:57.293199502,322.27,7000,15:02:57.304052626,322.28,100,15:02:46.211207065,322.2783,450,15:02:59.999999999,322.29,9800,322.30,800,15:02:59.456352374,322.30,140,0.01,0.02,,322.376,19530,141498,7076,39448,13110,191121,50960,355448,2814,87765,322.34442,55081,62534,167779,157819,0,0.01544,0.02239,322.39219,322.40407
20200131,SPY,15:03,15:03:00.000000000,322.29,9800,322.30,800,15:03:00.178197719,322.2954,100,15:03:58.456790443,322.53,200,15:03:58.456337622,322.54,800,15:03:10.298486005,322.55,30000,15:03:00.000000000,322.29,9800,15:03:00.000000000,322.30,800,15:03:00.840127404,322.2783,3600,15:03:59.999999999,322.52,2300,322.53,200,15:03:59.997054252,322.5261,50,0.01,0.02,,322.38569,16172,103949,2873,16086,3994,156448,32624,219006,1861,96968,322.42876,58900,45256,124692,87126,0,0.13,0.12488,322.38832,322.40091
20200131,SPY,15:04,15:04:00.000000000,322.52,2300,322.53,200,15:04:00.009960216,322.53,200,15:04:01.624686204,322.61,100,15:04:01.552597754,322.62,1800,15:04:01.540704971,322.61,50,15:04:33.926913021,322.34,3600,15:04:31.148299755,322.36,100,15:04:32.813632650,322.35,38,15:04:59.999999999,322.37,200,322.38,9800,15:04:59.745889195,322.37,1,0.01,0.02,,322.47281,16602,48028,2848,18713,3566,59189,10630,116468,1131,26506,322.45739,17634,22635,61697,41008,0,0.07759,0.07792,322.43149,322.44297
20200131,SPY,15:05,15:05:00.000000000,322.37,200,322.38,9800,15:05:00.022430726,322.36,100,15:05:10.395710672,322.40,400,15:05:10.395570895,322.41,1300,15:05:11.006512032,322.41,100,15:05:29.426164560,322.27,8800,15:05:30.316387031,322.28,100,15:05:29.378372586,322.28,100,15:05:59.999999999,322.30,1800,322.32,2600,15:05:59.934981296,322.3080,10,0.01,0.02,,322.3342,14398,56930,3753,11392,5322,42237,17019,120368,1159,16285,322.34271,15807,23580,52410,44856,0,-0.17697,-0.17296,322.33538,322.34759
20200131,SPY,15:06,15:06:00.000000000,322.30,1800,322.32,2600,15:06:00.048065966,322.31,100,15:06:01.610872541,322.34,400,15:06:01.610995811,322.35,6000,15:06:22.727634455,322.3718,5,15:06:51.118844581,322.21,1600,15:06:51.118899646,322.22,300,15:06:51.161950899,322.21,20,15:06:59.999999999,322.30,100,322.31,2100,15:06:59.983582271,322.30,100,0.01,0.03,,322.28757,11496,77765,4456,25306,2654,80403,15958,157484,1386,49058,322.29458,27701,32272,87285,59284,0,-0.16302,-0.1274,322.28545,322.29674
20200131,SPY,15:07,15:07:00.000000000,322.30,100,322.31,2100,15:07:00.197266148,322.30,10,15:07:09.775834642,322.43,100,15:07:12.971537997,322.45,1600,15:07:09.779852565,322.43,100,15:07:57.199670779,321.91,1600,15:07:57.199421099,321.92,100,15:07:57.199368123,321.92,4,15:07:59.999999999,321.97,1300,321.98,7700,15:07:59.909871386,321.9799,3,0.01,0.06,,322.12518,29576,199271,17813,25663,20542,131805,20434,353155,3082,62373,322.14718,76033,78245,106832,154418,0,-0.35585,-0.23063,322.18858,322.2008
20200131,SPY,15:08,15:08:00.000000000,321.97,1300,321.98,7700,15:08:00.014725828,321.97,100,15:08:35.714192716,322.16,100,15:08:35.714051785,322.17,2500,15:08:36.027031996,322.17,13,15:08:01.503986555,321.93,2800,15:08:01.504141575,321.94,100,15:08:01.330742681,321.94,100,15:08:59.999999999,322.09,2300,322.10,100,15:08:59.688910049,322.10,100,0.01,0.02,,322.05928,20738,69132,7511,19195,14346,69246,16786,146233,1347,49983,322.07652,37414,35464,66195,57143,0,-0.03088,-0.01953,322.06455,322.07682
20200131,SPY,15:09,15:09:00.000000000,322.09,2300,322.10,100,15:09:00.249115918,322.11,100,15:09:16.529015069,322.12,200,15:09:16.528581579,322.13,3000,15:09:16.548475038,322.13,3,15:09:29.416082962,322.00,2200,15:09:29.416008187,322.01,100,15:09:29.349888509,322.00,1000,15:09:59.999999999,322.03,3100,322.04,700,15:09:59.834092633,322.03,100,0.01,0.03,,322.03991,16052,49791,5675,15678,5552,40927,63070,138247,1198,42446,322.04978,32361,56794,39123,52415,0,-0.99522,-0.99756,322.04483,322.05666
20200131,SPY,15:10,15:10:00.000000000,322.03,3100,322.04,700,15:10:00.050749974,322.03,50,15:10:09.031729755,322.11,300,15:10:09.031804833,322.12,2000,15:10:10.271239657,322.12,58,15:10:58.818332105,321.86,1900,15:10:58.821734407,321.87,100,15:10:58.566978304,321.87,65,15:10:59.999999999,321.87,5700,321.89,1500,15:10:59.894882278,321.8882,5,0.01,0.02,,321.97901,21166,99867,5692,18726,4651,75604,20793,182992,1624,42341,321.99173,29541,42383,66903,86506,0,-0.11585,-0.11217,321.9898,322.00191
20200131,SPY,15:11,15:11:00.000000000,321.87,5700,321.89,1500,15:11:00.161253831,321.88,700,15:11:58.106479839,321.96,100,15:11:58.106401275,321.97,1000,15:11:24.443062776,322.0698,23,15:11:25.089291341,321.77,3200,15:11:25.089974464,321.78,100,15:11:25.088037554,321.78,100,15:11:59.999999999,321.92,6600,321.93,100,15:11:59.796581742,321.93,100,0.01,0.02,,321.84614,23678,73012,10364,22924,11377,63206,31682,159851,1510,52714,321.84273,35127,43035,59973,74430,0,-0.16653,-0.16768,321.83916,321.8509
20200131,SPY,15:12,15:12:00.000000000,321.92,6600,321.93,100,15:12:00.020101637,321.93,100,15:12:14.199016572,321.98,100,15:12:14.198643975,321.99,2100,15:12:01.059638987,322.40,21500,15:12:36.260450084,321.87,4500,15:12:36.260869770,321.88,100,15:12:36.285733278,321.87,100,15:12:59.999999999,321.90,100,321.91,14700,15:12:59.754328550,321.9050,100,0.01,0.02,,321.92408,13552,65197,10339,8760,7734,111494,20396,176273,1030,47647,322.13675,52778,20872,67300,82970,0,0.1555,0.15555,321.92226,321.93341
20200131,SPY,15:13,15:13:00.000000000,321.90,100,321.91,14700,15:13:00.319861777,321.9682,15,15:13:07.121043413,321.95,100,15:13:07.108792549,321.96,8300,15:13:00.319861777,321.9682,15,15:13:59.122750816,321.78,2300,15:13:59.122422551,321.79,100,15:13:59.122274870,321.78,100,15:13:59.999999999,321.78,1400,321.79,1800,15:13:59.525562782,321.78,600,0.01,0.02,,321.86903,12710,83938,7141,8191,12874,49260,9022,136496,1053,33930,321.86386,23436,24927,43639,78424,0,-0.14065,-0.12766,321.86625,321.87801
20200131,SPY,15:14,15:14:00.000000000,321.78,1400,321.79,1800,15:14:00.206201523,321.78,100,15:14:25.016821764,321.86,100,15:14:02.855500317,321.87,2100,15:14:25.016588659,321.87,23,15:14:50.122388380,321.66,9000,15:14:50.123385858,321.67,100,15:14:50.123231927,321.66,5,15:14:59.999999999,321.74,700,321.75,2400,15:14:59.887323664,321.7470,5,0.01,0.02,,321.74954,19070,270595,7939,28042,3832,111479,57584,422301,2707,57170,321.74276,40267,51941,162728,224535,0,-0.18369,-0.16503,321.76541,321.77781
20200131,SPY,15:15,15:15:00.000000000,321.74,700,321.75,2400,15:15:00.036943697,321.75,200,15:15:00.109996599,321.76,100,15:15:00.052134968,321.77,3000,15:15:00.239694357,321.76,100,15:15:56.778448760,321.53,9200,15:15:56.778533428,321.54,100,15:15:58.167815312,321.53,9,15:15:59.999999999,321.55,100,321.56,2000,15:15:59.667276072,321.55,100,0.01,0.02,,321.61001,16994,296448,11763,40954,9004,94011,42899,420890,2902,74189,321.60889,46477,84128,118932,245542,0,-0.43952,-0.3975,321.61382,321.62643
20200131,SPY,15:16,15:16:00.000000000,321.55,100,321.56,2000,15:16:00.050750838,321.55,2,15:16:55.403475791,321.85,100,15:16:55.593047277,321.87,1600,15:16:56.076034007,321.87,6,15:16:00.383913976,321.54,5800,15:16:00.000000000,321.56,2000,15:16:00.431707662,321.54,21,15:16:59.999999999,321.79,4400,321.80,100,15:16:59.439176310,321.79,35,0.01,0.07,,321.68208,19332,200459,22349,34800,14110,111664,34008,360864,2940,56526,321.69316,61270,79689,122410,154021,0,-0.33408,-0.19446,321.6853,321.69892
20200131,SPY,15:17,15:17:00.000000000,321.79,4400,321.80,100,15:17:00.233141860,321.7950,100,15:17:53.915275868,321.98,100,15:17:53.914403933,321.99,1500,15:17:59.606938506,321.99,133,15:17:11.757059474,321.70,3300,15:17:11.756952343,321.71,100,15:17:12.165346097,321.7063,100,15:17:59.999999999,321.97,2200,321.99,1100,15:17:59.615378107,321.99,100,0.01,0.02,,321.86726,15498,76174,3937,18825,15612,86698,18616,179198,1904,40664,321.85264,35399,40266,77189,67008,0,-0.01782,-0.01993,321.83778,321.84983
20200131,SPY,15:18,15:18:00.000000000,321.97,2200,321.99,1100,15:18:00.000784839,321.99,25,15:18:15.832376096,322.04,100,15:18:15.823616250,322.05,3100,15:18:53.721132844,327.6740,251592,15:18:45.046090152,321.82,600,15:18:45.045776239,321.83,1100,15:18:23.739582478,321.7407,50,15:18:59.999999999,321.91,200,321.92,1700,15:18:59.517020983,321.91,2,0.01,0.02,,321.94386,17626,233825,9473,26589,7995,325019,22921,304057,2394,321765,326.42348,291169,55182,76230,203241,0,-0.26107,-0.21629,321.93288,321.94475
20200131,SPY,15:19,15:19:00.000000000,321.91,200,321.92,1700,15:19:00.131175624,321.92,200,15:19:30.800477104,321.98,500,15:19:30.800537080,321.99,1300,15:19:30.891109546,321.99,5,15:19:19.541659273,321.79,1100,15:19:19.541621550,321.80,100,15:19:19.571032443,321.79,82,15:19:59.999999999,321.86,2000,321.87,2300,15:19:59.679194942,321.87,100,0.01,0.02,,321.8793,14426,131651,7691,18803,3733,51020,27957,207488,1774,33367,321.88264,29876,37491,47743,125745,0,-0.20875,-0.19646,321.87414,321.88575
20200131,SPY,15:20,15:20:00.000000000,321.86,2000,321.87,2300,15:20:00.226680818,321.8651,2,15:20:10.267354549,322.00,300,15:20:10.267373627,322.01,1100,15:20:10.423368918,322.0050,100,15:20:54.559645721,321.66,600,15:20:54.559984809,321.67,300,15:20:54.559544392,321.67,100,15:20:59.999999999,321.67,1700,321.68,200,15:20:59.924664289,321.67,11,0.01,0.02,,321.77427,18936,212407,10988,46705,14545,99939,55089,348549,2482,91124,321.76899,57424,68099,110479,203671,0,-0.18963,-0.18048,321.83701,321.84942
20200131,SPY,15:21,15:21:00.000000000,321.67,1700,321.68,200,15:21:00.720320545,321.67,18,15:21:59.214925560,321.89,100,15:21:59.211688180,321.90,2600,15:21:59.254213941,321.89,100,15:21:02.149099926,321.64,11100,15:21:08.729221014,321.65,900,15:21:01.120390914,321.64,98,15:21:59.999999999,321.88,2300,321.89,500,15:21:59.950648836,321.8505,14,0.01,0.02,,321.80182,12334,45512,1339,19156,11643,113274,29642,178532,1372,42034,321.79564,32434,31087,102080,54965,0,0.18494,0.17269,321.77467,321.7853
20200131,SPY,15:22,15:22:00.000000000,321.88,2300,321.89,500,15:22:00.010921935,321.89,100,15:22:26.541108813,322.09,500,15:22:26.541210633,322.10,1100,15:22:26.602157124,322.10,48,15:22:00.000000000,321.88,2300,15:22:00.000000000,321.89,500,15:22:00.371514865,321.8850,158,15:22:59.999999999,322.06,1800,322.07,500,15:22:59.859831846,322.0650,25,0.01,0.02,,321.99355,15838,60836,10887,12988,14607,87286,30479,155723,1541,61360,322.00469,39465,37159,81118,59341,0,0.05422,0.04758,322.014,322.02546
20200131,SPY,15:23,15:23:00.000000000,322.06,1800,322.07,500,15:23:00.099189128,322.07,45,15:23:00.831873292,322.10,100,15:23:00.832288737,322.11,15000,15:23:00.843720550,322.11,11,15:23:37.077526637,321.95,2400,15:23:37.077659034,321.96,100,15:23:03.833868532,321.8749,33,15:23:59.999999999,322.03,700,322.04,1400,15:23:59.822035602,322.0399,1,0.01,0.02,,322.05223,13458,68743,5129,13971,12868,77119,22095,163544,1457,36381,322.02504,35449,31332,68710,64434,0,0.03655,0.02745,322.03265,322.04382
20200131,SPY,15:24,15:24:00.000000000,322.03,700,322.04,1400,15:24:00.344841242,322.03,99,15:24:50.201992572,322.07,100,15:24:50.201992572,322.08,1800,15:24:51.536719634,322.08,300,15:24:42.593109765,321.92,1700,15:24:42.592200662,321.94,300,15:24:54.811604213,321.8894,10,15:24:59.999999999,322.03,3000,322.04,8400,15:24:59.906703820,322.0360,70,0.01,0.02,,322.00626,12704,54855,3686,16675,6806,66215,9999,115733,1264,42503,322.00175,29179,24104,51964,52989,0,0.09362,0.08665,321.9964,322.00751
20200131,SPY,15:25,15:25:00.000000000,322.03,3000,322.04,8400,15:25:00.078610522,322.0399,18,15:25:03.015496648,322.09,100,15:25:03.015530672,322.10,5100,15:25:03.027998672,322.10,100,15:25:52.984926347,321.72,15900,15:25:53.582340929,321.73,300,15:25:54.917280982,321.7202,3100,15:25:59.999999999,321.77,2400,321.78,2800,15:25:59.885845151,321.7767,3,0.01,0.02,,321.86906,18126,128095,15856,16552,9261,78288,27910,217228,2061,58734,321.89951,42098,47457,79297,107110,0,-0.22773,-0.21738,321.87787,321.88901
20200131,SPY,15:26,15:26:00.000000000,321.77,2400,321.78,2800,15:26:00.416444599,321.78,100,15:26:07.147998040,321.88,2700,15:26:07.147992288,321.89,500,15:26:07.518334110,321.8899,135,15:26:48.778627320,321.60,12400,15:26:48.810386647,321.61,100,15:26:48.039405306,321.61,100,15:26:59.999999999,321.67,5400,321.68,300,15:26:59.860630320,321.68,100,0.01,0.02,,321.72402,18746,209290,8355,35242,6196,140907,43706,393544,2790,50152,321.71366,46457,74544,177322,145373,0,-0.1646,-0.15978,321.73873,321.75109
20200131,SPY,15:27,15:27:00.000000000,321.67,5400,321.68,300,15:27:00.233113777,321.68,100,15:27:24.233705309,321.83,100,15:27:24.233491456,321.84,1200,15:27:15.064350569,330.92,13,15:27:00.000000000,321.67,5400,15:27:00.000000000,321.68,300,15:27:00.233113777,321.68,100,15:27:59.999999999,321.74,3200,321.76,4100,15:27:59.996677907,321.75,1,0.01,0.02,,321.75557,17550,129478,5970,15023,12022,70944,21553,217892,1924,37098,321.76485,32227,48245,76828,97690,0,-0.25014,-0.23641,321.75126,321.76341
20200131,SPY,15:28,15:28:00.000000000,321.74,3200,321.76,4100,15:28:00.007757338,321.75,99,15:28:01.207855659,321.76,100,15:28:01.208172909,321.77,3300,15:28:01.207861163,321.76,100,15:28:43.953901697,321.62,9700,15:28:43.954022641,321.63,100,15:28:43.954330489,321.62,1400,15:28:59.999999999,321.65,400,321.66,2400,15:28:59.947490037,321.6599,1,0.01,0.02,,321.68709,14962,122487,4331,22987,4477,60270,18807,209752,1522,23607,321.68095,20245,31405,70657,111052,0,-0.15618,-0.14559,321.67969,321.69158
20200131,SPY,15:29,15:29:00.000000000,321.65,400,321.66,2400,15:29:00.075020068,321.65,100,15:29:09.872741619,321.70,100,15:29:09.872376178,321.71,1600,15:29:10.102877709,321.7061,4,15:29:56.315029240,321.50,17300,15:29:56.314806273,321.51,100,15:29:59.455873029,321.5024,14,15:29:59.999999999,321.50,18200,321.52,3500,15:29:59.778153947,321.52,150,0.01,0.07,,321.59251,16658,213717,29050,46408,30026,110135,40124,410564,2586,58896,321.56346,74680,88678,134831,171271,0,-0.29038,-0.2335,321.58797,321.59992
20200131,SPY,15:30,15:30:00.000000000,321.50,18200,321.52,3500,15:30:00.017281072,321.50,100,15:30:02.484662938,321.54,100,15:30:02.474584581,321.55,4000,15:30:31.785789528,321.67,25,15:30:55.583376519,321.28,2100,15:30:55.584065033,321.29,100,15:30:56.026689345,321.28,40,15:30:59.999999999,321.31,400,321.32,2000,15:30:59.837185435,321.32,47,0.01,0.03,,321.38937,19448,116320,16259,32750,16796,84072,40304,243236,2444,63265,321.39583,49957,57294,94619,104631,0,-0.29616,-0.22807,321.40648,321.41867
20200131,SPY,15:31,15:31:00.000000000,321.31,400,321.32,2000,15:31:00.048060199,321.31,15,15:31:58.646275178,321.42,100,15:31:58.646368364,321.43,1400,15:31:29.838907046,321.5710,20,15:31:15.763696241,321.25,4100,15:31:15.765323872,321.26,300,15:31:15.766907825,321.25,100,15:31:59.999999999,321.41,1800,321.42,300,15:31:59.968403630,321.41,100,0.01,0.02,,321.32841,15674,107723,11647,45341,31367,104925,22260,227499,2405,95764,321.33073,61313,59638,117132,85180,0,-0.01332,-0.01675,321.32986,321.34163
20200131,SPY,15:32,15:32:00.000000000,321.41,1800,321.42,300,15:32:00.070703380,321.4199,31,15:32:20.357045641,321.44,100,15:32:20.356608379,321.45,2000,15:32:23.857738566,321.5187,50,15:32:53.066221988,321.31,9300,15:32:53.066113010,321.32,300,15:32:53.198906328,321.31,900,15:32:59.999999999,321.39,17200,321.40,3000,15:32:59.905243935,321.3990,22,0.01,0.02,1,321.37358,14770,46854,17842,30505,6398,87476,22460,156317,1664,55218,321.36476,40234,34503,96359,40439,0,0.13252,0.12008,321.36661,321.37805
20200131,SPY,15:33,15:33:00.000000000,321.39,17200,321.40,3000,15:33:00.058205880,321.39,16,15:33:57.236764416,321.63,100,15:33:57.173582933,321.64,1700,15:33:57.172799237,321.63,5,15:33:15.250338045,321.37,4700,15:33:15.250349388,321.38,400,15:33:16.047604203,321.37,100,15:33:59.999999999,321.62,5200,321.63,600,15:33:59.960388409,321.63,84,0.01,0.02,,321.50179,18798,104499,5343,28577,10442,99447,33044,223753,2165,57599,321.48596,47418,37655,117986,78293,0,0.04433,0.04459,321.49149,321.5023
20200131,SPY,15:34,15:34:00.000000000,321.62,5200,321.63,600,15:34:00.021421574,321.6250,100,15:34:00.602362236,321.65,100,15:34:00.601879840,321.66,900,15:34:00.668596318,321.6596,100,15:34:58.843354977,321.37,6500,15:34:58.843462564,321.38,4500,15:34:58.852924257,321.37,100,15:34:59.999999999,321.37,900,321.38,3700,15:34:59.929149660,321.37,60,0.01,0.02,,321.4875,13834,70944,9072,27401,8492,60037,21409,154802,1633,42553,321.49677,31239,40120,57734,68262,0,-0.03993,-0.03944,321.47784,321.48806
20200131,SPY,15:35,15:35:00.000000000,321.37,900,321.38,3700,15:35:00.016085505,321.37,16,15:35:05.538502591,321.39,100,15:35:05.467966259,321.40,3200,15:35:16.932440781,321.4027,25,15:35:37.302366681,321.18,1800,15:35:37.301975193,321.19,1100,15:35:37.303175756,321.18,100,15:35:59.999999999,321.31,3300,321.32,700,15:35:59.895868506,321.3131,30,0.01,0.02,,321.27977,17308,113338,4706,19269,8857,141205,23947,265065,2559,46257,321.25963,37910,42905,134185,96322,0,0.02261,0.0323,321.28409,321.29508
20200131,SPY,15:36,15:36:00.000000000,321.31,3300,321.32,700,15:36:00.324260486,321.3197,905,15:36:00.372255603,321.32,100,15:36:00.372292950,321.33,1100,15:36:01.387108703,321.33,13,15:36:18.509544648,321.19,2900,15:36:18.509605730,321.20,100,15:36:18.526204574,321.19,100,15:36:59.999999999,321.21,2900,321.22,1800,15:36:59.887206716,321.21,100,0.01,0.02,,321.26768,9934,93517,6286,26314,7185,88998,7509,190743,1423,39066,321.25014,26070,24719,95576,83444,0,-0.04641,-0.0451,321.24514,321.25609
20200131,SPY,15:37,15:37:00.000000000,321.21,2900,321.22,1800,15:37:00.002133338,321.2188,4,15:37:20.850164231,321.27,100,15:37:20.850137457,321.28,1900,15:37:03.713528587,321.3731,40,15:37:59.233841551,321.12,12300,15:37:59.233715105,321.13,1300,15:37:59.832658408,321.12,15,15:37:59.999999999,321.12,8200,321.13,1600,15:37:59.832658408,321.12,15,0.01,0.02,,321.1774,12590,87185,10250,30642,5098,99636,15340,189970,1546,58181,321.18599,33406,38569,86985,89191,0,0.02971,0.03277,321.18789,321.19924
20200131,SPY,15:38,15:38:00.000000000,321.12,8200,321.13,1600,15:38:00.030186068,321.1250,400,15:38:13.859122735,321.16,300,15:38:13.860469524,321.18,4000,15:38:44.885749728,321.2401,14,15:38:11.049056662,321.03,2500,15:38:11.131720639,321.04,100,15:38:11.210465093,321.0378,2,15:38:59.999999999,321.13,7500,321.15,1700,15:38:59.656318237,321.14,73,0.01,0.02,155,321.10048,29866,216051,6866,39442,6495,242226,46356,506381,3517,51055,321.10287,63235,61605,238875,193721,0,-0.01473,-0.00214,321.09353,321.10612
20200131,SPY,15:39,15:39:00.000000000,321.13,7500,321.15,1700,15:39:00.127747839,321.14,30,15:39:33.902772023,321.24,100,15:39:33.821243677,321.25,2200,15:39:33.920455861,321.2499,100,15:39:55.944723083,321.02,2200,15:39:55.944802493,321.03,400,15:39:55.965139619,321.02,100,15:39:59.999999999,321.08,500,321.09,1700,15:39:59.774077641,321.08,100,0.01,0.02,,321.13497,23200,145112,20062,80640,7801,130822,7623,279971,2252,112089,321.11518,72892,71439,115567,132162,0,0.02584,0.01001,321.12065,321.13342
20200131,SPY,15:40,15:40:00.000000000,321.08,500,321.09,1700,15:40:00.022074387,321.09,100,15:40:00.166522530,321.13,100,15:40:00.141145318,321.14,4500,15:40:01.946081876,321.1685,27,15:40:26.415764777,320.91,11800,15:40:26.499494619,320.92,100,15:40:26.460654612,320.91,970,15:40:59.999999999,320.94,14300,320.95,10800,15:40:59.956407531,320.9450,500,0.01,0.02,,320.99275,21656,287425,12584,53956,9199,165491,53731,454560,3533,127826,320.99257,75254,83845,168363,254924,0,-0.08696,-0.0835,320.98335,320.99461
20200131,SPY,15:41,15:41:00.000000000,320.94,14300,320.95,10800,15:41:00.030433676,320.9450,100,15:41:34.098479249,320.96,100,15:41:34.098407284,320.97,2200,15:41:04.802092242,321.20,25000,15:41:59.116881383,320.85,50200,15:41:59.117333931,320.86,100,15:41:59.129153802,320.85,300,15:41:59.999999999,320.85,43100,320.87,4500,15:41:59.928339411,320.8501,599,0.01,0.02,,320.9091,16654,327957,13228,45354,10281,168921,18169,372706,2429,211204,320.92515,97583,160654,159412,166261,0,-0.12529,-0.12065,320.90159,320.91384
20200131,SPY,15:42,15:42:00.000000000,320.85,43100,320.87,4500,15:42:00.019944569,320.85,5,15:42:24.238676673,320.97,400,15:42:24.645270898,320.99,2600,15:42:49.501213832,320.9944,8,15:42:53.439718064,320.84,1300,15:42:53.439718064,320.85,2900,15:42:53.443899818,320.84,33,15:42:59.999999999,320.87,100,320.88,7100,15:42:59.566854347,320.87,100,0.01,0.02,,320.89014,15014,131545,13720,45656,4733,87851,8542,242844,1978,49203,320.90004,37551,49765,80552,124179,0,-0.12522,-0.12673,320.89182,320.90388
20200131,SPY,15:43,15:43:00.000000000,320.87,100,320.88,7100,15:43:00.003252789,320.87,14,15:43:42.869611431,321.69,100,15:43:42.844016002,321.69,3100,15:43:42.856992013,321.69,76,15:43:08.592547187,320.74,3100,15:43:09.153101416,320.75,100,15:43:07.915405947,320.73,490,15:43:59.999999999,321.53,300,321.54,2000,15:43:59.959990855,321.53,200,0.01,0.05,,321.1884,65784,522555,29469,106689,22077,632831,253204,1350647,11367,216178,321.21766,285273,289457,562292,429803,0,-0.71972,-0.74636,321.19692,321.20912
20200131,SPY,15:44,15:44:00.000000000,321.53,300,321.54,2000,15:44:00.009483862,321.53,100,15:44:19.478363720,321.85,100,15:44:19.477991957,321.86,2000,15:44:25.944381563,321.86,100,15:44:09.809130442,321.45,1000,15:44:09.967738787,321.46,100,15:44:09.660956225,321.2398,34,15:44:59.999999999,321.68,200,321.69,2300,15:44:59.840650378,321.6899,1,0.01,0.04,,321.69557,58330,414913,17890,110257,19584,534588,127216,986511,8560,237937,321.67269,218156,215974,446008,344310,0,0.04851,0.03468,321.68679,321.69928
20200131,SPY,15:45,15:45:00.000000000,321.68,200,321.69,2300,15:45:00.007470687,321.69,300,15:45:12.850832093,321.92,200,15:45:12.775543898,321.93,2500,15:45:13.731110330,321.93,100,15:45:59.909975179,321.33,1300,15:45:59.954404489,321.34,100,15:45:59.990929482,321.33,1200,15:45:59.999999999,321.33,3700,321.34,900,15:45:59.990929482,321.33,1200,0.01,0.07,,321.69064,37454,314957,28690,73659,11854,252147,77691,650191,5790,108807,321.68666,116147,159316,237673,245862,0,-0.24866,-0.2128,321.66248,321.67503
20200131,SPY,15:46,15:46:00.000000000,321.33,3700,321.34,900,15:46:00.003715486,321.34,100,15:46:58.656679919,321.89,100,15:46:58.645604617,321.90,6800,15:46:58.645679422,321.90,300,15:46:03.330480284,321.27,900,15:46:03.330540683,321.28,200,15:46:03.330144794,321.28,100,15:46:59.999999999,321.85,1600,321.86,900,15:46:59.945634627,321.86,63,0.01,0.03,,321.59263,30830,254154,14745,62759,14635,244710,45682,535999,4839,100686,321.61547,92301,91603,242714,210067,0,0.01942,0.03753,321.5842,321.59617
20200131,SPY,15:47,15:47:00.000000000,321.85,1600,321.86,900,15:47:00.008085920,321.8550,800,15:47:00.357178505,321.87,100,15:47:00.352584242,321.88,3100,15:47:00.354035844,321.88,100,15:47:44.192479668,321.56,4900,15:47:44.193997374,321.57,100,15:47:51.515188244,321.4957,27,15:47:59.999999999,321.83,100,321.84,2600,15:47:59.988909701,321.84,100,0.01,0.03,,321.70718,26672,184806,14431,66615,9395,201127,38119,413849,3800,100644,321.68812,84974,79161,187834,162524,0,-0.0099,-0.01777,321.69363,321.70528
20200131,SPY,15:48,15:48:00.000000000,321.83,100,321.84,2600,15:48:00.002226236,321.83,100,15:48:16.293839897,321.95,200,15:48:16.293885272,321.96,7600,15:48:16.875197126,321.96,12,15:48:57.347027621,321.65,1600,15:48:57.348337099,321.66,100,15:48:08.160274089,321.5582,50,15:48:59.999999999,321.72,500,321.73,1500,15:48:59.999098868,321.72,100,0.01,0.04,,321.81732,38074,272838,12458,53431,15626,251523,87070,599526,5284,93420,321.81162,122097,124800,234071,211978,0,-0.23503,-0.23826,321.82303,321.83529
20200131,SPY,15:49,15:49:00.000000000,321.72,500,321.73,1500,15:49:00.001044679,321.72,400,15:49:04.426542336,321.82,100,15:49:04.426668221,321.83,2600,15:49:04.910643502,321.83,100,15:49:52.902859570,321.35,2300,15:49:52.902859570,321.36,100,15:49:52.902137527,321.35,100,15:49:59.999999999,321.46,1000,321.47,1000,15:49:59.979521784,321.47,100,0.01,0.02,,321.54151,43156,323798,20968,62640,8314,271710,79241,640352,6185,126319,321.55031,131626,135664,234221,265160,0,-0.15524,-0.15332,321.53854,321.55
20200131,SPY,15:50,15:50:00.000000000,321.46,1000,321.47,1000,15:50:00.007753487,321.47,100,15:50:30.979648826,321.91,1500,15:50:30.979678201,321.92,2000,15:50:31.034994066,321.92,8,15:50:00.124904979,321.35,1700,15:50:05.344230980,321.35,100,15:50:00.223771306,321.35,7,15:50:59.999999999,321.59,200,321.60,3300,15:50:59.987923066,321.60,100,0.01,0.03,,321.6592,46192,327382,10707,102327,14140,402502,70025,772206,6543,154877,321.63486,162629,134442,325625,304387,0,0.02147,0.02304,321.64209,321.65304
20200131,SPY,15:51,15:51:00.000000000,321.59,200,321.60,3300,15:51:00.033879776,321.59,214,15:51:47.581774404,321.73,100,15:51:47.582039625,321.74,5000,15:51:47.580610803,321.73,100,15:51:25.893543878,321.49,200,15:51:25.893181213,321.50,100,15:51:25.598759550,321.49,100,15:51:59.999999999,321.62,1900,321.63,4700,15:51:59.923008813,321.6636,20,0.01,0.03,,321.62073,34770,228604,11632,58075,10809,272806,44557,505095,4524,121388,321.61853,86528,99613,233151,207191,0,0.02311,0.02739,321.60519,321.61571
20200131,SPY,15:52,15:52:00.000000000,321.62,1900,321.63,4700,15:52:00.014618670,321.62,100,15:52:42.272382924,321.77,1000,15:52:42.272402169,321.78,3000,15:52:42.144450587,321.77,100,15:52:08.750836675,321.50,800,15:52:08.751467301,321.51,600,15:52:08.750503993,321.49,100,15:52:59.999999999,321.73,400,321.74,1800,15:52:59.922532614,321.7330,1,0.01,0.03,,321.66076,26364,197524,4371,36777,7931,171497,33996,392124,3549,59972,321.64904,74903,55540,173800,147853,0,-0.13105,-0.11531,321.65076,321.66108
20200131,SPY,15:53,15:53:00.000000000,321.73,400,321.74,1800,15:53:00.042313575,321.74,100,15:53:59.894594608,322.07,800,15:53:59.894299624,322.08,1100,15:53:59.956888125,322.08,200,15:53:00.721072568,321.71,3900,15:53:00.721030058,321.72,100,15:53:00.723690655,321.71,100,15:53:59.999999999,322.07,1800,322.08,900,15:53:59.956888125,322.08,200,0.01,0.03,,321.87657,34026,266408,10051,49499,21960,298934,115871,637542,4996,125181,321.87432,120762,120338,297550,224073,0,0.15362,0.16172,321.85413,321.86471
20200131,SPY,15:54,15:54:00.000000000,322.07,1800,322.08,900,15:54:00.002496515,322.07,100,15:54:00.000000000,322.07,1800,15:54:00.000000000,322.08,900,15:54:00.002496515,322.07,100,15:54:39.442293853,321.88,3800,15:54:39.442842681,321.89,100,15:54:06.286874041,321.6780,50,15:54:59.999999999,321.96,1800,321.97,5500,15:54:59.994656466,321.9612,102,0.01,0.02,,321.95233,29088,305851,37669,136189,10156,242297,50993,609721,4795,173434,321.94389,143481,116125,206650,316899,0,-0.04321,-0.04853,321.95353,321.9642
20200131,SPY,15:55,15:55:00.000000000,321.96,1800,321.97,5500,15:55:00.004870621,321.96,100,15:55:17.050694375,322.11,300,15:55:17.049601590,322.12,10500,15:55:25.001088587,322.12,100,15:55:58.031377499,321.80,4400,15:55:58.031913628,321.81,300,15:55:08.631211515,321.7860,75,15:55:59.999999999,321.80,1000,321.81,7300,15:55:59.999445754,321.8012,100,0.01,0.02,,321.98457,28462,399500,30241,77999,11649,363213,118047,849452,6195,151197,321.97579,169763,163561,362256,305069,0,-0.2607,-0.25723,321.97481,321.9852
20200131,SPY,15:56,15:56:00.000000000,321.80,1000,321.81,7300,15:56:00.010810784,321.8001,65,15:56:54.660562889,321.93,600,15:56:54.660562889,321.94,2800,15:56:41.291277103,327.6740,503184,15:56:15.828716087,321.63,34200,15:56:15.831159571,321.64,200,15:56:15.826907670,321.63,200,15:56:59.999999999,321.86,3600,321.87,1600,15:56:59.977796563,321.8637,30,0.01,0.02,,321.76755,27344,357522,16071,101798,11156,747860,85513,674790,5163,645130,326.37932,624842,103036,276938,315104,0,-0.11378,-0.09342,321.77844,321.78885
20200131,SPY,15:57,15:57:00.000000000,321.86,3600,321.87,1600,15:57:00.010333828,321.8675,25,15:57:41.311313529,322.08,100,15:57:24.276768087,322.09,4700,15:57:24.278505851,322.09,100,15:57:00.000000000,321.86,3600,15:57:00.000000000,321.87,1600,15:57:00.015137300,321.8650,3,15:57:59.999999999,322.04,3100,322.05,1900,15:57:59.915178250,322.05,100,0.01,0.02,,322.0088,20598,242704,11238,42627,16007,241408,67275,544817,4129,76442,322.01324,95097,98318,234807,193037,0,-0.23701,-0.23082,322.01088,322.02113
20200131,SPY,15:58,15:58:00.000000000,322.04,3100,322.05,1900,15:58:00.004735005,322.0450,100,15:58:57.634417401,322.14,100,15:58:57.634664179,322.15,10200,15:58:57.636114544,322.15,200,15:58:16.348512547,321.86,18800,15:58:16.348327207,321.87,800,15:58:16.361268448,321.86,100,15:58:59.999999999,322.12,500,322.13,3000,15:58:59.893145138,322.13,800,0.01,0.02,,322.01574,31198,349866,26541,62161,11429,350817,110374,789147,5436,122041,322.003,135156,125506,369710,280816,0,-0.09769,-0.08027,322.00332,322.01356
20200131,SPY,15:59,15:59:00.000000000,322.12,500,322.13,3000,15:59:00.001250812,322.1250,100,15:59:21.822188563,322.18,5000,15:59:21.822465795,322.19,1500,15:59:21.827088323,322.19,10,15:59:59.715451588,321.72,19300,15:59:59.716619664,321.73,500,15:59:59.714797235,321.72,800,15:59:59.999999999,321.74,5300,321.75,14100,15:59:59.999537331,321.74,100,0.01,0.03,,321.94909,57266,1150891,27256,249108,27338,934747,254138,2391905,13152,251573,321.98369,388677,356581,861740,1036480,0,0.06915,0.07482,321.99784,322.00849
20200131,SPY,16:00,16:00:00.000000000,321.74,5300,321.75,14100,16:00:00.000452429,321.75,500,16:00:52.898093222,321.91,100,16:00:52.124099408,321.92,6200,16:00:52.291751354,321.92,200,16:00:10.780492496,321.63,5400,16:00:10.781199343,321.64,300,16:00:10.697667894,321.64,100,16:00:59.999999999,321.87,1900,321.89,2400,16:00:59.928415338,321.87,100,0.01,0.03,,321.73564,16078,2976429,1011,215230,500,129602,461737,3149958,1533,634551,321.73029,34785,3223461,130845,395418,0,-1.34009,-1.337,321.81559,321.82863
20200131,SPY,16:01,16:01:00.000000000,321.87,1900,321.89,2400,16:01:00.137250191,321.89,100,16:01:21.736911535,322.24,1000,16:01:21.742200919,322.25,1100,16:01:21.737007213,322.24,100,16:01:00.000000000,321.87,1900,16:01:00.000000000,321.89,2400,16:01:00.137250191,321.89,100,16:01:59.999999999,322.06,300,322.07,12100,16:01:56.508983189,322.07,200,0.01,0.03,,322.09434,11262,124008,1000,19722,2,69648,16715,230322,805,773,322.17838,30350,17618,93031,90096,0,-0.22374,-0.17433,322.09808,322.11119
20200131,SPY,16:02,16:02:00.000000000,322.06,300,322.07,12100,16:02:00.051593713,322.07,52,16:02:17.994932273,322.20,100,16:02:18.960106485,322.22,12400,16:02:17.996478840,322.20,100,16:02:50.337261313,322.00,1000,16:02:50.316646636,322.01,500,16:02:50.343593980,322.01,100,16:02:59.999999999,322.05,6900,322.06,700,16:02:59.826419921,322.05,50,0.01,0.03,,322.09896,8482,164429,1577,12281,984,124986,28975,333217,1202,15,322.10333,22158,41645,124226,145203,0,-0.27225,-0.28306,322.09344,322.1057
20200131,SPY,16:03,16:03:00.000000000,322.05,6900,322.06,700,16:03:00.174335219,322.05,200,16:03:28.659872397,322.13,100,16:03:22.025821430,322.14,13200,16:03:23.341680839,322.13,200,16:03:40.040972125,321.97,5900,16:03:43.135768319,321.97,300,16:03:40.040630989,321.98,100,16:03:59.999999999,322.01,6100,322.03,1600,16:03:59.916101396,322.03,100,0.01,0.03,,322.04373,6938,145973,0,4278,0,25691,16133,191644,684,431,322.03,12185,14024,39861,126005,0,-0.44711,-0.38345,322.04511,322.05829
20200131,SPY,16:04,16:04:00.000000000,322.01,6100,322.03,1600,16:04:00.045274349,322.01,100,16:04:41.365717997,322.08,1000,16:04:41.366636895,322.09,17100,16:04:42.111505489,322.09,50,16:04:12.187573814,321.92,1600,16:04:12.187676915,321.93,100,16:04:12.192285075,321.93,100,16:04:59.999999999,321.99,2000,322.00,2600,16:04:59.251899361,322.00,90,0.01,0.03,,322.00679,6840,135323,2000,11690,1,82822,34051,265474,837,413,322.00847,13252,25570,75014,152051,0,-0.22644,-0.20397,322.01284,322.02515
20200131,SPY,16:05,16:05:00.000000000,321.99,2000,322.00,2600,16:05:00.019253083,322.00,100,16:05:59.294902753,322.14,100,16:05:32.608210389,322.15,57400,16:05:48.895091587,322.14,100,16:05:00.000000000,321.99,2000,16:05:00.000000000,322.00,2600,16:05:04.261511183,321.99,100,16:05:59.999999999,322.14,1100,322.15,40200,16:05:59.180654970,322.13,100,0.01,0.03,,322.04013,5198,120964,3159,16616,100,121452,53042,314635,964,698,322.01441,12068,21242,84777,197246,0,-0.16295,-0.14592,322.07239,322.08326
20200131,SPY,16:06,16:06:00.000000000,322.14,1100,322.15,40200,16:06:00.047612610,322.15,42,16:06:25.862522890,322.21,300,16:06:27.919545742,322.22,4800,16:06:24.491854688,322.21,100,16:06:00.286943867,322.12,600,16:06:00.288749735,322.13,100,16:06:00.119569474,322.13,11,16:06:59.999999999,322.18,700,322.19,3100,16:06:59.492219967,322.18,100,0.01,0.03,,322.17087,4568,80141,525,630,0,101205,53793,236221,658,73,322.13849,18279,15358,132597,70060,0,-0.00403,-0.02007,322.16226,322.17278
20200131,SPY,16:07,16:07:00.000000000,322.18,700,322.19,3100,16:07:00.026619146,322.19,32,16:07:06.087758587,322.24,400,16:07:06.087846345,322.25,26600,16:07:05.890724364,322.24,50,16:07:54.012121627,321.96,6600,16:07:52.113384413,321.98,500,16:07:55.394223939,321.97,100,16:07:59.999999999,321.98,16600,321.99,1400,16:07:59.511937583,321.99,4,0.01,0.03,,322.10429,5558,194056,6331,25418,159,71146,24280,321290,958,100,322.07,25342,21804,70783,203461,0,-0.32545,-0.2798,322.11713,322.13087
20200131,SPY,16:08,16:08:00.000000000,321.98,16600,321.99,1400,16:08:00.599509103,321.98,100,16:08:55.952826787,322.11,100,16:08:55.953031153,322.12,3800,16:08:58.031379918,322.12,100,16:08:01.222511362,321.95,13800,16:08:01.204940010,321.96,100,16:08:03.050931287,321.96,100,16:08:59.999999999,322.11,1200,322.12,2400,16:08:58.031379918,322.12,100,0.01,0.03,,321.99821,3082,25374,0,2582,100,51186,53910,133151,417,1,322.02,5287,9374,54467,64024,0,0.11545,0.09728,322.00547,322.0184
20200131,SPY,16:09,16:09:00.000000000,322.11,1200,322.12,2400,16:09:00.031583397,322.11,46,16:09:00.627551639,322.13,300,16:09:00.627731826,322.14,11500,16:09:45.716877158,322.14,100,16:09:07.311298567,322.07,500,16:09:07.429297582,322.08,100,16:09:17.224593987,322.08,100,16:09:59.999999999,322.10,16600,322.11,200,16:09:58.382534745,322.11,100,0.01,0.03,,322.10875,2438,55788,0,3800,0,16727,24497,100791,302,21,322.10429,10551,8430,30498,51333,0,-0.19985,-0.19124,322.10096,322.11449
20200131,SPY,16:10,16:10:00.000000000,322.10,16600,322.11,200,16:10:00.030060770,322.11,42,16:10:54.846336210,322.24,100,16:10:54.849983733,322.25,10600,16:10:26.898539848,322.24,200,16:10:00.000000000,322.10,16600,16:10:00.000000000,322.11,200,16:10:00.030060770,322.11,42,16:10:59.999999999,322.21,8400,322.23,1000,16:10:59.156196396,322.22,100,0.01,0.03,,322.21242,3648,35335,71,1830,100,66822,29159,133195,436,122,322.22475,8481,6222,85263,33351,0,0.086,0.01428,322.19471,322.20697
20200131,SPY,16:11,16:11:00.000000000,322.21,8400,322.23,1000,16:11:00.038638287,322.23,14,16:11:39.046568162,322.31,300,16:11:39.036789487,322.30,5300,16:11:39.545693785,322.31,3,16:11:04.374152617,322.20,3900,16:11:07.779798222,322.21,100,16:11:08.818799736,321.8780,200000,16:11:59.999999999,322.23,100,322.24,9100,16:11:59.426336105,322.23,100,0.01,0.03,,322.25405,3802,1327659,1800,10513,0,62367,19297,155522,520,1266114,321.87924,11831,213362,58994,1137449,0,-0.0845,-0.04147,322.24145,322.25533
20200131,SPY,16:12,16:12:00.000000000,322.23,100,322.24,9100,16:12:00.695673346,322.23,100,16:12:59.564615651,322.29,100,16:12:55.895735702,322.30,2800,16:12:55.895404221,322.30,1754,16:12:42.246825031,322.17,3700,16:12:42.237727294,322.18,100,16:12:42.252191195,322.17,100,16:12:59.999999999,322.28,100,322.30,3900,16:12:59.566125153,322.29,50,0.01,0.03,,322.23211,3724,104543,0,8638,200,32411,27956,173522,656,226,322.24566,15517,26127,23793,108311,0,-0.44105,-0.39213,322.22626,322.241
20200131,SPY,16:13,16:13:00.000000000,322.28,100,322.30,3900,16:13:00.216744591,322.30,100,16:13:43.812573248,322.38,100,16:13:43.471228770,322.39,15900,16:13:43.786331663,322.39,100,16:13:59.696114826,322.20,10500,16:13:59.010927897,322.22,300,16:13:59.011938230,322.22,300,16:13:59.999999999,322.23,100,322.23,1400,16:13:59.761867978,322.23,1,0.01,0.03,,322.31815,4622,35429,100,1975,1050,90149,18834,147283,575,254,322.32594,16567,17903,72320,40747,0,0.26192,0.14032,322.31638,322.32998
20200131,SPY,16:14,16:14:00.000000000,322.23,100,322.23,1400,16:14:00.015987974,322.23,100,16:14:51.900436301,322.37,300,16:14:51.894645342,322.38,7300,16:14:48.807667667,322.36,100,16:14:00.007073029,322.22,1200,16:14:00.000000000,322.23,1400,16:14:07.768304285,322.22,100,16:14:59.999999999,322.26,100,322.30,16600,16:14:59.268774661,322.28,800,0.01,0.04,,322.29114,3468,42247,0,8331,2599,97540,11760,161175,595,1302,322.31452,16310,15564,82743,47860,0,0.30391,0.13227,322.2898,322.30681
20200131,SPY,16:15,16:15:00.000000000,322.26,100,322.30,16600,16:15:00.000660274,322.30,500,16:15:06.163243336,322.31,100,16:15:00.083265229,322.35,7000,16:15:14.151535246,322.32,1200,16:15:33.341517002,322.21,200,16:15:33.333298983,322.25,500,16:15:33.348712445,322.21,54,16:15:59.999999999,322.26,1200,322.29,3400,16:15:57.081200159,322.29,1,0.01,0.09,,322.28086,396,36096,12479,210,2758,23250,0,58679,161,16114,322.29014,11644,21124,22059,19966,0,-0.21582,-0.00491,322.27639,322.30398
20200131,SPY,16:16,16:16:00.000000000,322.26,1200,322.29,3400,16:16:00.030128839,322.29,100,16:16:38.671350510,322.31,300,16:16:45.047430256,322.33,3300,16:16:39.502806253,322.32,600,16:16:28.452147357,322.24,2100,16:16:28.454288838,322.25,12800,16:16:28.445876346,322.25,1200,16:16:59.999999999,322.29,3900,322.31,400,16:16:55.411980250,322.31,90,0.01,0.06,,322.28942,226,33195,3549,1200,1593,24564,200,64250,132,51,322.29039,6189,5131,9773,43208,0,-0.08089,-0.07369,322.28118,322.29799
20200131,SPY,16:17,16:17:00.000000000,322.29,3900,322.31,400,16:17:00.020215799,322.29,63,16:17:12.528544831,322.30,1000,16:17:00.000000000,322.31,400,16:17:00.498292839,322.31,25,16:17:22.179425086,322.26,3200,16:17:32.317843929,322.29,100,16:17:34.652825942,321.8780,2000000,16:17:59.999999999,322.30,1100,322.31,2800,16:17:57.559878055,322.30,1,0.01,0.05,,322.28629,104,2005842,5400,500,220,3949,0,15873,61,2000038,321.87801,849,2006077,4050,4935,0,-0.63725,-0.14735,322.28909,322.30693
20200131,SPY,16:18,16:18:00.000000000,322.30,1100,322.31,2800,16:18:08.686352181,322.31,1000,16:18:00.000000000,322.30,1100,16:18:00.000000000,322.31,2800,16:18:40.256759941,327.6740,100637,16:18:16.206744381,322.28,3900,16:18:16.207665407,322.29,100,16:18:31.445617822,322.28,100,16:18:59.999999999,322.28,3200,322.29,100,16:18:58.940056283,322.29,1900,0.01,0.03,,322.29137,70,1031,5000,0,0,122083,0,27468,72,100646,327.67352,101937,1031,15236,9910,0,0.30228,0.34111,322.28415,322.2954
20200131,SPY,16:19,16:19:00.000000000,322.28,3200,322.29,100,16:19:00.966987781,322.28,100,16:19:38.070854853,322.33,200,16:19:42.872305587,322.35,11300,16:19:42.872623942,322.35,400,16:19:00.000000000,322.28,3200,16:19:00.000000000,322.29,100,16:19:00.966987781,322.28,100,16:19:59.999999999,322.31,4800,322.32,900,16:19:59.899267804,322.32,300,0.01,0.04,,322.32876,146,2817,241,2689,800,27006,0,33552,115,1,322.31,6737,2770,22868,1178,0,0.88515,0.48328,322.30038,322.32226
20200131,SPY,16:20,16:20:00.000000000,322.31,4800,322.32,900,16:20:00.030586701,322.32,51,16:20:00.000000000,322.31,4800,16:20:00.000000000,322.32,900,16:20:00.030586701,322.32,51,16:20:52.696240955,322.27,2100,16:20:52.697126798,322.28,100,16:20:57.621289152,322.27,100,16:20:59.999999999,322.27,1200,322.28,700,16:20:58.926990894,322.27,400,0.01,0.03,,322.30,88,8876,4199,4428,0,18725,0,35728,75,500,322.31,198,5946,2303,27781,0,0.08885,0.11125,322.28881,322.30021
20200131,SPY,16:21,16:21:00.000000000,322.27,1200,322.28,700,16:21:00.000391241,322.28,100,16:21:52.976533784,322.28,100,16:21:52.960487082,322.30,100,16:21:00.000391241,322.28,100,16:21:37.544548205,322.24,2600,16:21:37.544640669,322.25,600,16:21:37.544573002,322.24,1000,16:21:59.999999999,322.25,800,322.26,700,16:21:56.711241944,322.26,200,0.01,0.05,,322.26792,214,24082,400,14840,0,36927,2300,78449,173,100,322.26,2029,4600,49536,22384,0,0.03568,0.06619,322.2547,322.27064
20200131,SPY,16:22,16:22:00.000000000,322.25,800,322.26,700,16:22:00.999530258,322.26,200,16:22:46.950554545,322.29,100,16:22:22.003504159,322.31,3100,16:22:51.885759259,322.30,3,16:22:02.469986470,322.24,2500,16:22:02.473946340,322.25,100,16:22:15.841451166,322.24,10,16:22:59.999999999,322.26,2500,322.29,100,16:22:53.320474095,322.29,100,0.01,0.05,,322.26399,192,7718,3388,3497,0,47987,1176,63756,116,10,322.24,1719,1857,49990,10200,0,0.3601,0.3026,322.25888,322.27629
20200131,SPY,16:23,16:23:00.000000000,322.26,2500,322.29,100,16:23:00.023314053,322.26,36,16:23:44.248710739,322.30,100,16:23:44.248500065,322.31,4100,16:23:44.248130069,322.30,1,16:23:19.903243954,322.25,6100,16:23:19.903474265,322.26,100,16:23:00.023314053,322.26,36,16:23:59.999999999,322.25,4100,322.28,400,16:23:54.745634338,322.28,550,0.01,0.04,,322.28442,186,23032,2600,512,2555,9969,0,38667,79,1,322.26,601,1086,27080,9901,0,-0.21805,-0.16794,322.26786,322.28547
20200131,SPY,16:24,16:24:00.000000000,322.25,4100,322.28,400,16:24:26.248995791,322.25,200,16:24:00.000000000,322.25,4100,16:24:00.000000000,322.28,400,16:24:26.248995791,322.25,200,16:24:26.249390324,322.24,500,16:24:26.249695459,322.25,100,16:24:26.248995791,322.25,200,16:24:59.999999999,322.24,600,322.27,100,16:24:55.684426042,322.25,1,0.01,0.04,,322.25,86,2510,1901,0,0,6845,0,11251,62,5,322.25,0,200,0,11056,0,-0.17696,0.15019,322.24437,322.27362
20200131,SPY,16:25,16:25:00.000000000,322.24,600,322.27,100,16:25:02.518281370,322.25,94,16:25:00.000000000,322.24,600,16:25:28.187460360,322.28,400,16:25:41.184071414,322.28,1,16:25:28.797931801,322.22,8900,16:25:41.491410284,322.23,200,16:25:28.798355109,322.22,1000,16:25:59.999999999,322.22,9600,322.24,200,16:25:57.839816190,322.23,100,0.01,0.06,,322.22991,188,19000,1694,500,0,1112,0,22306,62,0,,2612,5236,4900,9558,0,-1.59069,-0.41591,322.23302,322.2608
20200131,SPY,16:26,16:26:00.000000000,322.22,9600,322.24,200,16:26:02.547146701,322.22,200,16:26:04.496699264,322.23,100,16:26:00.000000000,322.24,200,16:26:06.786582429,322.25,500,16:26:06.594246946,322.20,22100,16:26:06.596269507,322.21,1000,16:26:47.618238875,321.73,15543,16:26:59.999999999,322.20,6700,322.21,900,16:26:56.061265714,322.20,100,0.01,0.04,,322.2108,252,46778,8399,133,20,28952,200,68717,150,15765,321.73662,8306,22755,11834,41587,0,-0.20859,0.04967,322.20255,322.2133
20200131,SPY,16:27,16:27:00.000000000,322.20,6700,322.21,900,16:27:00.519184358,322.21,997,16:27:00.000000000,322.20,6700,16:27:00.519137210,322.24,3200,16:27:05.579368727,322.22,1,16:27:14.632890584,322.19,1800,16:27:14.631993498,322.20,100,16:27:15.961817780,322.16,97,16:27:59.999999999,322.19,800,322.21,1200,16:27:58.248829417,322.20,100,0.01,0.04,,322.20483,178,9489,900,3775,0,22333,3839,40335,119,1,322.21,4111,2203,16159,17863,0,0.06094,0.14258,322.19925,322.20976
20200131,SPY,16:28,16:28:00.000000000,322.19,800,322.21,1200,16:28:02.825252251,322.21,200,16:28:46.187154784,322.23,100,16:28:02.825962531,322.24,3200,16:28:49.514299247,322.24,1,16:28:16.431836984,322.18,14200,16:28:16.432112693,322.19,100,16:28:20.469922377,322.18,1100,16:28:59.999999999,322.22,1800,322.24,3100,16:28:50.981714351,322.22,2,0.01,0.04,,322.19943,150,5264,8867,280,1220,6990,0,22320,68,301,322.2001,3702,2886,5272,10761,0,-0.22047,-0.02472,322.20018,322.21814
20200131,SPY,16:29,16:29:00.000000000,322.22,1800,322.24,3100,16:29:00.028516739,322.22,36,16:29:03.571563539,322.23,200,16:29:00.000000000,322.24,3100,16:29:16.489565604,322.24,25,16:29:56.775453403,322.19,800,16:29:27.709996448,322.21,800,16:29:27.710027445,322.20,200,16:29:59.999999999,322.19,800,322.24,14400,16:29:56.782705289,322.24,399,0.01,0.05,,322.21441,106,2434,198,1122,1001,3424,0,8054,21,125,322.216,4525,598,98,2958,0,0.10132,0.08275,322.20989,322.22949
20200131,SPY,16:30,16:30:00.000000000,322.19,800,322.24,14400,16:30:00.006515043,322.21,1,16:30:38.476544738,322.22,500,16:30:00.000000000,322.24,14400,16:30:00.056150346,322.22,1,16:30:18.959678480,322.10,8000,16:30:23.295781979,322.11,1000,16:30:23.585730544,322.11,2,16:30:59.999999999,322.19,6800,322.22,5000,16:30:49.319988352,322.22,2,0.01,0.05,,322.18279,1284,13351,1804,12473,1599,9590,4500,43312,86,5,322.202,4319,3855,24086,11057,0,-0.22298,-0.0355,322.1671,322.19669
20200131,SPY,16:31,16:31:00.000000000,322.19,6800,322.22,5000,16:31:00.824387277,322.21,15,16:31:57.668354989,322.30,300,16:31:57.668800423,322.34,14300,16:31:56.070647121,322.31,1000,16:31:09.918458367,322.16,12800,16:31:09.916004090,322.18,10400,16:31:09.909247394,322.18,1000,16:31:59.999999999,322.29,700,322.32,7500,16:31:58.847694479,322.31,100,0.01,0.06,,322.23529,860,8089,377,440,364,19701,16936,45907,125,0,,4768,6027,19097,16015,0,0.27336,0.22234,322.21167,322.23176
20200131,SPY,16:32,16:32:00.000000000,322.29,700,322.32,7500,16:32:00.511064691,322.31,200,16:32:44.800321267,322.30,1000,16:32:00.000000000,322.32,7500,16:32:00.511064691,322.31,200,16:32:20.786474005,322.25,11500,16:32:20.786474005,322.26,100,16:32:22.167960990,322.25,20,16:32:59.999999999,322.28,700,322.30,1600,16:32:58.797144857,322.28,100,0.01,0.04,,322.28676,632,13188,3705,2103,0,10164,900,30059,92,1,322.26,2406,3608,5853,18193,0,-0.24973,-0.07083,322.27294,322.29088
20200131,SPY,16:33,16:33:00.000000000,322.28,700,322.30,1600,16:33:02.484875824,322.30,200,16:33:00.690563564,322.29,900,16:33:02.486341586,322.31,6500,16:33:02.484875824,322.30,200,16:33:30.102810938,322.25,100,16:33:18.861057891,322.26,300,16:33:18.860596655,322.26,377,16:33:59.999999999,322.28,3500,322.31,3300,16:33:59.615600528,322.29,10,0.01,0.04,,322.2741,602,4550,898,1425,0,3072,800,10586,42,159,322.28962,1209,2538,2658,4340,0,-0.25652,-0.09146,322.26751,322.2825
20200131,SPY,16:34,16:34:00.000000000,322.28,3500,322.31,3300,16:34:02.522361387,322.31,100,16:34:41.633455219,322.34,700,16:34:40.787069606,322.35,2400,16:34:43.964244047,322.34,2,16:34:59.957766689,322.27,7100,16:34:59.484193529,322.30,300,16:34:05.016739900,322.30,15,16:34:59.999999999,322.27,6600,322.30,3000,16:34:59.957742762,322.30,13,0.01,0.04,,322.32231,620,3820,0,300,682,5841,201,10829,42,15,322.30,512,616,7603,2113,0,0.06261,0.1045,322.30914,322.32703
20200131,SPY,16:35,16:35:00.000000000,322.27,6600,322.30,3000,16:35:06.714556022,322.29,500,16:35:02.676119706,322.28,300,16:35:00.963432380,322.31,8900,16:35:06.714556022,322.29,500,16:35:37.939800173,322.24,8300,16:35:27.829734198,322.26,300,16:35:29.147810369,322.25,300,16:35:59.999999999,322.25,8600,322.28,2900,16:35:41.175096798,322.25,20,0.01,0.05,,322.25497,422,4139,696,320,0,2138,0,6793,27,500,322.29,275,1122,1096,4800,0,-0.46511,-0.20116,322.25689,322.27927
20200131,SPY,16:36,16:36:00.000000000,322.25,8600,322.28,2900,16:36:01.176964834,322.25,200,16:36:04.468282607,322.26,300,16:36:00.000000000,322.28,2900,16:36:07.399413393,322.26,1000,16:36:21.459626561,322.17,6500,16:36:21.617027362,322.18,800,16:36:25.129472170,322.17,1000,16:36:59.999999999,322.23,1000,322.25,900,16:36:59.377492728,322.22,500,0.01,0.05,,322.21313,870,12172,0,300,1800,9480,4,23756,80,0,,3200,1975,8077,10504,0,-0.14878,-0.03877,322.2106,322.22848
20200131,SPY,16:37,16:37:00.000000000,322.23,1000,322.25,900,16:37:20.739005695,322.23,2,16:37:57.966467138,322.26,1300,16:37:57.957815782,322.27,12700,16:37:57.953607954,322.26,5,16:37:00.000000000,322.23,1000,16:37:01.447183551,322.24,1000,16:37:20.739005695,322.23,2,16:37:59.999999999,322.24,1100,322.26,3000,16:37:58.103140407,322.26,895,0.01,0.03,,322.25591,174,10,0,650,1000,11695,0,13353,28,2,322.23,207,3,13145,0,0,0.90163,0.4501,322.23376,322.25344
20200131,SPY,16:38,16:38:00.000000000,322.24,1100,322.26,3000,16:38:00.026668431,322.26,32,16:38:00.825581287,322.28,200,16:38:05.476658096,322.30,2000,16:38:00.825734437,322.28,100,16:38:32.907485207,322.20,10300,16:38:53.320866039,322.21,300,16:38:32.906638238,322.20,100,16:38:59.999999999,322.20,400,322.21,10600,16:38:58.527590525,322.21,100,0.01,0.04,,322.22221,600,4206,0,700,0,12831,300,18037,61,0,,695,500,6067,10775,0,0.21503,0.23078,322.22964,322.24475
20200131,SPY,16:39,16:39:00.000000000,322.20,400,322.21,10600,16:39:02.491269316,322.20,100,16:39:12.148821311,322.21,300,16:39:11.875584336,322.22,6700,16:39:15.249528634,322.22,100,16:39:47.475680306,322.13,7600,16:39:47.918744999,322.15,300,16:39:50.894013483,322.13,300,16:39:59.999999999,322.18,1100,322.19,6800,16:39:52.959282316,322.16,100,0.01,0.04,,322.19825,906,5813,400,0,0,19679,31058,56942,126,8,322.19,3477,6078,2606,44789,0,0.00997,0.02967,322.18549,322.19776
20200131,SPY,16:40,16:40:00.000000000,322.18,1100,322.19,6800,16:40:12.668960310,322.19,500,16:40:05.486493177,322.19,500,16:40:01.701261195,322.21,9400,16:40:12.668960310,322.19,500,16:40:40.156979273,322.13,2500,16:40:40.157032998,322.14,500,16:40:59.509902106,322.13,500,16:40:59.999999999,322.13,1900,322.14,19000,16:40:59.509902106,322.13,500,0.01,0.03,,322.1639,388,500,0,0,0,4996,5877,10371,33,1002,322.18992,1900,4354,1801,3318,0,0.48809,0.48809,322.1595,322.17096
20200131,SPY,16:41,16:41:00.000000000,322.13,1900,322.14,19000,16:41:05.495567975,322.13,100,16:41:00.000000000,322.13,1900,16:41:29.158462962,322.15,11700,16:41:05.495567975,322.13,100,16:41:05.496182551,322.12,1000,16:41:05.495944980,322.12,500,16:41:07.213920015,321.73,1,16:41:59.999999999,322.12,1000,322.13,2100,16:41:57.951633338,322.13,1,0.01,0.03,,322.12928,298,1753,2495,0,0,7902,4307,16424,69,33,321.74182,6006,606,6396,3449,0,0.02563,0.10991,322.12405,322.13809
20200131,SPY,16:42,16:42:00.000000000,322.12,1000,322.13,2100,16:42:00.040787352,322.12,52,16:42:00.000000000,322.12,1000,16:42:13.114329502,322.14,7000,16:42:08.028272833,322.13,500,16:42:30.176444988,322.06,800,16:42:30.175830508,322.10,300,16:42:04.078948949,321.73,749,16:42:59.999999999,322.08,1900,322.11,6500,16:42:59.965342139,322.08,100,0.01,0.04,,322.12239,302,2591,528,0,0,5408,250,8028,22,749,321.73,1010,981,4808,1978,0,0.20161,0.21755,322.10714,322.12672
20200131,SPY,16:43,16:43:00.000000000,322.08,1900,322.11,6500,16:43:00.664726355,322.08,6,16:43:55.087395552,322.13,300,16:43:49.263898902,322.14,7600,16:43:55.087488898,322.13,100,16:43:05.143327799,322.06,10100,16:43:05.143559802,322.07,500,16:43:04.441511112,322.07,1000,16:43:59.999999999,322.13,300,322.13,2100,16:43:58.837228219,322.13,900,0.01,0.05,,322.07868,408,9003,1739,0,0,3034,3808,17584,41,0,,1234,1350,900,14100,0,-0.43923,-0.19285,322.07635,322.10471
20200131,SPY,16:44,16:44:00.000000000,322.13,300,322.13,2100,16:44:04.551535023,322.13,3,16:44:41.529318604,322.14,600,16:44:53.152421574,322.16,500,16:44:52.345832980,322.15,1000,16:44:00.000000000,322.13,300,16:44:00.000000000,322.13,2100,16:44:04.551535023,322.13,3,16:44:59.999999999,322.14,200,322.15,3100,16:44:58.618328493,322.15,3,0.01,0.02,,322.13409,282,3585,0,324,0,1636,43,4571,24,1017,322.1498,1224,0,4364,0,0,-0.32203,-0.32203,322.13308,322.14113
20200131,SPY,16:45,16:45:00.000000000,322.14,200,322.15,3100,16:45:09.160672450,322.14,100,16:45:43.028689519,322.16,300,16:45:54.362054924,322.19,7700,16:45:54.361160783,322.17,500,16:45:13.321667486,322.13,1000,16:45:13.324212228,322.14,100,16:45:09.160977056,322.13,100,16:45:59.999999999,322.15,3000,322.17,500,16:45:57.824263148,322.13,300,0.01,0.04,,322.13784,520,14645,3877,2000,0,17585,900,38917,87,90,322.14,897,2408,400,35302,0,-0.20154,0.01193,322.13814,322.15371
20200131,SPY,16:46,16:46:00.000000000,322.15,3000,322.17,500,16:46:07.142423027,322.16,500,16:46:25.918399408,322.18,300,16:46:25.918320544,322.19,5000,16:46:39.797362445,322.19,25,16:46:00.580496865,322.14,9200,16:46:06.206806552,322.16,500,16:46:22.141447238,322.15,1,16:46:59.999999999,322.17,100,322.19,6900,16:46:58.256120193,322.17,30,0.01,0.03,,322.15987,166,2981,0,730,0,1160,0,3971,21,900,322.17,720,1278,1450,1423,0,-1.27865,-1.24918,322.15871,322.1812
20200131,SPY,16:47,16:47:00.000000000,322.17,100,322.19,6900,16:47:00.031267453,322.19,35,16:47:10.395983984,322.20,300,16:47:09.134924235,322.21,800,16:47:40.250881756,322.21,10,16:47:00.000000000,322.17,100,16:47:00.000000000,322.19,6900,16:47:26.322771196,322.18,340,16:47:59.999999999,322.18,500,322.20,1500,16:47:40.250881756,322.21,10,0.01,0.04,,322.18594,304,465,0,0,0,187,0,652,8,0,,70,340,142,100,0,-0.42408,-0.21319,322.18817,322.20503
20200131,SPY,16:48,16:48:00.000000000,322.18,500,322.20,1500,16:48:00.617435673,322.20,1000,16:48:57.257251674,322.24,300,16:48:20.131061585,322.26,6500,16:48:43.056511604,322.25,1,16:48:00.000000000,322.18,500,16:48:01.819180164,322.19,300,16:48:00.617435673,322.20,1000,16:48:59.999999999,322.22,10400,322.25,7500,16:48:54.381039238,322.22,70,0.01,0.05,,322.21827,456,1879,1,0,1100,6295,5180,14455,61,0,,2705,2105,8995,650,0,0.64158,0.28628,322.2162,322.24141
20200131,SPY,16:49,16:49:00.000000000,322.22,10400,322.25,7500,16:49:07.119276037,322.25,500,16:49:37.112037117,322.27,500,16:49:07.119315068,322.28,2700,16:49:37.111669576,322.26,1,16:49:00.000000000,322.22,10400,16:49:00.000000000,322.25,7500,16:49:07.119276037,322.25,500,16:49:59.999999999,322.26,14300,322.28,1600,16:49:37.111669576,322.26,1,0.01,0.05,,322.25002,562,0,0,0,1,0,500,501,2,0,,501,0,0,0,0,0.001,0.00033,322.2378,322.26749
20200131,SPY,16:50,16:50:00.000000000,322.26,14300,322.28,1600,16:50:01.095705946,322.28,100,16:50:00.306129428,322.27,1000,16:50:14.680337509,322.30,500,16:50:01.095705946,322.28,100,16:50:43.821361194,322.20,2800,16:50:51.209741130,322.21,500,16:50:31.076931381,322.23,445,16:50:59.999999999,322.20,12300,322.24,7500,16:50:31.077389428,322.23,500,0.01,0.05,,322.25641,498,945,0,100,55,1100,0,2200,13,0,,100,545,1000,555,0,-0.29091,0.03939,322.23428,322.26165
20200131,SPY,16:51,16:51:00.000000000,322.20,12300,322.24,7500,16:51:16.378906329,322.20,100,16:51:00.547877659,322.21,500,16:51:00.000000000,322.24,7500,16:51:16.378906329,322.20,100,16:51:25.700438319,322.19,600,16:51:32.112952704,322.20,500,16:51:16.378906329,322.20,100,16:51:59.999999999,322.20,300,322.20,100,16:51:58.688111282,322.20,310,0.01,0.05,,322.20,488,677,377,0,0,413,0,1467,7,0,,0,100,0,1367,0,-0.58555,-0.26914,322.19541,322.21917
20200131,SPY,16:52,16:52:00.000000000,322.20,300,322.20,100,16:52:00.178615443,322.20,100,16:52:06.473382333,322.21,300,16:52:06.364138437,322.23,3000,16:52:06.473363320,322.23,10,16:52:47.457123635,322.17,17900,16:52:00.000000000,322.20,100,16:52:33.777444570,322.18,8,16:52:59.999999999,322.18,6900,322.22,17100,16:52:47.457959074,322.21,500,0.01,0.04,,322.20842,308,8,0,0,0,10423,1500,11908,25,23,322.2013,11,20,10001,1899,0,0.85749,0.43635,322.18673,322.2159
20200131,SPY,16:53,16:53:00.000000000,322.18,6900,322.22,17100,16:53:01.727519626,322.22,1,16:53:49.091219970,322.21,300,16:53:50.263982517,322.25,8700,16:53:01.727519626,322.22,1,16:53:37.319040720,322.17,2100,16:53:37.318970994,322.18,300,16:53:11.395249841,322.18,100,16:53:59.999999999,322.19,6000,322.22,3000,16:53:56.253385404,322.22,14,0.01,0.05,,322.21372,642,501,0,0,3000,7615,0,10516,19,600,322.22,1015,1001,5600,3500,0,1.49496,0.51709,322.18058,322.21459
20200131,SPY,16:54,16:54:00.000000000,322.19,6000,322.22,3000,16:54:02.457911341,322.17,5,16:54:35.214712631,322.22,300,16:54:35.512325699,322.25,1500,16:54:40.189026987,322.23,30,16:54:02.444891002,322.17,12400,16:54:05.844959287,322.20,500,16:54:02.457911341,322.17,5,16:54:59.999999999,322.21,300,322.21,100,16:54:59.289739095,322.23,110,0.01,0.05,,322.21611,636,1905,0,0,1500,4530,2734,10662,43,7,322.21,2460,1406,2070,4733,0,0.85397,0.48201,322.19697,322.22422
20200131,SPY,16:55,16:55:00.000000000,322.21,300,322.21,100,16:55:06.126673561,322.21,100,16:55:52.209830873,322.23,500,16:55:47.113389276,322.25,8200,16:55:06.126673561,322.21,100,16:55:06.806905682,322.20,100,16:55:10.638527377,322.20,300,16:55:26.664297952,322.20,800,16:55:59.999999999,322.22,7000,322.25,1600,16:55:43.828920405,322.21,1011,0.01,0.04,,322.20804,288,3615,0,0,0,4777,1810,10202,47,0,,45,997,3536,5624,0,-0.18006,-0.02205,322.20568,322.22023
20200131,SPY,16:56,16:56:00.000000000,322.22,7000,322.25,1600,16:56:00.529952865,322.22,25,16:56:28.200023521,322.24,300,16:56:00.000000000,322.25,1600,16:56:04.743857169,322.25,500,16:56:00.000000000,322.22,7000,16:56:47.457853205,322.23,300,16:56:54.382274008,322.21,3100,16:56:59.999999999,322.23,900,322.24,6000,16:56:54.382274008,322.21,3100,0.01,0.03,,322.24918,132,3130,0,0,0,1073,0,1102,8,3101,322.21001,530,3105,568,0,0,0.93421,0.47278,322.22377,322.24791
20200131,SPY,16:57,16:57:00.000000000,322.23,900,322.24,6000,16:57:04.972010331,322.24,2,16:57:00.000000000,322.23,900,16:57:00.000000000,322.24,6000,16:57:04.972010331,322.24,2,16:57:07.669397918,322.21,1500,16:57:07.669491994,322.22,500,16:57:26.830221728,322.21,500,16:57:59.999999999,322.21,1500,322.23,1400,16:57:58.393073071,322.23,10,0.01,0.03,,322.22736,102,518,0,0,498,2724,0,3740,13,0,,112,2400,1216,12,0,0.65722,0.31711,322.21767,322.23491
20200131,SPY,16:58,16:58:00.000000000,322.21,1500,322.23,1400,16:58:01.649007409,322.23,24,16:58:54.811128422,322.23,1000,16:58:51.684826214,322.25,2000,16:58:40.610054894,322.25,100,16:58:06.311913410,322.19,600,16:58:06.311358939,322.19,500,16:58:06.311410515,322.19,500,16:58:59.999999999,322.22,3000,322.25,4500,16:58:56.081395179,322.24,500,0.01,0.04,,322.2284,560,1064,0,633,0,14127,500,16215,54,109,322.20092,4860,4233,5420,1811,0,1.26426,1.11329,322.20541,322.22518
20200131,SPY,16:59,16:59:00.000000000,322.22,3000,322.25,4500,16:59:09.743498701,322.25,10,16:59:31.946952337,322.26,300,16:59:31.327634864,322.28,200,16:59:09.743498701,322.25,10,16:59:34.992948072,322.16,300,16:59:48.622477568,322.19,1000,16:59:34.992951570,322.17,300,16:59:59.999999999,322.17,1900,322.24,6800,16:59:50.591621733,322.18,14,0.01,0.12,,322.23978,464,4226,5205,0,0,11632,100,21163,33,0,,315,4098,16522,228,0,-0.527,0.00508,322.2006,322.24073
20200131,SPY,17:00,17:00:00.000000000,322.17,1900,322.24,6800,17:00:01.186601228,322.27,164,17:00:55.620397789,322.18,100,17:00:00.480891948,322.28,400,17:00:10.361864130,322.28,50,17:00:00.000000000,322.17,1900,17:00:00.000000000,322.24,6800,17:00:22.830639697,322.17,500,17:00:59.999999999,322.18,100,322.25,2200,17:00:32.359862916,322.25,5,0.07,0.11,,322.20102,52,500,0,0,15,214,0,719,5,10,322.24,229,500,0,0,0,-2.28095,-0.1968,322.17073,322.26982
20200131,SPY,17:01,17:01:00.000000000,322.18,100,322.25,2200,17:01:13.217490327,322.25,5,17:01:00.000000000,322.18,100,17:01:00.000000000,322.25,2200,17:01:13.217490327,322.25,5,17:01:46.700024319,322.14,2700,17:01:46.707273400,322.15,8700,17:01:46.699782405,322.15,2000,17:01:59.999999999,322.14,2700,322.15,8700,17:01:46.700043579,322.15,500,0.01,0.10,,322.15489,28,2100,1701,100,0,6,0,3807,11,100,322.205,101,3101,5,700,0,-4.04032,-0.44834,322.16692,322.22649
20200131,SPY,17:02,17:02:00.000000000,322.14,2700,322.15,8700,17:02:00.683144124,322.15,1,17:02:16.521907728,322.15,1200,17:02:16.516047878,322.24,1000,17:02:20.204146225,322.24,1,17:02:00.000000000,322.14,2700,17:02:00.000000000,322.15,8700,17:02:17.146582670,322.14,773,17:02:59.999999999,322.15,400,322.24,1100,17:02:55.651464650,322.15,1,0.01,0.10,,322.14928,18,786,9900,0,0,4,0,10680,9,10,322.15,1,775,0,9914,0,-4.07041,-0.40693,322.14565,322.21523
20200131,SPY,17:03,17:03:00.000000000,322.15,400,322.24,1100,17:03:12.589265718,322.24,1,17:03:00.000000000,322.15,400,17:03:00.000000000,322.24,1100,17:03:12.589265718,322.24,1,17:03:00.000000000,322.15,400,17:03:21.948180924,322.22,200,17:03:13.045698566,322.15,8,17:03:59.999999999,322.15,2000,322.22,700,17:03:45.806940856,322.18,1,0.07,0.09,,322.18769,8,13,2,0,1,13,0,26,8,3,322.24,5,10,9,5,0,-0.30769,0.02625,322.15,322.22732
20200131,SPY,17:04,17:04:00.000000000,322.15,2000,322.22,700,17:04:04.082603472,322.17,1,17:04:22.504087300,322.20,100,17:04:00.000000000,322.22,700,17:04:33.313465109,322.22,2,17:04:00.000000000,322.15,2000,17:04:54.379251953,322.18,200,17:04:04.087053874,322.15,8,17:04:59.999999999,322.15,2000,322.18,200,17:04:39.053143967,322.22,10,0.02,0.07,,322.18992,18,8,50,0,48,12,0,118,7,0,,50,58,10,0,0,0.49153,0.07022,322.15,322.21135
20200131,SPY,17:05,17:05:00.000000000,322.15,2000,322.18,200,17:05:37.727668059,322.15,1,17:05:00.000000000,322.15,2000,17:05:00.000000000,322.18,200,17:05:37.727668059,322.15,1,17:05:47.557750078,322.12,3500,17:05:44.879291456,322.14,100,17:05:47.557791562,322.13,499,17:05:59.999999999,322.12,3500,322.14,500,17:05:51.121778677,322.14,5,0.01,0.04,,322.14441,20,1732,985,499,0,606,0,3767,15,55,322.15,100,1000,505,2217,0,-0.48168,-0.1968,322.14288,322.16983
20200131,SPY,17:06,17:06:00.000000000,322.12,3500,322.14,500,17:06:34.261440412,322.13,1,17:06:54.940091356,322.13,500,17:06:30.755464856,322.17,400,17:06:34.261440412,322.13,1,17:06:00.000000000,322.12,3500,17:06:00.000000000,322.14,500,17:06:34.264780217,322.12,4,17:06:59.999999999,322.13,500,322.15,1000,17:06:50.659371106,322.12,199,0.02,0.05,,322.12013,26,352,2,0,0,0,0,154,7,200,322.12,0,5,0,349,0,-1.48701,-0.49567,322.12084,322.1449
20200131,SPY,17:07,17:07:00.000000000,322.13,500,322.15,1000,17:07:09.646692332,322.13,500,17:07:00.000000000,322.13,500,17:07:00.000000000,322.15,1000,17:07:09.646692332,322.13,500,17:07:46.251747004,322.08,100,17:07:46.253561057,322.09,100,17:07:22.168007761,321.73,51400,17:07:59.999999999,322.08,100,322.10,700,17:07:46.264574225,322.09,100,0.01,0.03,,322.11254,52,56112,1000,357,0,2307,0,8376,23,51400,321.73,1325,53196,1217,4038,0,-0.23442,-0.16346,322.1014,322.11791
20200131,SPY,17:08,17:08:00.000000000,322.08,100,322.10,700,17:08:13.706834119,322.09,100,17:08:06.492657613,322.09,100,17:08:00.000000000,322.10,700,17:08:49.287084746,322.10,200,17:08:00.000000000,322.08,100,17:08:13.707559444,322.09,100,17:08:38.087329155,322.07,1,17:08:59.999999999,322.08,100,322.10,1200,17:08:56.402973550,322.07,1,0.01,0.02,,322.08445,26,1327,0,286,0,417,0,2030,19,0,,341,277,87,1325,0,-0.45271,-0.22463,322.0812,322.09893
20200131,SPY,17:09,17:09:00.000000000,322.08,100,322.10,1200,17:09:18.727912429,322.11,2,17:09:00.000000000,322.08,100,17:09:00.000000000,322.10,1200,17:09:18.727912429,322.11,2,17:09:40.551284894,322.05,1100,17:09:49.296354426,322.06,300,17:09:50.659805704,322.05,100,17:09:59.999999999,322.05,500,322.06,300,17:09:59.454475042,322.05,104,0.01,0.04,,322.06515,18,1201,308,1951,1098,2613,0,7067,33,104,322.05,606,1280,1796,3489,0,0.17787,0.12646,322.06657,322.08345
20200131,SPY,17:10,17:10:00.000000000,322.05,500,322.06,300,17:10:03.201305763,322.05,509,17:10:00.000000000,322.05,500,17:10:03.191860374,322.08,400,17:10:43.943425305,322.22,10,17:10:13.522376152,321.98,9600,17:10:13.523245204,322.00,300,17:10:09.509988919,322.00,150,17:10:59.999999999,322.01,200,322.08,400,17:10:59.771121163,322.01,7,0.01,0.10,,322.03382,36,150,1068,0,509,8430,0,10157,58,0,,658,1339,1203,6957,0,1.68081,0.39937,321.99937,322.05451
20200131,SPY,17:11,17:11:00.000000000,322.01,200,322.08,400,17:11:12.474536084,322.01,200,17:11:00.000000000,322.01,200,17:11:00.000000000,322.08,400,17:11:12.474536084,322.01,200,17:11:31.127806630,321.94,7500,17:11:31.128039053,321.98,100,17:11:46.543896157,321.95,100,17:11:59.999999999,322.00,2700,322.08,600,17:11:46.543896157,321.95,100,0.02,0.14,,321.98508,44,12800,3748,0,31,4203,0,20782,42,0,,403,9586,800,9993,0,-3.42397,-0.26635,321.97601,322.02871
20200131,SPY,17:12,17:12:00.000000000,322.00,2700,322.08,600,17:12:00.136125080,322.00,200,17:12:00.000000000,322.00,2700,17:12:49.106696962,322.09,200,17:12:00.136125080,322.00,200,17:12:42.396826483,321.94,7500,17:12:42.398625070,321.95,100,17:12:42.398223606,321.94,595,17:12:59.999999999,322.00,2700,322.09,200,17:12:42.531309585,322.00,84,0.01,0.14,,321.98162,54,595,3100,0,5,5592,0,9292,21,0,,384,1700,5908,1300,0,0.68747,0.16609,321.96164,322.01641
20200131,SPY,17:13,17:13:00.000000000,322.00,2700,322.09,200,17:13:08.152906129,322.00,100,17:13:00.000000000,322.00,2700,17:13:00.000000000,322.09,200,17:13:08.152906129,322.00,100,17:13:08.154001438,321.94,6900,17:13:11.196591140,322.00,100,17:13:08.152906129,322.00,100,17:13:59.999999999,322.00,2600,322.06,2400,17:13:51.410282848,322.00,100,0.06,0.15,,322.00,70,5650,2398,0,0,2,211,8261,18,0,,0,0,8261,0,0,-3.62135,-0.38059,321.99118,322.07086
20200131,SPY,17:14,17:14:00.000000000,322.00,2600,322.06,2400,17:14:06.019357081,322.01,100,17:14:05.043047473,322.01,100,17:14:00.000000000,322.06,2400,17:14:41.234411942,322.05,2,17:14:15.289044835,321.95,200,17:14:15.289388160,322.00,100,17:14:15.288400399,322.00,10,17:14:59.999999999,321.98,7500,322.02,100,17:14:52.945963937,322.05,5,0.01,0.07,,322.00213,28,260,0,1750,7523,166,0,9696,13,3,322.02,107,13,1906,7673,0,1.19271,0.16226,321.9802,322.01505
20200131,SPY,17:15,17:15:00.000000000,321.98,7500,322.02,100,17:15:00.852267322,321.98,100,17:15:17.019553958,322.02,700,17:15:00.000000000,322.02,100,17:15:25.584516591,322.05,2,17:15:49.286058803,321.96,100,17:15:57.722236159,321.97,700,17:15:00.852267322,321.98,100,17:15:59.999999999,321.96,100,321.97,700,17:15:33.006015054,322.00,2,0.01,0.04,,322.01078,34,200,0,100,0,782,0,1082,8,0,,502,202,278,100,0,0.36229,0.27357,321.97985,322.0065
20200131,SPY,17:16,17:16:00.000000000,321.96,100,321.97,700,17:16:04.801129336,321.97,777,17:16:04.800249128,321.98,6700,17:16:04.801078550,322.00,600,17:16:08.005964645,322.00,2,17:16:00.000000000,321.96,100,17:16:00.000000000,321.97,700,17:16:04.801129336,321.97,777,17:16:59.999999999,321.98,7500,322.00,600,17:16:15.444910727,321.98,2,0.01,0.04,,321.97047,10,806,0,0,0,3,0,809,7,0,,2,786,1,20,0,-1.95303,-0.97651,321.97466,321.9976
20200131,SPY,17:17,17:17:00.000000000,321.98,7500,322.00,600,17:17:15.957694605,322.00,44,17:17:00.000000000,321.98,7500,17:17:00.000000000,322.00,600,17:17:15.957694605,322.00,44,17:17:00.000000000,321.98,7500,17:17:00.000000000,322.00,600,17:17:15.957694605,322.00,44,17:17:59.999999999,321.98,14500,322.00,100,17:17:46.316589222,322.00,96,0.02,0.02,,322.00,8,0,0,0,0,5045,0,5001,12,44,322.00,44,0,5001,0,0,1.00,0.50,321.98,322.00
20200131,SPY,17:18,17:18:00.000000000,321.98,14500,322.00,100,17:18:04.610932907,321.99,400,17:18:00.000000000,321.98,14500,17:18:00.000000000,322.00,100,17:18:15.174614590,322.00,4,17:18:00.000000000,321.98,14500,17:18:00.000000000,322.00,100,17:18:04.610932907,321.99,400,17:18:59.999999999,321.98,14900,322.00,100,17:18:59.817630089,322.00,778,0.02,0.02,,321.99742,2,0,0,410,0,1178,0,1588,9,0,,5,410,1173,0,0,0.74181,0.37091,321.98,322.00
20200131,SPY,17:19,17:19:00.000000000,321.98,14900,322.00,100,17:19:01.054818524,321.99,25,17:19:00.000000000,321.98,14900,17:19:00.000000000,322.00,100,17:19:02.450444034,322.00,100,17:19:04.604182319,321.96,100,17:19:04.604999068,321.98,100,17:19:04.604167452,321.98,7500,17:19:59.999999999,321.98,7500,322.00,700,17:19:45.208064017,321.98,560,0.02,0.04,,321.98061,20,15060,0,2825,0,872,0,18197,14,560,321.98,172,8185,500,9900,0,-0.73397,-0.36718,321.96695,321.99753
20200131,SPY,17:20,17:20:00.000000000,321.98,7500,322.00,700,17:20:00.548087203,322.00,100,17:20:10.553154412,321.99,200,17:20:00.000000000,322.00,700,17:20:43.947954341,322.01,9,17:20:00.000000000,321.98,7500,17:20:44.974354354,321.99,100,17:20:50.385519404,321.98,1000,17:20:59.999999999,321.98,6300,321.99,400,17:20:57.972038106,321.99,5,0.01,0.02,,321.99624,20,2127,0,1473,0,13069,0,16560,109,109,322.00,154,1400,11515,3600,0,0.62968,0.32775,321.98574,321.9975
20200131,SPY,17:21,17:21:00.000000000,321.98,6300,321.99,400,17:21:03.291217018,321.99,5,17:21:30.621561019,322.00,3200,17:21:30.621561019,322.05,100,17:21:48.952493023,322.08,7,17:21:17.076089134,321.96,100,17:21:00.000000000,321.99,400,17:21:19.668266992,321.96,50,17:21:59.999999999,321.99,8000,322.00,100,17:21:56.024019340,322.08,1,0.01,0.06,,321.99773,18,632,0,0,0,44,0,626,11,50,321.96,38,150,488,0,0,-1.82748,-0.42332,321.98494,322.01897
20200131,SPY,17:22,17:22:00.000000000,321.99,8000,322.00,100,17:22:10.725693618,321.99,7500,17:22:32.365448777,322.00,4400,17:22:32.366097761,322.05,100,17:22:21.285792290,322.00,10,17:22:10.725607220,321.96,100,17:22:10.726336645,321.99,100,17:22:10.725693618,321.99,7500,17:22:59.999999999,321.99,7500,322.00,100,17:22:58.107759015,322.00,8,0.01,0.09,,321.99167,44,7690,2310,0,7500,18,500,18018,12,0,,18,15000,3000,0,0,-1.11394,-0.15157,321.9772,321.99844
20200131,SPY,17:23,17:23:00.000000000,321.99,7500,322.00,100,17:23:03.657970783,321.99,7500,17:23:00.000000000,321.99,7500,17:23:03.657175382,322.05,100,17:23:40.287400121,322.02,1,17:23:03.657859230,321.96,100,17:23:03.658592049,321.99,100,17:23:03.657970783,321.99,7500,17:23:59.999999999,321.96,100,322.01,100,17:23:57.647367569,321.99,3,0.01,0.09,,321.99026,38,609,14793,0,3,503,0,15908,14,0,,3,8509,0,7396,0,-1.37968,-0.1583,321.97737,322.00954
20200131,SPY,17:24,17:24:00.000000000,321.96,100,322.01,100,17:24:19.031487868,321.96,100,17:24:24.324316314,321.99,7500,17:24:18.972000509,322.05,100,17:24:35.474969541,321.99,100,17:24:19.031396327,321.94,6900,17:24:00.000000000,322.01,100,17:24:19.031487868,321.96,100,17:24:59.999999999,321.99,8100,322.03,600,17:24:51.605059262,321.99,43,0.04,0.11,,321.96172,18,147,2410,0,0,0,0,2557,7,0,,100,100,47,2310,0,-3.47126,-0.32863,321.97607,322.03879
20200131,SPY,17:25,17:25:00.000000000,321.99,8100,322.03,600,17:25:19.637323174,321.99,300,17:25:00.000000000,321.99,8100,17:25:00.000000000,322.03,600,17:25:19.637531014,322.00,53,17:25:27.347753837,321.89,100,17:25:58.754442270,321.98,100,17:25:27.348091595,321.90,50,17:25:59.999999999,321.96,300,321.98,500,17:25:58.753707318,321.98,7500,0.02,0.10,,321.96215,60,2253,1015,9605,410,20,0,13303,27,0,,548,9333,912,2510,0,-0.7563,-0.10337,321.96682,322.01225
20200131,SPY,17:26,17:26:00.000000000,321.96,300,321.98,500,17:26:24.341195058,321.96,150,17:26:45.517912723,321.98,7500,17:26:55.551718519,322.00,14500,17:26:45.163415414,321.99,1,17:26:45.437145813,321.92,3900,17:26:00.000000000,321.98,500,17:26:24.341195058,321.96,150,17:26:59.999999999,321.96,300,321.99,500,17:26:55.551801291,321.98,7400,0.01,0.07,,321.97933,32,360,0,7400,0,1,0,7761,6,0,,101,250,7400,10,0,-0.0565,-0.02313,321.96334,321.98861
20200131,SPY,17:27,17:27:00.000000000,321.96,300,321.99,500,17:27:52.368084677,321.98,10,17:27:57.168227255,321.98,10000,17:27:03.062985038,322.00,14900,17:27:52.368084677,321.98,10,17:27:00.000000000,321.96,300,17:27:00.000000000,321.99,500,17:27:55.808390181,321.97,10,17:27:59.999999999,321.98,10000,321.99,200,17:27:55.808390181,321.97,10,0.01,0.04,,321.975,18,10,0,10,0,0,0,20,2,0,,0,10,10,0,0,-0.50,-0.25,321.96697,321.99791
20200131,SPY,17:28,17:28:00.000000000,321.98,10000,321.99,200,17:28:02.628217796,321.99,100,17:28:52.332694070,321.99,100,17:28:45.235723109,322.00,14100,17:28:45.238039671,322.00,600,17:28:31.807474706,321.96,300,17:28:31.807706050,321.98,100,17:28:08.696946580,321.98,500,17:28:59.999999999,321.96,300,321.99,200,17:28:54.350955080,321.99,820,0.01,0.04,,321.98333,32,1580,0,0,10820,1691,0,14091,19,0,,1100,600,991,11400,0,0.49858,0.13972,321.97161,321.99084
20200131,SPY,17:29,17:29:00.000000000,321.96,300,321.99,200,17:29:12.833079903,321.99,100,17:29:00.000000000,321.96,300,17:29:00.000000000,321.99,200,17:29:12.833079903,321.99,100,17:29:48.014313971,321.91,600,17:29:49.492223422,321.96,300,17:29:48.014347636,321.96,40,17:29:59.999999999,321.93,300,321.99,200,17:29:53.633762348,321.96,300,0.03,0.08,,321.97715,20,300,0,300,0,801,0,1401,9,0,,0,40,0,1361,0,0.5364,0.1788,321.95413,321.98793
20200131,SPY,17:30,17:30:00.000000000,321.93,300,321.99,200,17:30:08.935727523,321.99,10,17:30:08.831033224,321.95,300,17:30:00.000000000,321.99,200,17:30:08.935727523,321.99,10,17:30:08.830050000,321.91,100,17:30:00.000000000,321.99,200,17:30:15.971596501,321.95,104,17:30:59.999999999,321.95,100,321.99,200,17:30:54.362762993,321.98,5,0.04,0.08,,321.95763,8,104,151,0,5,10,0,270,6,0,,20,204,0,46,0,-1.23704,-0.30926,321.94706,321.99
20200131,SPY,17:31,17:31:00.000000000,321.95,100,321.99,200,17:31:01.732312370,321.98,2,17:31:24.043492651,321.98,100,17:31:00.000000000,321.99,200,17:31:06.968408722,321.99,9,17:31:59.297732653,321.91,100,17:31:59.296903843,321.95,200,17:31:59.297776195,321.95,196,17:31:59.999999999,321.95,300,321.99,200,17:31:59.301427133,321.95,150,0.01,0.08,,321.98947,22,0,0,150,2,30012,250,30414,10,0,,9,196,30005,204,0,1.97363,0.49341,321.96089,321.99
20200131,SPY,17:32,17:32:00.000000000,321.95,300,321.99,200,17:32:06.088002586,321.95,300,17:32:00.000000000,321.95,300,17:32:59.512211317,322.00,13500,17:32:08.774683711,321.97,904,17:32:06.087891147,321.91,100,17:32:01.785374971,321.97,1000,17:32:06.088002586,321.95,300,17:32:59.999999999,321.95,300,322.00,13500,17:32:59.512204137,321.97,100,0.02,0.06,,321.96561,12,300,0,905,0,461,0,1366,7,300,321.97,904,0,462,300,0,-0.10176,-0.05088,321.95,321.97268
20200131,SPY,17:33,17:33:00.000000000,321.95,300,322.00,13500,17:33:22.233504008,321.97,6,17:33:00.000000000,321.95,300,17:33:00.000000000,322.00,13500,17:33:36.007611575,322.00,52,17:33:00.000000000,321.95,300,17:33:00.000000000,322.00,13500,17:33:22.233504008,321.97,6,17:33:59.999999999,321.95,600,322.00,13100,17:33:45.872255912,322.00,1,0.05,0.05,,321.99036,6,0,100,0,48,263,0,411,8,0,,214,70,127,0,0,1.5365,0.3073,321.95,322.00
20200131,SPY,17:34,17:34:00.000000000,321.95,600,322.00,13100,17:34:01.222711216,321.97,2,17:34:23.764274440,321.97,300,17:34:00.000000000,322.00,13100,17:34:31.699051437,321.99,50,17:34:00.000000000,321.95,600,17:34:29.836235562,321.99,100,17:34:04.757024056,321.95,195,17:34:59.999999999,321.95,400,321.99,100,17:34:51.266393917,321.97,1,0.02,0.05,,321.96116,6,299,203,1,0,50,0,449,9,104,321.95,50,200,0,303,0,-1.43875,-0.25434,321.95557,321.99497
20200131,SPY,17:35,17:35:00.000000000,321.95,400,321.99,100,17:35:40.292225904,321.95,5,17:35:40.287102872,321.97,100,17:35:00.000000000,321.99,100,17:35:45.836736865,321.99,1,17:35:00.000000000,321.95,400,17:35:00.000000000,321.99,100,17:35:40.292225904,321.95,5,17:35:59.999999999,321.96,6100,321.99,100,17:35:45.836736865,321.99,1,0.02,0.04,,321.96026,8,3900,105,0,0,1,0,4006,4,0,,106,3900,0,0,0,-1.47491,-0.49226,321.9548,321.99
20200131,SPY,17:36,17:36:00.000000000,321.96,6100,321.99,100,,,,17:36:21.755391415,321.97,100,17:36:00.000000000,321.99,100,,,,17:36:00.000000000,321.96,6100,17:36:00.000000000,321.99,100,,,,17:36:59.999999999,321.97,100,321.99,100,,,,0.02,0.03,,,2,0,0,0,0,0,0,0,0,0,,0,0,0,0,0,,,321.96637,321.99
20200131,SPY,17:37,17:37:00.000000000,321.97,100,321.99,100,17:37:04.967583349,321.99,3,17:37:00.000000000,321.97,100,17:37:00.000000000,321.99,100,17:37:04.967583349,321.99,3,17:37:00.000000000,321.97,100,17:37:00.000000000,321.99,100,17:37:04.967583349,321.99,3,17:37:59.999999999,321.97,100,321.99,100,17:37:05.994802992,321.99,10,0.02,0.02,,321.99,0,0,0,0,0,14,0,11,3,3,321.99,0,0,14,0,0,1.00,0.50,321.97,321.99
20200131,SPY,17:38,17:38:00.000000000,321.97,100,321.99,100,17:38:12.748565785,321.99,100,17:38:00.000000000,321.97,100,17:38:33.033299146,322.00,13100,17:38:48.372274750,322.00,6,17:38:00.000000000,321.97,100,17:38:00.000000000,321.99,100,17:38:27.527202313,321.97,100,17:38:59.999999999,321.97,100,322.00,13200,17:38:48.372274750,322.00,6,0.02,0.03,,321.98973,2,100,0,0,0,7111,0,7211,11,0,,6,100,7105,0,0,0.97268,0.48613,321.97,321.99449
20200131,SPY,17:39,17:39:00.000000000,321.97,100,322.00,13200,17:39:24.373463636,321.97,4,17:39:55.607726045,321.98,500,17:39:00.000000000,322.00,13200,17:39:24.373463636,321.97,4,17:39:00.000000000,321.97,100,17:39:00.000000000,322.00,13200,17:39:24.373463636,321.97,4,17:39:59.999999999,321.98,500,322.00,13200,17:39:55.625741180,321.97,5,0.02,0.03,,321.97,2,179,0,0,0,0,0,179,17,0,,0,4,0,175,0,-1.7095,-0.7095,321.97073,322.00
20200131,SPY,17:40,17:40:00.000000000,321.98,500,322.00,13200,17:40:06.842272102,321.98,50,17:40:00.000000000,321.98,500,17:40:00.000000000,322.00,13200,17:40:12.055746727,322.00,1,17:40:00.000000000,321.98,500,17:40:51.184674744,321.99,100,17:40:15.666757202,321.97,10,17:40:59.999999999,321.98,400,321.99,100,17:40:59.250018862,321.98,30,0.01,0.02,,321.97889,4,90,0,0,0,1,0,90,4,1,322.00,81,10,0,0,0,-0.94444,-0.55556,321.98,321.99853
20200131,SPY,17:41,17:41:00.000000000,321.98,400,321.99,100,17:41:14.421305993,321.99,4,17:41:00.000000000,321.98,400,17:41:00.000000000,321.99,100,17:41:53.462476152,322.22,10,17:41:00.000000000,321.98,400,17:41:00.000000000,321.99,100,17:41:45.634972981,321.9899,300,17:41:59.999999999,321.98,400,321.99,100,17:41:53.464263013,322.14,4,0.01,0.01,,322.10114,0,0,0,0,300,346,0,246,17,400,321.98992,42,400,200,4,0,11.61382,11.61382,321.98,321.99
20200131,SPY,17:42,17:42:00.000000000,321.98,400,321.99,100,17:42:00.326142539,321.99,96,17:42:00.000000000,321.98,400,17:42:00.000000000,321.99,100,17:42:00.326142539,321.99,96,17:42:00.000000000,321.98,400,17:42:00.000000000,321.99,100,17:42:38.819213572,321.98,56,17:42:59.999999999,321.98,300,321.99,100,17:42:55.299144047,321.98,15,0.01,0.01,,321.9859,2,71,0,0,0,102,0,173,5,0,,2,167,0,4,0,0.0896,0.0896,321.98,321.99
20200131,SPY,17:43,17:43:00.000000000,321.98,300,321.99,100,17:43:02.703178768,321.98,349,17:43:00.000000000,321.98,300,17:43:02.702407612,322.00,13100,17:43:57.823618489,321.99,100,17:43:02.703083365,321.97,100,17:43:02.704371165,321.98,100,17:43:02.704445609,321.97,15,17:43:59.999999999,321.97,100,321.99,100,17:43:57.823752399,321.99,1000,0.01,0.03,,321.98742,14,296,349,0,0,3000,0,3645,9,0,,100,15,2900,630,0,0.70713,0.35496,321.97045,321.98924
20200131,SPY,17:44,17:44:00.000000000,321.97,100,321.99,100,17:44:38.362499558,321.98,50,17:44:00.000000000,321.97,100,17:44:00.000000000,321.99,100,17:44:38.362999804,321.99,54,17:44:00.000000000,321.97,100,17:44:00.000000000,321.99,100,17:44:38.362499558,321.98,50,17:44:59.999999999,321.97,200,321.99,100,17:44:38.365784024,321.99,50,0.02,0.02,,321.9875,2,0,0,50,0,150,0,200,4,0,,54,50,96,0,0,0.75,0.375,321.97,321.99
20200131,SPY,17:45,17:45:00.000000000,321.97,200,321.99,100,17:45:10.814959142,321.97,1,17:45:00.000000000,321.97,200,17:45:00.000000000,321.99,100,17:45:20.413259131,321.99,50,17:45:00.000000000,321.97,200,17:45:00.000000000,321.99,100,17:45:10.814959142,321.97,1,17:45:59.999999999,321.97,100,321.99,100,17:45:55.980983489,321.99,10,0.02,0.02,,321.97214,6,300,0,0,0,64,0,112,7,252,321.97413,52,100,12,200,0,-0.78571,-0.39286,321.97,321.99
20200131,SPY,17:46,17:46:00.000000000,321.97,100,321.99,100,17:46:16.968845555,321.97,80,17:46:00.000000000,321.97,100,17:46:00.000000000,321.99,100,17:46:26.879808430,321.99,20,17:46:00.000000000,321.97,100,17:46:00.000000000,321.99,100,17:46:16.968845555,321.97,80,17:46:59.999999999,321.97,100,321.99,1000,17:46:56.984637176,321.99,2,0.02,0.02,,321.97302,4,360,0,0,0,32,0,212,8,180,321.97,32,180,0,180,0,-0.69811,-0.34906,321.97,321.99
20200131,SPY,17:47,17:47:00.000000000,321.97,100,321.99,1000,17:47:10.346800017,321.99,1,17:47:00.000000000,321.97,100,17:47:00.000000000,321.99,1000,17:47:10.346800017,321.99,1,17:47:00.000000000,321.97,100,17:47:00.000000000,321.99,1000,17:47:10.346800017,321.99,1,17:47:59.999999999,321.97,100,321.99,600,17:47:18.419859215,321.99,488,0.02,0.02,,321.99,2,0,0,0,0,489,0,488,2,1,321.99,0,0,489,0,0,1.00,0.50,321.97,321.99
20200131,SPY,17:48,17:48:00.000000000,321.97,100,321.99,600,17:48:00.880883072,321.98,14,17:48:00.000000000,321.97,100,17:48:00.000000000,321.99,600,17:48:00.880883072,321.98,14,17:48:00.000000000,321.97,100,17:48:00.881194489,321.98,13100,17:48:05.761673674,321.97,100,17:48:59.999999999,321.97,100,321.98,12600,17:48:52.180746470,321.98,1,0.01,0.02,,321.97527,6,450,0,14,0,501,0,951,10,14,321.98,404,114,97,350,0,0.02681,0.02681,321.97,321.98015
20200131,SPY,17:49,17:49:00.000000000,321.97,100,321.98,12600,17:49:50.074974011,321.98,1,17:49:00.000000000,321.97,100,17:49:00.000000000,321.98,12600,17:49:50.074974011,321.98,1,17:49:55.652873644,321.95,200,17:49:55.653421268,321.97,100,17:49:55.652999223,321.97,100,17:49:59.999999999,321.95,200,321.97,100,17:49:55.914817612,321.97,400,0.01,0.03,,321.97,4,0,0,0,365,3520,0,3885,8,0,,0,100,1,3784,0,0.9529,0.46868,321.96855,321.97928
20200131,SPY,17:50,17:50:00.000000000,321.95,200,321.97,100,17:50:04.090822141,321.97,2,17:50:00.000000000,321.95,200,17:50:14.817271559,321.98,12600,17:50:04.090822141,321.97,2,17:50:00.000000000,321.95,200,17:50:00.000000000,321.97,100,17:50:08.122908944,321.95,99,17:50:59.999999999,321.95,100,321.97,100,17:50:48.236274536,321.97,49,0.02,0.03,,321.95843,6,99,0,1,0,72,0,172,5,0,,70,100,0,2,0,-0.15698,-0.07849,321.95,321.97268
20200131,SPY,17:51,17:51:00.000000000,321.95,100,321.97,100,17:51:24.169235973,321.97,100,17:51:00.000000000,321.95,100,17:51:00.000000000,321.97,100,17:51:24.169235973,321.97,100,17:51:25.420118683,321.91,100,17:51:00.000000000,321.97,100,17:51:25.419193307,321.95,1,17:51:59.999999999,321.95,300,321.97,100,17:51:44.177669581,321.97,100,0.02,0.06,,321.96778,8,100,0,0,0,800,0,900,11,0,,100,1,700,99,0,0.77778,0.38889,321.95,321.97
20200131,SPY,17:52,17:52:00.000000000,321.95,300,321.97,100,17:52:04.919496913,321.97,1,17:52:00.000000000,321.95,300,17:52:00.000000000,321.97,100,17:52:04.919496913,321.97,1,17:52:00.000000000,321.95,300,17:52:00.000000000,321.97,100,17:52:33.635539365,321.95,1,17:52:59.999999999,321.95,300,321.97,100,17:52:41.721013609,321.97,10,0.02,0.02,,321.97,0,1,0,0,0,60,0,59,10,2,321.96,1,1,59,0,0,1.00,0.50,321.95,321.97
20200131,SPY,17:53,17:53:00.000000000,321.95,300,321.97,100,17:53:43.029212258,321.97,50,17:53:00.000000000,321.95,300,17:53:00.000000000,321.97,100,17:53:43.029212258,321.97,50,17:53:00.000000000,321.95,300,17:53:00.000000000,321.97,100,17:53:47.890687488,321.95,1,17:53:59.999999999,321.95,300,321.97,100,17:53:47.890687488,321.95,1,0.02,0.02,,321.96,0,1,0,0,0,51,0,2,3,50,321.97,0,1,51,0,0,0.00,0.00,321.95,321.97
20200131,SPY,17:54,17:54:00.000000000,321.95,300,321.97,100,17:54:00.142826324,321.97,41,17:54:00.000000000,321.95,300,17:54:00.000000000,321.97,100,17:54:00.142826324,321.97,41,17:54:00.000000000,321.95,300,17:54:00.000000000,321.97,100,17:54:01.751961938,321.95,1000,17:54:59.999999999,321.95,300,321.97,100,17:54:36.182415745,321.95,2,0.02,0.02,,321.96984,0,1002,0,1,0,305,0,308,7,1000,321.95,46,1003,259,0,0,0.98377,0.49188,321.95,321.97
20200131,SPY,17:55,17:55:00.000000000,321.95,300,321.97,100,17:55:08.286162494,321.97,95,17:55:30.198806679,321.97,200,17:55:08.286128290,321.98,12600,17:55:09.302791920,321.98,500,17:55:00.000000000,321.95,300,17:55:00.000000000,321.97,100,17:55:08.286162494,321.97,95,17:55:59.999999999,321.97,200,321.98,11800,17:55:35.864733797,321.98,5,0.01,0.02,,321.97828,10,45,0,122,0,805,0,972,6,0,,895,45,32,0,0,0.64815,0.39095,321.96383,321.97862
20200131,SPY,17:56,17:56:00.000000000,321.97,200,321.98,11800,17:56:01.834276444,321.98,200,17:56:00.000000000,321.97,200,17:56:00.000000000,321.98,11800,17:56:51.467563346,322.07,5,17:56:00.000000000,321.97,200,17:56:00.000000000,321.98,11800,17:56:04.927284803,321.97,45,17:56:59.999999999,321.97,200,321.98,11300,17:56:51.467563346,322.07,5,0.01,0.01,,321.98076,4,51,0,0,0,510,0,516,6,45,321.97,305,51,205,0,0,0.57558,0.57558,321.97,321.98
20200131,SPY,17:57,17:57:00.000000000,321.97,200,321.98,11300,17:57:01.003241597,321.97,249,17:57:00.000000000,321.97,200,17:57:00.000000000,321.98,11300,17:57:08.675490257,322.07,3,17:57:18.203145364,321.91,400,17:57:26.318490301,321.91,300,17:57:26.318601978,321.91,300,17:57:59.999999999,321.91,400,321.98,10900,17:57:44.577160423,321.98,12,0.01,0.07,,321.9392,34,565,758,0,42,835,3542,5739,26,3,321.98,932,2390,1843,577,0,1.48528,1.45407,321.92398,321.97952
20200131,SPY,17:58,17:58:00.000000000,321.91,400,321.98,10900,17:58:12.893054201,321.98,100,17:58:22.975901412,321.92,1000,17:58:00.000000000,321.98,10900,17:58:12.893054201,321.98,100,17:58:00.000000000,321.91,400,17:58:46.714549204,321.96,1300,17:58:12.893054201,321.98,100,17:58:59.999999999,321.92,1000,321.96,1300,17:58:40.211694284,321.98,96,0.04,0.07,,321.98,10,0,0,0,0,302,0,300,5,2,321.98,0,0,0,302,0,3.33333,0.50,321.91617,321.97557
20200131,SPY,17:59,17:59:00.000000000,321.92,1000,321.96,1300,17:59:08.083011045,321.96,63,17:59:00.000000000,321.92,1000,17:59:00.000000000,321.96,1300,17:59:08.083011045,321.96,63,17:59:00.000000000,321.92,1000,17:59:00.000000000,321.96,1300,17:59:12.712531125,321.92,1,17:59:59.999999999,321.92,1000,321.96,1200,17:59:46.526512407,321.96,4,0.04,0.04,,321.95944,6,1,0,0,0,70,0,71,4,0,,3,64,4,0,0,1.94366,0.48592,321.92,321.96
20200131,SPY,18:00,18:00:00.000000000,321.92,1000,321.96,1200,18:00:08.994148277,321.96,23,18:00:59.555763110,321.93,300,18:00:00.000000000,321.96,1200,18:00:08.994148277,321.96,23,18:00:00.000000000,321.92,1000,18:00:55.092524762,321.94,200,18:00:13.425757131,321.92,11,18:00:59.999999999,321.93,300,321.94,200,18:00:14.150711059,321.96,100,0.01,0.04,,321.93907,12,135,0,0,0,123,0,258,4,0,,100,11,23,124,0,-0.09302,-0.02326,321.92007,321.95532
20200131,SPY,18:01,18:01:00.000000000,321.93,300,321.94,200,18:01:02.612209951,321.94,50,18:01:00.000000000,321.93,300,18:01:56.325833131,321.96,1100,18:01:02.612209951,321.94,50,18:01:00.000000000,321.93,300,18:01:00.000000000,321.94,200,18:01:02.612209951,321.94,50,18:01:59.999999999,321.93,300,321.96,1100,18:01:56.325994497,321.94,50,0.01,0.03,,321.94,4,0,50,0,0,51,0,101,3,0,,0,50,0,51,0,0.00495,0.16997,321.93,321.94122
20200131,SPY,18:02,18:02:00.000000000,321.93,300,321.96,1100,18:02:11.306861420,321.93,509,18:02:00.000000000,321.93,300,18:02:00.000000000,321.96,1100,18:02:30.482808995,321.96,186,18:02:13.448331385,321.92,800,18:02:58.125827627,321.95,100,18:02:53.719173746,321.92,700,18:02:59.999999999,321.92,100,321.95,100,18:02:53.719173746,321.92,700,0.03,0.04,,321.9284,8,1209,0,0,0,186,0,886,3,509,321.93,186,1209,0,0,0,-1.16027,-0.29007,321.92224,321.95969
20200131,SPY,18:03,18:03:00.000000000,321.92,100,321.95,100,18:03:00.087690658,321.98,8,18:03:00.000000000,321.92,100,18:03:40.813179775,321.96,900,18:03:00.087690658,321.98,8,18:03:00.000000000,321.92,100,18:03:00.000000000,321.95,100,18:03:00.087690658,321.98,8,18:03:59.999999999,321.92,100,321.96,900,18:03:00.089461657,321.98,8,0.03,0.04,,321.98,2,0,0,0,0,56,0,56,7,0,,8,0,48,0,0,4.50,1.50,321.92,321.9532
20200131,SPY,18:04,18:04:00.000000000,321.92,100,321.96,900,18:04:25.278246243,321.92,2,18:04:00.000000000,321.92,100,18:04:00.000000000,321.96,900,18:04:25.278246243,321.92,2,18:04:00.000000000,321.92,100,18:04:00.000000000,321.96,900,18:04:25.278246243,321.92,2,18:04:59.999999999,321.92,100,321.96,1100,18:04:25.278246243,321.92,2,0.04,0.04,,321.92,0,2,0,0,0,0,0,2,1,0,,0,2,0,0,0,-2.00,-0.50,321.92,321.96
20200131,SPY,18:05,18:05:00.000000000,321.92,100,321.96,1100,18:05:14.484445526,321.94,99,18:05:00.000000000,321.92,100,18:05:00.000000000,321.96,1100,18:05:25.168726415,321.97,8,18:05:30.756205080,321.91,100,18:05:51.771857345,321.94,400,18:05:30.756252015,321.92,164,18:05:59.999999999,321.91,100,321.94,300,18:05:54.680178998,321.94,100,0.03,0.05,,321.92626,6,0,500,99,0,109,0,708,6,0,,207,164,1,336,0,-0.80932,-0.13171,321.91513,321.95726
20200131,SPY,18:06,18:06:00.000000000,321.91,100,321.94,300,18:06:14.655840011,321.93,200,18:06:04.090719553,321.93,200,18:06:16.432205103,321.96,900,18:06:28.244127154,321.97,6,18:06:00.000000000,321.91,100,18:06:28.524871887,321.92,600,18:06:28.524836992,321.92,15,18:06:59.999999999,321.91,100,321.96,1000,18:06:55.174106809,321.96,5,0.01,0.05,,321.92191,12,200,900,0,0,211,0,1311,7,0,,11,215,0,1085,0,-1.0042,-0.20084,321.91352,321.95156
20200131,SPY,18:07,18:07:00.000000000,321.91,100,321.96,1000,18:07:35.905964365,321.92,30,18:07:00.000000000,321.91,100,18:07:00.000000000,321.96,1000,18:07:41.728233913,321.95,129,18:07:00.000000000,321.91,100,18:07:01.728602113,321.95,200,18:07:35.905964365,321.92,30,18:07:59.999999999,321.91,500,321.96,900,18:07:41.728233913,321.95,129,0.04,0.05,,321.94349,6,0,30,10,0,129,0,169,3,0,,139,30,0,0,0,1.34911,0.33728,321.91,321.95333
20200131,SPY,18:08,18:08:00.000000000,321.91,500,321.96,900,18:08:11.467929586,321.94,50,18:08:30.401898611,321.92,100,18:08:00.000000000,321.96,900,18:08:13.963324976,321.95,1,18:08:00.000000000,321.91,500,18:08:00.000000000,321.96,900,18:08:11.468023688,321.91,100,18:08:59.999999999,321.92,100,321.96,1100,18:08:13.963324976,321.95,1,0.04,0.05,,321.91643,6,282,168,0,51,0,0,501,5,0,,1,318,0,182,0,-1.85729,-0.37146,321.91493,321.96
20200131,SPY,18:09,18:09:00.000000000,321.92,100,321.96,1100,18:09:31.844692650,321.92,100,18:09:00.000000000,321.92,100,18:09:00.000000000,321.96,1100,18:09:31.844692650,321.92,100,18:09:50.435256588,321.90,3000,18:09:31.844597652,321.92,10500,18:09:50.435242750,321.91,200,18:09:59.999999999,321.90,3000,321.92,100,18:09:51.838539959,321.92,10557,0.01,0.06,,321.91982,8,200,0,0,0,10672,0,10872,4,0,,10557,300,0,15,0,0.96712,0.4816,321.91371,321.94203
20200131,SPY,18:10,18:10:00.000000000,321.90,3000,321.92,100,18:10:17.698920072,321.92,10,18:10:56.247231935,321.91,100,18:10:17.698180394,321.96,1200,18:10:17.698920072,321.92,10,18:10:00.000000000,321.90,3000,18:10:00.000000000,321.92,100,18:10:17.698920072,321.92,10,18:10:59.999999999,321.91,100,321.96,1200,18:10:17.698920072,321.92,10,0.02,0.06,,,4,0,10,0,0,0,0,0,1,10,321.92,0,0,10,0,0,,,321.90063,321.9482
20200131,SPY,18:11,18:11:00.000000000,321.91,100,321.96,1200,18:11:15.131031227,321.92,61,18:11:00.000000000,321.91,100,18:11:00.000000000,321.96,1200,18:11:15.131031227,321.92,61,18:11:00.000000000,321.91,100,18:11:00.000000000,321.96,1200,18:11:15.131031227,321.92,61,18:11:59.999999999,321.91,100,321.96,1100,18:11:15.131031227,321.92,61,0.05,0.05,,321.92,2,0,61,0,0,0,0,61,1,0,,0,0,61,0,0,-1.50,-0.30,321.91,321.96
20200131,SPY,18:12,18:12:00.000000000,321.91,100,321.96,1100,18:12:01.040780216,321.92,29,18:12:00.000000000,321.91,100,18:12:00.000000000,321.96,1100,18:12:17.899543122,321.95,2,18:12:00.971353258,321.90,3000,18:12:01.371454690,321.95,100,18:12:01.040780216,321.92,29,18:12:59.999999999,321.90,3100,321.95,100,18:12:17.899543122,321.95,2,0.05,0.06,,321.92,6,0,29,0,0,2,0,29,2,2,321.95,2,0,29,0,0,-1.00,-0.16667,321.90016,321.95023
20200131,SPY,18:13,18:13:00.000000000,321.90,3100,321.95,100,18:13:07.917130970,321.93,30,18:13:00.000000000,321.90,3100,18:13:00.000000000,321.95,100,18:13:07.917130970,321.93,30,18:13:00.000000000,321.90,3100,18:13:55.146960804,321.91,300,18:13:55.147128670,321.91,41,18:13:59.999999999,321.90,3000,321.95,100,18:13:55.147840466,321.91,59,0.01,0.05,,321.91383,10,0,59,0,30,282,0,371,5,0,,41,271,0,59,0,0.40296,0.56146,321.90,321.94274
20200131,SPY,18:14,18:14:00.000000000,321.90,3000,321.95,100,18:14:10.666693183,321.90,6,18:14:00.000000000,321.90,3000,18:14:00.000000000,321.95,100,18:14:39.834390348,321.96,14,18:14:00.000000000,321.90,3000,18:14:00.000000000,321.95,100,18:14:10.666693183,321.90,6,18:14:59.999999999,321.90,3200,321.95,100,18:14:39.834390348,321.96,14,0.05,0.05,,321.91009,2,26,4974,0,0,14,0,5014,6,0,,32,6,4956,20,0,-1.49122,-0.29824,321.90,321.95
20200131,SPY,18:15,18:15:00.000000000,321.90,3200,321.95,100,18:15:05.322924384,321.92,4,18:15:00.000000000,321.90,3200,18:15:05.322810484,321.96,1100,18:15:05.322945147,321.95,15,18:15:00.000000000,321.90,3200,18:15:00.000000000,321.95,100,18:15:05.322924384,321.92,4,18:15:59.999999999,321.90,3200,321.96,200,18:15:24.583197978,321.95,20,0.05,0.06,,321.94692,4,0,4,0,35,0,0,39,3,0,,15,4,20,0,0,1.69231,0.28205,321.90,321.95911
20200131,SPY,18:16,18:16:00.000000000,321.90,3200,321.96,200,18:16:01.203784117,321.95,25,18:16:52.186626525,321.92,200,18:16:00.000000000,321.96,200,18:16:01.203784117,321.95,25,18:16:00.000000000,321.90,3200,18:16:00.000000000,321.96,200,18:16:22.160539366,321.90,40,18:16:59.999999999,321.92,200,321.96,200,18:16:56.363216896,321.95,5,0.04,0.06,,321.95,2,40,0,0,30,0,0,30,3,40,321.90,5,40,25,0,0,1.83333,0.31944,321.9026,321.96
20200131,SPY,18:17,18:17:00.000000000,321.92,200,321.96,200,18:17:13.842332121,321.92,2,18:17:00.000000000,321.92,200,18:17:00.000000000,321.96,200,18:17:29.077295019,321.94,150,18:17:00.000000000,321.92,200,18:17:04.482749494,321.94,1500,18:17:13.842332121,321.92,2,18:17:59.999999999,321.92,200,321.95,1400,18:17:29.077295019,321.94,150,0.02,0.04,,321.93974,10,2,0,0,0,150,0,152,2,0,,150,2,0,0,0,0.97368,0.48684,321.92,321.94562
20200131,SPY,18:18,18:18:00.000000000,321.92,200,321.95,1400,18:18:44.739024486,321.95,100,18:18:44.738961969,321.95,500,18:18:44.738961969,321.96,200,18:18:44.739024486,321.95,100,18:18:00.000000000,321.92,200,18:18:00.000000000,321.95,1400,18:18:46.029369445,321.82,15,18:18:59.999999999,321.92,200,321.96,200,18:18:46.033441294,321.82,2,0.01,0.04,,321.94497,6,1492,0,0,500,0,0,1992,9,0,,100,15,1815,62,0,-0.56802,-0.40838,321.92032,321.95254
20200131,SPY,18:19,18:19:00.000000000,321.92,200,321.96,200,18:19:00.006291153,321.95,5,18:19:00.000000000,321.92,200,18:19:00.000000000,321.96,200,18:19:00.006316319,321.96,1,18:19:38.346259320,321.90,3200,18:19:07.837684012,321.95,200,18:19:21.439881001,321.86,5,18:19:59.999999999,321.90,3200,321.96,100,18:19:46.868627626,321.92,10,0.03,0.06,,321.92335,10,58,168,0,45,1,0,272,10,0,,164,8,50,50,0,-0.94118,-0.22518,321.91278,321.95493
20200131,SPY,18:20,18:20:00.000000000,321.90,3200,321.96,100,18:20:23.603861439,321.92,15,18:20:48.958626428,321.92,900,18:20:28.787562516,321.97,200,18:20:28.791185179,321.97,51,18:20:00.000000000,321.90,3200,18:20:00.000000000,321.96,100,18:20:23.603861439,321.92,15,18:20:59.999999999,321.92,900,321.97,200,18:20:48.958923344,321.92,10,0.05,0.07,,321.9548,4,10,42,0,199,51,0,302,6,0,,250,17,15,20,0,1.97185,0.27578,321.90368,321.9652
20200131,SPY,18:21,18:21:00.000000000,321.92,900,321.97,200,18:21:13.432392424,321.96,2,18:21:50.017181875,321.95,900,18:21:13.433820911,321.98,900,18:21:13.432868841,321.97,38,18:21:00.000000000,321.92,900,18:21:00.000000000,321.97,200,18:21:20.799518536,321.84,1,18:21:59.999999999,321.95,900,321.97,200,18:21:50.014881575,321.94,10,0.02,0.06,,321.92931,8,94,0,0,12,38,0,144,37,0,,53,13,64,14,0,-1.63889,-0.34167,321.92931,321.97
20200131,SPY,18:22,18:22:00.000000000,321.95,900,321.97,200,18:22:04.703703787,321.97,10,18:22:00.000000000,321.95,900,18:22:00.000000000,321.97,200,18:22:04.703703787,321.97,10,18:22:09.462093672,321.94,500,18:22:00.000000000,321.97,200,18:22:59.998436045,321.94,20,18:22:59.999999999,321.94,500,321.97,100,18:22:59.998436045,321.94,20,0.02,0.03,,321.95727,6,20,0,0,80,10,0,110,3,0,,10,100,0,0,0,0.18182,0.07576,321.94158,321.97
20200131,SPY,18:23,18:23:00.000000000,321.94,500,321.97,100,18:23:02.791415810,321.97,158,18:23:30.770943993,322.01,300,18:23:30.765246104,322.06,2400,18:23:58.417593238,322.07,9,18:23:00.000000000,321.94,500,18:23:00.000000000,321.97,100,18:23:02.791415810,321.97,158,18:23:59.999999999,321.95,400,322.06,2400,18:23:58.417593238,322.07,9,0.01,0.11,,321.99388,30,900,120,0,350,1031,0,2401,13,0,,1189,92,1120,0,0,-0.00354,0.05172,321.98125,322.0269
20200131,SPY,18:24,18:24:00.000000000,321.95,400,322.06,2400,18:24:00.384598245,322.06,80,18:24:49.948025023,322.00,2700,18:24:00.384519220,322.09,300,18:24:00.384598245,322.06,80,18:24:28.092694486,321.93,500,18:24:45.925004065,322.00,300,18:24:18.067555285,321.92,3,18:24:59.999999999,322.00,2700,322.06,2600,18:24:59.494472698,322.00,100,0.04,0.14,,322.00288,30,969,843,0,85,114,0,2011,27,0,,62,383,0,1566,0,-1.54276,-0.22906,321.95765,322.06536
20200131,SPY,18:25,18:25:00.000000000,322.00,2700,322.06,2600,18:25:01.267205934,322.00,200,18:25:00.000000000,322.00,2700,18:25:00.000000000,322.06,2600,18:25:01.267205934,322.00,200,18:25:16.206741892,321.96,400,18:25:49.885803550,322.00,300,18:25:01.267205934,322.00,200,18:25:59.999999999,321.96,400,322.00,300,18:25:52.547712684,322.00,300,0.04,0.10,,322.00,22,1454,0,600,0,0,0,2054,11,0,,0,0,0,2054,0,-2.12366,-0.35394,321.98735,322.04989
20200131,SPY,18:26,18:26:00.000000000,321.96,400,322.00,300,18:26:01.953542566,321.99,400,18:26:01.964209891,322.00,2600,18:26:01.957576284,322.04,300,18:26:39.661000582,322.04,2,18:26:00.000000000,321.96,400,18:26:00.246266142,321.99,400,18:26:25.788688849,321.97,2,18:26:59.999999999,322.00,6000,322.04,600,18:26:49.017374322,321.97,40,0.03,0.08,,321.99638,42,40,131,800,400,302,0,1673,16,0,,402,442,800,29,0,0.46981,0.12917,321.96867,322.03232
20200131,SPY,18:27,18:27:00.000000000,322.00,6000,322.04,600,18:27:04.704645464,322.00,400,18:27:00.000000000,322.00,6000,18:27:00.000000000,322.04,600,18:27:13.735515873,322.01,9,18:27:00.000000000,322.00,6000,18:27:31.976691923,322.01,300,18:27:04.704645464,322.00,400,18:27:59.999999999,322.00,5100,322.02,1000,18:27:25.632320360,322.00,10,0.01,0.04,,322.00009,16,1001,9,0,0,0,0,1010,6,0,,409,391,0,210,0,-1.99109,-0.49777,322.00,322.02725
20200131,SPY,18:28,18:28:00.000000000,322.00,5100,322.02,1000,18:28:06.858720648,322.00,30,18:28:00.000000000,322.00,5100,18:28:00.000000000,322.02,1000,18:28:41.210143109,322.02,7,18:28:58.037491026,321.96,400,18:28:58.038188466,322.00,100,18:28:06.858720648,322.00,30,18:28:59.999999999,321.96,400,322.00,800,18:28:58.233717715,322.00,10,0.01,0.05,,322.00005,26,1930,0,0,819,18,0,2766,15,1,322.01,7,800,0,1960,0,0.04664,-0.25445,321.99869,322.01218
20200131,SPY,18:29,18:29:00.000000000,321.96,400,322.00,800,18:29:05.770168684,322.00,100,18:29:00.000000000,321.96,400,18:29:00.000000000,322.00,800,18:29:05.770168684,322.00,100,18:29:50.201596012,321.92,1800,18:29:14.234590049,321.99,400,18:29:48.374466934,321.96,300,18:29:59.999999999,321.92,1800,322.00,200,18:29:49.596836640,321.96,1700,0.03,0.08,,321.9656,10,4905,1000,0,0,3000,0,6576,18,2329,322.00,200,605,0,8100,0,-0.9908,-0.34727,321.95347,321.99355
20200131,SPY,18:30,18:30:00.000000000,321.92,1800,322.00,200,18:30:32.381933783,321.92,923,18:30:00.000000000,321.92,1800,18:30:00.000000000,322.00,200,18:30:32.382969431,321.97,200,18:30:49.609515158,321.88,100,18:30:49.609831262,321.90,100,18:30:50.628650417,321.88,100,18:30:59.999999999,321.88,100,321.90,400,18:30:50.628650417,321.88,100,0.02,0.12,,321.91545,18,100,5120,0,0,1485,0,6705,22,0,,369,1358,0,4978,0,-2.30037,-0.03486,321.90733,321.95971
20200131,SPY,18:31,18:31:00.000000000,321.88,100,321.90,400,18:31:01.803483182,321.90,100,18:31:11.200673932,321.89,200,18:31:08.827913311,322.00,200,18:31:58.309297409,321.95,4,18:31:00.000000000,321.88,100,18:31:00.000000000,321.90,400,18:31:09.499120025,321.88,125,18:31:59.999999999,321.89,200,321.99,2000,18:31:58.309297409,321.95,4,0.02,0.12,,321.90005,12,125,0,0,4,4047,0,4051,12,125,321.88,104,125,3947,0,0,1.00,0.49961,321.88813,321.98489
20200131,SPY,18:32,18:32:00.000000000,321.89,200,321.99,2000,18:32:18.014345064,321.89,10,18:32:00.000000000,321.89,200,18:32:17.983990214,322.00,200,18:32:18.014345064,321.89,10,18:32:18.397467062,321.85,800,18:32:18.405227602,321.87,900,18:32:27.976735757,321.86,175,18:32:59.999999999,321.85,800,322.00,400,18:32:27.976735757,321.86,175,0.01,0.15,,321.86975,18,0,1000,175,0,26,10,1211,6,0,,25,1185,0,1,0,-4.49959,-0.28638,321.86226,321.94449
20200131,SPY,18:33,18:33:00.000000000,321.85,800,322.00,400,18:33:27.099991299,321.93,2,18:33:37.172160720,322.00,2900,18:33:37.173097783,322.04,600,18:33:37.172276230,322.00,20,18:33:00.000000000,321.85,800,18:33:44.267861467,321.95,100,18:33:27.099991299,321.93,2,18:33:59.999999999,321.87,600,322.00,700,18:33:48.720650393,321.95,1,0.04,0.17,,321.9894,26,204,2,0,1,0,821,1028,14,0,,368,47,613,0,0,-1.43823,-1.14101,321.88497,322.00102
20200131,SPY,18:34,18:34:00.000000000,321.87,600,322.00,700,18:34:36.535417808,321.88,160,18:34:29.779012069,321.88,200,18:34:00.000000000,322.00,700,18:34:59.580168471,321.92,50,18:34:00.000000000,321.87,600,18:34:00.435478123,321.99,100,18:34:36.535417808,321.88,160,18:34:59.999999999,321.88,200,322.00,1100,18:34:59.580168471,321.92,50,0.12,0.13,,321.92,8,360,50,0,0,0,0,50,3,360,321.88,50,160,0,200,0,-2.00,-0.16667,321.87504,321.99705
20200131,SPY,18:35,18:35:00.000000000,321.88,200,322.00,1100,18:35:12.133126029,321.90,300,18:35:11.275123799,321.90,300,18:35:00.000000000,322.00,1100,18:35:12.133126029,321.90,300,18:35:12.133087061,321.87,700,18:35:12.133087061,321.88,100,18:35:12.133151104,321.88,200,18:35:59.999999999,321.88,500,321.99,300,18:35:32.084315973,321.88,25,0.01,0.13,,321.8812,16,25,1000,0,0,8981,0,10000,88,6,321.88,0,1100,0,8906,0,0.00375,0.52519,321.87696,321.95806
20200131,SPY,18:36,18:36:00.000000000,321.88,500,321.99,300,18:36:41.904521206,321.91,12,18:36:55.615421173,321.91,2900,18:36:00.000000000,321.99,300,18:36:41.904521206,321.91,12,18:36:00.000000000,321.88,500,18:36:00.000000000,321.99,300,18:36:41.904521206,321.91,12,18:36:59.999999999,321.88,500,321.99,300,18:36:55.615789676,321.91,87,0.08,0.11,,321.91,4,87,12,0,0,0,0,99,2,0,,12,0,87,0,0,-3.81818,-0.46694,321.88075,321.99
20200131,SPY,18:37,18:37:00.000000000,321.88,500,321.99,300,,,,18:37:00.000000000,321.88,500,18:37:00.000000000,321.99,300,,,,18:37:00.000000000,321.88,500,18:37:00.000000000,321.99,300,,,,18:37:59.999999999,321.88,500,321.99,300,,,,0.11,0.11,,,0,0,0,0,0,0,0,0,0,0,,0,0,0,0,0,,,321.88,321.99
20200131,SPY,18:38,18:38:00.000000000,321.88,500,321.99,300,18:38:00.483060829,321.98,50,18:38:48.793862091,321.92,400,18:38:00.000000000,321.99,300,18:38:00.483060829,321.98,50,18:38:00.000000000,321.88,500,18:38:39.628768649,321.98,100,18:38:00.483060829,321.98,50,18:38:59.999999999,321.92,400,321.98,100,18:38:00.483060829,321.98,50,0.06,0.11,,321.98,12,0,0,0,50,0,0,50,1,0,,50,0,0,0,0,4.50,0.40909,321.91049,321.9866
20200131,SPY,18:39,18:39:00.000000000,321.92,400,321.98,100,18:39:17.719721246,321.98,5,18:39:30.353289051,321.95,100,18:39:17.719620674,322.00,600,18:39:17.719789683,321.99,200,18:39:00.000000000,321.92,400,18:39:42.845953461,321.95,300,18:39:42.845963616,321.95,100,18:39:59.999999999,321.95,100,321.99,200,18:39:56.583728931,321.95,2,0.03,0.08,,321.97392,18,2,400,0,1120,100,0,1620,10,2,321.95,200,100,920,402,0,1.66975,0.2258,321.93338,321.98845
20200131,SPY,18:40,18:40:00.000000000,321.95,100,321.99,200,18:40:23.407780855,321.89,3,18:40:00.000000000,321.95,100,18:40:00.000000000,321.99,200,18:40:23.407780855,321.89,3,18:40:00.000000000,321.95,100,18:40:04.054547799,321.98,200,18:40:23.407780855,321.89,3,18:40:59.999999999,321.95,200,321.98,300,18:40:23.413826560,321.89,3,0.03,0.04,,321.89,6,16,0,0,0,0,0,16,6,0,,0,3,0,13,0,-7.50,-2.50,321.95,321.98068
20200131,SPY,18:41,18:41:00.000000000,321.95,200,321.98,300,18:41:34.058714711,321.98,10,18:41:00.000000000,321.95,200,18:41:00.000000000,321.98,300,18:41:34.058714711,321.98,10,18:41:00.000000000,321.95,200,18:41:00.000000000,321.98,300,18:41:40.008201658,321.95,5,18:41:59.999999999,321.95,100,321.98,400,18:41:52.950576570,321.95,5,0.03,0.03,,321.965,4,10,0,0,0,10,0,20,3,0,,10,5,0,5,0,0.00,0.00,321.95,321.98
20200131,SPY,18:42,18:42:00.000000000,321.95,100,321.98,400,18:42:11.371093853,321.95,70,18:42:00.000000000,321.95,100,18:42:00.000000000,321.98,400,18:42:37.685371212,321.98,8,18:42:32.194173466,321.92,400,18:42:00.000000000,321.98,400,18:42:11.371093853,321.95,70,18:42:59.999999999,321.92,400,321.98,400,18:42:37.685371212,321.98,8,0.03,0.06,,321.95135,4,170,0,0,0,8,0,178,3,0,,8,0,0,170,0,-1.29775,-0.45506,321.9361,321.98
20200131,SPY,18:43,18:43:00.000000000,321.92,400,321.98,400,18:43:39.162202856,321.93,50,18:43:49.938070536,321.96,800,18:43:00.000000000,321.98,400,18:43:49.938414647,321.96,100,18:43:00.000000000,321.92,400,18:43:08.125943196,321.96,100,18:43:39.162202856,321.93,50,18:43:59.999999999,321.95,800,321.97,200,18:43:59.592052238,321.95,200,0.01,0.06,,321.95723,22,355,0,25,0,900,0,1280,6,0,,105,250,925,0,0,0.79883,0.21289,321.93242,321.96368
20200131,SPY,18:44,18:44:00.000000000,321.95,800,321.97,200,18:44:01.829031390,321.96,75,18:44:42.073954664,321.97,100,18:44:00.346861453,321.98,100,18:44:42.616680552,321.97,100,18:44:00.000000000,321.95,800,18:44:00.000000000,321.97,200,18:44:04.176523790,321.90,10,18:44:59.999999999,321.96,1000,321.98,100,18:44:56.181099763,321.96,95,0.01,0.03,,321.95708,22,360,150,105,0,0,0,565,13,50,321.96,225,105,250,35,0,-1.15929,-0.55752,321.95909,321.97974
20200131,SPY,18:45,18:45:00.000000000,321.96,1000,321.98,100,18:45:00.260560313,321.98,5,18:45:38.723217016,321.97,300,18:45:00.260491917,321.99,500,18:45:57.932989189,321.99,99,18:45:00.000000000,321.96,1000,18:45:00.000000000,321.98,100,18:45:04.794680640,321.96,55,18:45:59.999999999,321.97,300,321.99,300,18:45:57.933006076,321.99,1,0.02,0.03,,321.96617,14,622,0,0,105,100,0,827,13,0,,149,102,56,520,0,-0.94377,-0.29444,321.96355,321.98996
20200131,SPY,18:46,18:46:00.000000000,321.97,300,321.99,300,18:46:20.763425892,321.9899,300,18:46:00.000000000,321.97,300,18:46:00.000000000,321.99,300,18:46:20.763425892,321.9899,300,18:46:20.708082888,321.96,400,18:46:00.000000000,321.99,300,18:46:33.202463009,321.91,8,18:46:59.999999999,321.96,400,321.99,300,18:46:55.556446337,321.97,1,0.02,0.03,,321.93706,2,16,1,0,300,0,0,17,4,300,321.9899,9,308,0,0,0,-3.79412,-1.26471,321.96345,321.99
20200131,SPY,18:47,18:47:00.000000000,321.96,400,321.99,300,18:47:14.449970335,321.98,150,18:47:29.472094593,321.99,600,18:47:29.470367815,322.00,900,18:47:41.472548146,322.00,300,18:47:00.000000000,321.96,400,18:47:13.511615262,321.98,100,18:47:14.449970335,321.98,150,18:47:59.999999999,321.99,600,322.00,100,18:47:41.472571543,322.00,200,0.01,0.03,,321.99298,14,83,0,399,150,600,0,1232,7,0,,849,0,383,0,0,0.2707,0.23011,321.98027,321.99493
20200131,SPY,18:48,18:48:00.000000000,321.99,600,322.00,100,18:48:22.878358079,322.00,100,18:48:22.883089630,322.01,200,18:48:22.878351272,322.04,100,18:48:22.878358079,322.00,100,18:48:00.000000000,321.99,600,18:48:00.000000000,322.00,100,18:48:22.878358079,322.00,100,18:48:59.999999999,321.99,600,322.04,25100,18:48:22.878358079,322.00,100,0.01,0.05,,322.00,8,0,100,0,0,0,0,100,1,0,,0,0,100,0,0,-1.50,-0.30,322.00163,322.02475
20200131,SPY,18:49,18:49:00.000000000,321.99,600,322.04,25100,18:49:19.456221390,321.99,2,18:49:00.000000000,321.99,600,18:49:00.000000000,322.04,25100,18:49:44.363325636,322.04,466,18:49:00.000000000,321.99,600,18:49:00.000000000,322.04,25100,18:49:19.456221390,321.99,2,18:49:59.999999999,321.99,500,322.04,24600,18:49:44.363325636,322.04,466,0.05,0.05,,322.03947,4,5,0,0,0,466,0,471,3,0,,466,2,0,3,0,2.44692,0.48938,321.99,322.04
20200131,SPY,18:50,18:50:00.000000000,321.99,500,322.04,24600,18:50:25.467838375,322.04,3,18:50:00.000000000,321.99,500,18:50:00.000000000,322.04,24600,18:50:25.467838375,322.04,3,18:50:00.000000000,321.99,500,18:50:00.000000000,322.04,24600,18:50:25.467838375,322.04,3,18:50:59.999999999,321.99,600,322.04,25000,18:50:25.467838375,322.04,3,0.05,0.05,,,4,0,0,0,0,3,0,0,1,3,322.04,0,0,3,0,0,,,321.99,322.04
20200131,SPY,18:51,18:51:00.000000000,321.99,600,322.04,25000,,,,18:51:00.000000000,321.99,600,18:51:00.000000000,322.04,25000,,,,18:51:00.000000000,321.99,600,18:51:00.000000000,322.04,25000,,,,18:51:59.999999999,321.99,600,322.04,25200,,,,0.05,0.05,,,2,0,0,0,0,0,0,0,0,0,,0,0,0,0,0,,,321.99,322.04
20200131,SPY,18:52,18:52:00.000000000,321.99,600,322.04,25200,18:52:45.566334865,321.99,500,18:52:00.000000000,321.99,600,18:52:00.000000000,322.04,25200,18:52:54.770894724,322.00,2,18:52:00.000000000,321.99,600,18:52:58.326781064,322.00,1000,18:52:45.566334865,321.99,500,18:52:59.999999999,321.99,100,322.02,200,18:52:58.451880308,321.99,991,0.01,0.05,,321.99063,12,1500,100,0,0,0,0,1600,5,0,,2,509,98,991,0,-1.43188,-0.47917,321.99,322.03285
20200131,SPY,18:53,18:53:00.000000000,321.99,100,322.02,200,18:53:03.242566036,322.02,15,18:53:00.000000000,321.99,100,18:53:03.420356439,322.04,25800,18:53:03.242566036,322.02,15,18:53:00.000000000,321.99,100,18:53:44.737199185,322.01,100,18:53:03.242566036,322.02,15,18:53:59.999999999,321.99,100,322.01,100,18:53:03.420367708,322.02,6,0.02,0.05,,322.02,8,0,0,0,6,15,0,21,2,0,,15,0,6,0,0,1.21429,0.38571,321.99,322.02835
20200131,SPY,18:54,18:54:00.000000000,321.99,100,322.01,100,18:54:03.174283922,322.00,55,18:54:00.000000000,321.99,100,18:54:00.000000000,322.01,100,18:54:03.174283922,322.00,55,18:54:35.728313319,321.92,400,18:54:35.729224145,321.98,200,18:54:49.490407531,321.94,100,18:54:59.999999999,321.94,100,321.98,1000,18:54:49.490419633,321.94,200,0.01,0.08,,321.97645,22,906,0,55,267,589,0,1817,10,0,,0,751,0,1066,0,-0.00138,-0.0505,321.96372,321.99595
20200131,SPY,18:55,18:55:00.000000000,321.94,100,321.98,1000,18:55:10.591118726,321.95,30,18:55:26.839399666,322.01,1000,18:55:26.833502607,322.04,25100,18:55:26.833453909,322.01,1000,18:55:00.000000000,321.94,100,18:55:00.000000000,321.98,1000,18:55:10.591118726,321.95,30,18:55:59.999999999,321.98,300,322.02,200,18:55:26.833453909,322.01,1000,0.01,0.07,,321.99743,46,863,63,0,130,1650,0,2706,95,0,,1243,0,1463,0,0,0.17627,0.15262,321.96635,322.01287
20200131,SPY,18:56,18:56:00.000000000,321.98,300,322.02,200,18:56:00.431946518,322.02,50,18:56:38.283443102,322.00,3500,18:56:00.000000000,322.02,200,18:56:00.431946518,322.02,50,18:56:00.000000000,321.98,300,18:56:00.000000000,322.02,200,18:56:31.996622586,321.92,4,18:56:59.999999999,322.00,4800,322.02,200,18:56:40.057378984,322.00,500,0.02,0.04,,321.99544,10,504,499,1,0,80,0,1034,6,50,322.02,551,503,30,0,0,-0.93907,-0.35566,321.98724,322.02
20200131,SPY,18:57,18:57:00.000000000,322.00,4800,322.02,200,18:57:25.163611486,322.02,5,18:57:41.657471487,322.03,100,18:57:41.657471487,322.04,24900,18:57:58.375531685,322.04,100,18:57:00.000000000,322.00,4800,18:57:00.000000000,322.02,200,18:57:29.032385461,322.00,300,18:57:59.999999999,322.03,100,322.04,24800,18:57:58.375531685,322.04,100,0.01,0.03,,322.02,12,610,0,0,394,684,0,1399,11,289,322.02035,405,300,983,0,0,0.07291,-0.02275,322.00929,322.02691
20200131,SPY,18:58,18:58:00.000000000,322.03,100,322.04,24800,18:58:01.956287581,322.04,8323,18:58:00.000000000,322.03,100,18:58:00.000000000,322.04,24800,18:58:01.956287581,322.04,8323,18:58:16.873489236,322.00,3000,18:58:18.143806840,322.01,100,18:58:19.806133008,322.00,89,18:58:59.999999999,322.00,2700,322.01,100,18:58:57.470031457,322.00,500,0.01,0.03,,322.03886,18,978,0,11,0,13534,0,13823,12,700,322.00286,100,789,13423,211,0,0.4618,0.46502,322.00744,322.01846
20200131,SPY,18:59,18:59:00.000000000,322.00,2700,322.01,100,18:59:04.866037380,322.00,200,18:59:00.000000000,322.00,2700,18:59:00.000000000,322.01,100,18:59:04.866037380,322.00,200,18:59:04.865985631,321.93,200,18:59:05.407590988,322.00,100,18:59:08.816223847,321.92,8,18:59:59.999999999,321.93,100,322.00,1100,18:59:22.033407129,322.00,11,0.01,0.08,,321.99471,16,16,0,0,200,11,0,227,4,0,,19,8,0,200,0,2.53084,0.31435,321.93606,322.0009
20200131,SPY,19:00,19:00:00.000000000,321.93,100,322.00,1100,19:00:36.013702881,321.93,192,19:00:00.000000000,321.93,100,19:00:00.000000000,322.00,1100,19:00:36.014319015,321.97,38,19:00:36.014252045,321.90,3500,19:00:36.017586905,321.91,100,19:00:43.810906665,321.90,46,19:00:59.999999999,321.90,2700,321.98,100,19:00:43.811622379,321.90,785,0.01,0.09,,321.91205,16,1431,391,0,38,268,0,2128,19,0,,44,1054,22,1008,0,-1.6015,-0.31361,321.91801,321.97778
20200131,SPY,19:01,19:01:00.000000000,321.90,2700,321.98,100,19:01:00.230037571,321.97,100,19:01:04.059544220,321.91,300,19:01:00.225588388,321.99,500,19:01:43.167863701,321.98,1,19:01:00.000000000,321.90,2700,19:01:00.000000000,321.98,100,19:01:00.230037571,321.97,100,19:01:59.999999999,321.91,800,321.98,900,19:01:49.649514187,321.98,70,0.07,0.09,,321.97398,10,0,0,0,106,71,0,176,5,1,321.98,101,0,76,0,0,2.89773,0.36887,321.90932,321.98319
20200131,SPY,19:02,19:02:00.000000000,321.91,800,321.98,900,19:02:26.650331526,321.98,8,19:02:36.049181379,321.94,100,19:02:00.000000000,321.98,900,19:02:26.650331526,321.98,8,19:02:00.000000000,321.91,800,19:02:00.000000000,321.98,900,19:02:39.456620915,321.94,200,19:02:59.999999999,321.91,800,321.98,900,19:02:47.735156883,321.94,5,0.04,0.07,,321.94,4,200,5,0,0,8,0,5,3,208,321.94154,0,200,8,5,0,-0.50,-0.07143,321.91584,321.98
20200131,SPY,19:03,19:03:00.000000000,321.91,800,321.98,900,19:03:25.681231206,321.94,95,19:03:00.000000000,321.91,800,19:03:00.000000000,321.98,900,19:03:25.681231206,321.94,95,19:03:00.000000000,321.91,800,19:03:25.680256362,321.94,100,19:03:43.942257717,321.91,20,19:03:59.999999999,321.91,700,321.98,1300,19:03:43.942257717,321.91,20,0.03,0.07,,321.93478,6,20,95,0,0,0,0,115,2,0,,0,20,0,95,0,-1.02174,-0.14596,321.91,321.98
20200131,SPY,19:04,19:04:00.000000000,321.91,700,321.98,1300,19:04:15.256805091,321.91,13,19:04:00.000000000,321.91,700,19:04:00.000000000,321.98,1300,19:04:15.256805091,321.91,13,19:04:00.000000000,321.91,700,19:04:15.027749423,321.95,100,19:04:15.256805091,321.91,13,19:04:59.999999999,321.91,600,321.95,100,19:04:58.579406938,321.91,8,0.04,0.07,,321.91,4,47,0,0,0,0,0,45,6,2,321.91,0,0,0,47,0,-2.00,-0.50,321.91,321.95751
20200131,SPY,19:05,19:05:00.000000000,321.91,600,321.95,100,19:05:05.830772559,321.92,20,19:05:00.000000000,321.91,600,19:05:00.000000000,321.95,100,19:05:23.179946410,321.94,5,19:05:00.000000000,321.91,600,19:05:09.465801653,321.93,100,19:05:11.262638517,321.91,40,19:05:59.999999999,321.91,500,321.94,800,19:05:31.109336749,321.94,5,0.02,0.04,,321.92733,10,80,20,0,100,105,0,300,11,5,321.94,125,40,100,40,0,0.33333,0.07222,321.91,321.9387
20200131,SPY,19:06,19:06:00.000000000,321.91,500,321.94,800,19:06:11.309200622,321.94,9,19:06:00.000000000,321.91,500,19:06:00.000000000,321.94,800,19:06:11.309200622,321.94,9,19:06:33.302797773,321.87,600,19:06:33.302186818,321.90,300,19:06:33.302374724,321.90,33,19:06:59.999999999,321.87,600,321.90,100,19:06:38.817075740,321.90,69,0.01,0.03,,321.90263,16,283,0,0,16,2710,33,3042,10,0,,49,2528,9,456,0,1.09484,0.40702,321.88869,321.91523
20200131,SPY,19:07,19:07:00.000000000,321.87,600,321.90,100,19:07:34.737008074,321.88,14,19:07:00.000000000,321.87,600,19:07:00.000000000,321.90,100,19:07:34.737008074,321.88,14,19:07:00.000000000,321.87,600,19:07:00.000000000,321.90,100,19:07:34.750451500,321.87,3,19:07:59.999999999,321.87,700,321.90,100,19:07:34.750451500,321.87,3,0.03,0.03,,321.87961,4,3,74,0,0,0,0,77,8,0,,0,17,0,60,0,-0.53896,-0.17965,321.87,321.90
20200131,SPY,19:08,19:08:00.000000000,321.87,700,321.90,100,19:08:36.173698587,321.87,300,19:08:00.000000000,321.87,700,19:08:00.000000000,321.90,100,19:08:36.173698587,321.87,300,19:08:00.000000000,321.87,700,19:08:00.000000000,321.90,100,19:08:36.173698587,321.87,300,19:08:59.999999999,321.87,400,321.90,200,19:08:36.173698587,321.87,300,0.03,0.03,,,4,300,0,0,0,0,0,0,1,300,321.87,0,0,0,300,0,,,321.87,321.90
20200131,SPY,19:09,19:09:00.000000000,321.87,400,321.90,200,19:09:36.589579146,321.87,300,19:09:00.000000000,321.87,400,19:09:59.815000285,321.93,100,19:09:36.589579146,321.87,300,19:09:36.590662262,321.85,38900,19:09:36.591497184,321.86,700,19:09:36.590678928,321.86,10,19:09:59.999999999,321.86,300,321.93,100,19:09:43.469668732,321.86,474,0.01,0.07,,321.86377,28,369,881,0,0,250,0,1500,7,0,,0,10,0,1490,0,-1.03533,-0.1896,321.86452,321.89551
20200131,SPY,19:10,19:10:00.000000000,321.86,300,321.93,100,19:10:03.802694765,321.82,15,19:10:00.000000000,321.86,300,19:10:00.000000000,321.93,100,19:10:07.222249664,321.87,69,19:10:07.222878770,321.85,38900,19:10:07.222145845,321.86,300,19:10:03.802694765,321.82,15,19:10:59.999999999,321.85,38800,321.86,500,19:10:55.130657593,321.86,50,0.01,0.07,,321.85808,32,301,0,0,0,1823,269,2268,92,125,321.852,103,415,410,1465,0,0.07077,0.35705,321.8512,321.86843
20200131,SPY,19:11,19:11:00.000000000,321.85,38800,321.86,500,19:11:17.982436972,321.85,100,19:11:36.943708688,321.86,100,19:11:36.313686405,321.87,100,19:11:41.654475886,321.86,100,19:11:00.000000000,321.85,38800,19:11:00.000000000,321.86,500,19:11:17.982436972,321.85,100,19:11:59.999999999,321.85,38700,321.86,300,19:11:46.717814752,321.86,54,0.01,0.02,,321.85822,16,130,0,0,0,600,0,730,6,0,,100,100,500,30,0,0.32192,0.32192,321.85039,321.86072
20200131,SPY,19:12,19:12:00.000000000,321.85,38700,321.86,300,19:12:12.850998412,321.86,3,19:12:00.000000000,321.85,38700,19:12:00.000000000,321.86,300,19:12:12.850998412,321.86,3,19:12:00.000000000,321.85,38700,19:12:00.000000000,321.86,300,19:12:18.373245876,321.85,1000,19:12:59.999999999,321.85,37700,321.86,800,19:12:56.060815517,321.86,300,0.01,0.01,,321.85559,8,1005,0,0,0,1272,0,2277,9,0,,297,1005,975,0,0,0.05863,0.05863,321.85,321.86
20200131,SPY,19:13,19:13:00.000000000,321.85,37700,321.86,800,,,,19:13:00.000000000,321.85,37700,19:13:00.000000000,321.86,800,,,,19:13:00.000000000,321.85,37700,19:13:00.000000000,321.86,800,,,,19:13:59.999999999,321.85,37700,321.86,800,,,,0.01,0.01,,,0,0,0,0,0,0,0,0,0,0,,0,0,0,0,0,,,321.85,321.86
20200131,SPY,19:14,19:14:00.000000000,321.85,37700,321.86,800,19:14:08.437144069,321.86,250,19:14:00.000000000,321.85,37700,19:14:00.000000000,321.86,800,19:14:08.437144069,321.86,250,19:14:00.000000000,321.85,37700,19:14:00.000000000,321.86,800,19:14:08.437144069,321.86,250,19:14:59.999999999,321.85,37700,321.86,400,19:14:41.292025886,321.86,100,0.01,0.01,,321.86,4,0,0,0,0,400,0,400,3,0,,0,0,400,0,0,0.50,0.50,321.85,321.86
20200131,SPY,19:15,19:15:00.000000000,321.85,37700,321.86,400,,,,19:15:00.000000000,321.85,37700,19:15:00.000000000,321.86,400,,,,19:15:00.000000000,321.85,37700,19:15:00.000000000,321.86,400,,,,19:15:59.999999999,321.85,37900,321.86,400,,,,0.01,0.01,,,2,0,0,0,0,0,0,0,0,0,,0,0,0,0,0,,,321.85,321.86
20200131,SPY,19:16,19:16:00.000000000,321.85,37900,321.86,400,19:16:03.076690309,321.82,8,19:16:00.000000000,321.85,37900,19:16:00.000000000,321.86,400,19:16:09.972096332,321.86,200,19:16:00.000000000,321.85,37900,19:16:00.000000000,321.86,400,19:16:03.076690309,321.82,8,19:16:59.999999999,321.85,36400,321.86,300,19:16:52.879821954,321.85,500,0.01,0.01,,321.84807,6,2316,0,0,0,500,0,2316,49,500,321.85,1400,716,100,600,0,-0.69344,-0.69344,321.85,321.86
20200131,SPY,19:17,19:17:00.000000000,321.85,36400,321.86,300,19:17:03.627520470,321.85,10,19:17:20.698567808,321.87,1400,19:17:20.698567808,321.92,500,19:17:20.698599847,321.87,100,19:17:00.000000000,321.85,36400,19:17:00.000000000,321.86,300,19:17:03.627520470,321.85,10,19:17:59.999999999,321.87,400,321.92,500,19:17:21.569101205,321.87,921,0.01,0.05,,321.85807,14,2739,0,0,0,0,0,2539,7,200,321.85,108,0,921,1710,0,-1.30425,-0.50,321.86415,321.90071
20200131,SPY,19:18,19:18:00.000000000,321.87,400,321.92,500,19:18:10.266337040,321.92,5,19:18:00.000000000,321.87,400,19:18:00.000000000,321.92,500,19:18:10.266337040,321.92,5,19:18:00.000000000,321.87,400,19:18:00.000000000,321.92,500,19:18:10.266337040,321.92,5,19:18:59.999999999,321.87,400,321.92,400,19:18:23.271906385,321.92,30,0.05,0.05,,321.92,2,0,0,0,0,35,0,5,2,30,321.92,5,0,30,0,0,2.50,0.50,321.87,321.92
20200131,SPY,19:19,19:19:00.000000000,321.87,400,321.92,400,,,,19:19:00.000000000,321.87,400,19:19:00.000000000,321.92,400,,,,19:19:00.000000000,321.87,400,19:19:55.279857221,321.90,100,,,,19:19:59.999999999,321.87,400,321.90,100,,,,0.03,0.05,,,2,0,0,0,0,0,0,0,0,0,,0,0,0,0,0,,,321.87,321.91843
20200131,SPY,19:20,19:20:00.000000000,321.87,400,321.90,100,19:20:07.758944768,321.89,8,19:20:07.756493134,321.89,100,19:20:12.084452727,321.92,600,19:20:32.466942268,321.92,20,19:20:00.000000000,321.87,400,19:20:00.000000000,321.90,100,19:20:07.758944768,321.89,8,19:20:59.999999999,321.87,400,321.90,100,19:20:32.466942268,321.92,20,0.01,0.05,,321.902,8,0,0,0,16,104,0,120,4,0,,104,8,0,8,0,1.53333,0.45556,321.87,321.91159
20200131,SPY,19:21,19:21:00.000000000,321.87,400,321.90,100,19:21:03.147703956,321.88,20,19:21:00.000000000,321.87,400,19:21:00.000000000,321.90,100,19:21:03.148098840,321.91,20,19:21:00.000000000,321.87,400,19:21:03.147536968,321.88,100,19:21:26.644045075,321.87,11,19:21:59.999999999,321.87,500,321.90,100,19:21:26.644045075,321.87,11,0.01,0.03,,321.88408,6,11,89,0,0,20,0,120,4,0,,20,100,0,0,0,-0.09167,-0.03056,321.87,321.90
20200131,SPY,19:22,19:22:00.000000000,321.87,500,321.90,100,19:22:07.558545631,321.87,120,19:22:00.000000000,321.87,500,19:22:00.000000000,321.90,100,19:22:25.347040998,321.90,1,19:22:35.964406919,321.85,34900,19:22:53.539641353,321.85,100,19:22:40.204736639,321.82,2,19:22:59.999999999,321.85,32200,321.90,300,19:22:54.545583574,321.85,100,0.02,0.05,,321.85566,26,2780,500,69,0,418,0,3767,12,0,,92,2883,0,792,0,-0.76453,-0.32758,321.86199,321.89151
20200131,SPY,19:23,19:23:00.000000000,321.85,32200,321.90,300,19:23:09.614588661,321.90,1,19:23:00.000000000,321.85,32200,19:23:00.000000000,321.90,300,19:23:09.614588661,321.90,1,19:23:00.000000000,321.85,32200,19:23:16.377770847,321.85,100,19:23:17.384864722,321.85,100,19:23:59.999999999,321.85,31900,321.88,100,19:23:57.363573426,321.85,15,0.03,0.05,,321.85098,10,315,10,0,0,4,0,328,6,1,321.90,14,300,0,15,0,-1.7378,-0.47561,321.85,321.88792
20200131,SPY,19:24,19:24:00.000000000,321.85,31900,321.88,100,19:24:01.855867513,321.88,1,19:24:00.000000000,321.85,31900,19:24:00.000000000,321.88,100,19:24:01.855867513,321.88,1,19:24:00.000000000,321.85,31900,19:24:00.000000000,321.88,100,19:24:41.427670793,321.85,73,19:24:59.999999999,321.85,31900,321.88,100,19:24:41.427670793,321.85,73,0.03,0.03,,,0,73,0,0,0,1,0,0,2,74,321.85041,1,73,0,0,0,,,321.85,321.88
20200131,SPY,19:25,19:25:00.000000000,321.85,31900,321.88,100,19:25:10.876811668,321.88,1,19:25:58.564026343,321.88,300,19:25:12.037413098,321.92,600,19:25:30.300626949,321.8850,1,19:25:00.000000000,321.85,31900,19:25:33.569028219,321.87,100,19:25:46.913875221,321.87,69,19:25:59.999999999,321.88,300,321.92,600,19:25:58.578487713,321.88,7,0.02,0.07,,321.87855,16,90,531,1,0,70,0,691,16,1,321.885,30,69,562,31,0,-0.58755,-0.07577,321.85305,321.90085
20200131,SPY,19:26,19:26:00.000000000,321.88,300,321.92,600,19:26:03.972852408,321.88,8,19:26:05.108653613,321.89,200,19:26:00.000000000,321.92,600,19:26:06.397491876,321.92,1,19:26:00.000000000,321.88,300,19:26:00.000000000,321.92,600,19:26:03.972852408,321.88,8,19:26:59.999999999,321.88,300,321.92,600,19:26:51.210248789,321.89,131,0.03,0.04,,321.88941,12,55,300,0,0,1,0,356,10,0,,8,169,48,131,0,-1.10393,-0.28652,321.88768,321.92
20200131,SPY,19:27,19:27:00.000000000,321.88,300,321.92,600,19:27:16.329879915,321.89,69,19:27:36.571860228,321.90,200,19:27:00.000000000,321.92,600,19:27:39.471132721,321.92,1,19:27:00.000000000,321.88,300,19:27:16.329860502,321.89,100,19:27:26.771422012,321.88,10,19:27:59.999999999,321.90,200,321.92,600,19:27:39.471132721,321.92,1,0.01,0.04,,321.88915,8,153,0,0,0,108,0,117,5,144,321.88028,1,10,0,250,0,0.41453,0.41453,321.88781,321.91395
20200131,SPY,19:28,19:28:00.000000000,321.90,200,321.92,600,19:28:04.272001352,321.90,42,19:28:00.000000000,321.90,200,19:28:00.000000000,321.92,600,19:28:04.272001352,321.90,42,19:28:00.000000000,321.90,200,19:28:08.624527121,321.91,200,19:28:41.140488074,321.83,3,19:28:59.999999999,321.90,100,321.92,600,19:28:51.454082547,321.90,19,0.01,0.02,,321.88071,6,85,0,0,0,0,0,85,7,0,,19,47,0,19,0,-2.92941,-1.46471,321.90,321.91695
20200131,SPY,19:29,19:29:00.000000000,321.90,100,321.92,600,19:29:15.679575274,321.92,9,19:29:00.000000000,321.90,100,19:29:00.000000000,321.92,600,19:29:15.679575274,321.92,9,19:29:30.401494410,321.85,32000,19:29:56.782985522,321.88,400,19:29:20.408756181,321.85,9,19:29:59.999999999,321.85,32000,321.88,400,19:29:30.401500074,321.88,102,0.02,0.05,,321.88536,14,195,0,46,102,302,0,636,21,9,321.92,261,157,102,125,0,-0.22327,-0.13569,321.8709,321.90463
20200131,SPY,19:30,19:30:00.000000000,321.85,32000,321.88,400,19:30:19.281110256,321.86,69,19:30:00.000000000,321.85,32000,19:30:19.279602722,321.90,300,19:30:19.281971250,321.88,76,19:30:00.000000000,321.85,32000,19:30:00.000000000,321.88,400,19:30:19.281981130,321.85,255,19:30:59.999999999,321.85,30600,321.88,100,19:30:39.389283937,321.85,1000,0.03,0.05,,321.85202,8,1325,69,0,76,0,0,1470,5,0,,76,324,0,1070,0,-2.29796,-0.45959,321.85,321.8898
20200131,SPY,19:31,19:31:00.000000000,321.85,30600,321.88,100,19:31:07.326291483,321.88,100,19:31:07.326265829,321.88,200,19:31:07.326265829,321.90,300,19:31:07.326291483,321.88,100,19:31:00.000000000,321.85,30600,19:31:00.000000000,321.88,100,19:31:07.326291483,321.88,100,19:31:59.999999999,321.88,200,321.90,1300,19:31:07.326291483,321.88,100,0.02,0.03,,321.88,4,100,0,0,0,0,0,100,1,0,,100,0,0,0,0,-1.00,-0.50,321.87634,321.89756
20200131,SPY,19:32,19:32:00.000000000,321.88,200,321.90,1300,19:32:02.113926544,321.88,200,19:32:00.000000000,321.88,200,19:32:00.000000000,321.90,1300,19:32:59.390302128,321.90,7,19:32:02.113881282,321.85,30600,19:32:44.724766927,321.85,500,19:32:22.621470012,321.84,3,19:32:59.999999999,321.85,29000,321.90,1100,19:32:59.390322108,321.90,193,0.01,0.05,,321.85831,16,1522,0,0,200,200,0,1922,7,0,,26,1003,893,0,0,-1.64932,-0.33382,321.85106,321.88521
20200131,SPY,19:33,19:33:00.000000000,321.85,29000,321.90,1100,19:33:04.772491734,321.85,1000,19:33:00.000000000,321.85,29000,19:33:00.000000000,321.90,1100,19:33:39.467357452,321.90,1,19:33:00.000000000,321.85,29000,19:33:00.000000000,321.90,1100,19:33:04.772491734,321.85,1000,19:33:59.999999999,321.85,28100,321.90,1700,19:33:39.467357452,321.90,1,0.05,0.05,,321.85,4,1000,0,0,0,1,0,1000,2,1,321.90,1,1000,0,0,0,-2.50,-0.50,321.85,321.90
20200131,SPY,19:34,19:34:00.000000000,321.85,28100,321.90,1700,19:34:32.779677691,321.86,69,19:34:34.395924019,321.86,900,19:34:00.000000000,321.90,1700,19:34:49.011429096,321.90,27,19:34:00.000000000,321.85,28100,19:34:00.000000000,321.90,1700,19:34:32.779699704,321.85,181,19:34:59.999999999,321.86,900,321.90,1800,19:34:49.011429096,321.90,27,0.04,0.05,,321.85736,4,181,69,0,0,27,0,277,3,0,,27,250,0,0,0,-1.81227,-0.35271,321.85427,321.90
20200131,SPY,19:35,19:35:00.000000000,321.86,900,321.90,1800,19:35:01.578739450,321.84,5,19:35:36.400667736,321.88,900,19:35:00.000000000,321.90,1800,19:35:57.355342242,321.90,1,19:35:00.000000000,321.86,900,19:35:19.253641105,321.88,100,19:35:01.578739450,321.84,5,19:35:59.999999999,321.86,500,321.90,1800,19:35:57.355342242,321.90,1,0.02,0.04,,321.86359,14,389,0,1000,0,1,0,390,17,1000,321.88,401,5,979,5,0,-1.83846,-0.51026,321.86083,321.8945
20200131,SPY,19:36,19:36:00.000000000,321.86,500,321.90,1800,,,,19:36:00.000000000,321.86,500,19:36:00.000000000,321.90,1800,,,,19:36:00.000000000,321.86,500,19:36:00.000000000,321.90,1800,,,,19:36:59.999999999,321.86,500,321.90,1800,,,,0.04,0.04,,,0,0,0,0,0,0,0,0,0,0,,0,0,0,0,0,,,321.86,321.90
20200131,SPY,19:37,19:37:00.000000000,321.86,500,321.90,1800,19:37:26.215484526,321.87,8,19:37:00.000000000,321.86,500,19:37:00.000000000,321.90,1800,19:37:34.362529460,321.88,1,19:37:00.000000000,321.86,500,19:37:34.363462026,321.87,200,19:37:26.215484526,321.87,8,19:37:59.999999999,321.86,500,321.87,400,19:37:34.366330056,321.87,346,0.01,0.04,,321.87002,12,0,93,1,0,476,0,570,7,0,,1,77,0,492,0,0.25439,0.37675,321.86,321.88718
20200131,SPY,19:38,19:38:00.000000000,321.86,500,321.87,400,19:38:07.787279075,321.87,3,19:38:00.000000000,321.86,500,19:38:00.000000000,321.87,400,19:38:07.787279075,321.87,3,19:38:08.340808304,321.85,28000,19:38:00.000000000,321.87,400,19:38:38.934451812,321.85,200,19:38:59.999999999,321.85,28000,321.87,300,19:38:38.934451812,321.85,200,0.01,0.02,,321.86006,2,700,0,0,0,3,0,503,3,200,321.85,0,700,0,3,0,-0.49404,-0.49404,321.85139,321.87
20200131,SPY,19:39,19:39:00.000000000,321.85,28000,321.87,300,19:39:22.975013295,321.86,99,19:39:31.173026528,321.86,100,19:39:31.167560648,321.90,1900,19:39:40.225089182,321.90,10,19:39:00.000000000,321.85,28000,19:39:00.000000000,321.87,300,19:39:22.975025842,321.85,1901,19:39:59.999999999,321.85,25900,321.90,1900,19:39:40.225089182,321.90,10,0.01,0.05,,321.8537,18,1931,200,99,0,210,0,2430,7,10,321.90,309,1901,200,30,0,-0.7535,-0.3644,321.85,321.88441
20200131,SPY,19:40,19:40:00.000000000,321.85,25900,321.90,1900,19:40:33.819292459,321.90,1,19:40:00.000000000,321.85,25900,19:40:00.000000000,321.90,1900,19:40:33.819292459,321.90,1,19:40:00.000000000,321.85,25900,19:40:00.000000000,321.90,1900,19:40:58.262009395,321.84,1,19:40:59.999999999,321.85,26000,321.90,1900,19:40:58.262009395,321.84,1,0.05,0.05,,321.89455,2,1,0,0,0,40,0,11,4,30,321.90,0,1,40,0,0,1.95455,0.39091,321.85,321.90
20200131,SPY,19:41,19:41:00.000000000,321.85,26000,321.90,1900,19:41:47.292078537,321.90,100,19:41:00.000000000,321.85,26000,19:41:00.000000000,321.90,1900,19:41:47.292078537,321.90,100,19:41:00.000000000,321.85,26000,19:41:00.000000000,321.90,1900,19:41:47.292078537,321.90,100,19:41:59.999999999,321.85,26000,321.90,900,19:41:47.292078537,321.90,100,0.05,0.05,,,2,0,0,0,0,100,0,0,1,100,321.90,100,0,0,0,0,,,321.85,321.90
20200131,SPY,19:42,19:42:00.000000000,321.85,26000,321.90,900,19:42:01.538266603,321.87,31,19:42:00.000000000,321.85,26000,19:42:00.000000000,321.90,900,19:42:04.080312997,321.90,50,19:42:00.000000000,321.85,26000,19:42:49.167746242,321.85,100,19:42:01.538282684,321.85,769,19:42:59.999999999,321.85,25100,321.90,900,19:42:50.170658096,321.85,100,0.01,0.05,,321.85103,16,869,31,0,0,66,0,916,6,50,321.90,50,908,0,8,0,-2.36245,-0.45153,321.85,321.89171
20200131,SPY,19:43,19:43:00.000000000,321.85,25100,321.90,900,19:43:06.305510708,321.87,50,19:43:59.296811934,321.86,300,19:43:00.000000000,321.90,900,19:43:53.647118520,321.88,22,19:43:00.000000000,321.85,25100,19:43:15.729922139,321.88,100,19:43:06.306409139,321.85,150,19:43:59.999999999,321.86,300,321.90,1100,19:43:53.647118520,321.88,22,0.03,0.05,,321.85778,8,150,80,0,22,0,0,252,4,0,,102,150,0,0,0,-1.72222,-0.34444,321.85012,321.88736
20200131,SPY,19:44,19:44:00.000000000,321.86,300,321.90,1100,,,,19:44:00.000000000,321.86,300,19:44:00.000000000,321.90,1100,,,,19:44:00.000000000,321.86,300,19:44:19.626657884,321.88,100,,,,19:44:59.999999999,321.86,300,321.88,100,,,,0.02,0.04,,,4,0,0,0,0,0,0,0,0,0,,0,0,0,0,0,,,321.86,321.88654
20200131,SPY,19:45,19:45:00.000000000,321.86,300,321.88,100,19:45:18.440115052,321.86,100,19:45:00.000000000,321.86,300,19:45:00.000000000,321.88,100,19:45:20.398690830,321.87,1,19:45:00.000000000,321.86,300,19:45:27.779545613,321.87,100,19:45:18.440115052,321.86,100,19:45:59.999999999,321.86,200,321.87,100,19:45:20.398690830,321.87,1,0.01,0.02,,321.8601,4,100,0,1,0,0,0,101,2,0,,1,100,0,0,0,-0.9901,-0.49505,321.86,321.87463
20200131,SPY,19:46,19:46:00.000000000,321.86,200,321.87,100,19:46:40.528911997,321.87,2,19:46:00.000000000,321.86,200,19:46:00.000000000,321.87,100,19:46:40.528911997,321.87,2,19:46:00.000000000,321.86,200,19:46:00.000000000,321.87,100,19:46:40.528911997,321.87,2,19:46:59.999999999,321.86,500,321.87,100,19:46:40.528911997,321.87,2,0.01,0.01,,,2,0,0,0,0,2,0,0,1,2,321.87,0,0,2,0,0,,,321.86,321.87
20200131,SPY,19:47,19:47:00.000000000,321.86,500,321.87,100,19:47:01.631184544,321.87,5,19:47:00.000000000,321.86,500,19:47:00.000000000,321.87,100,19:47:01.631184544,321.87,5,19:47:33.028712606,321.85,24900,19:47:00.000000000,321.87,100,19:47:56.157459527,321.84,6,19:47:59.999999999,321.85,24900,321.87,100,19:47:57.142405607,321.84,9,0.01,0.02,,321.85948,2,15,0,500,0,8,0,518,7,5,321.87,1,206,7,309,0,-0.05405,-0.02606,321.8555,321.87
20200131,SPY,19:48,19:48:00.000000000,321.85,24900,321.87,100,19:48:19.786741841,321.86,170,19:48:19.786640015,321.86,100,19:48:19.786640015,321.90,900,19:48:46.389288019,321.88,3,19:48:00.000000000,321.85,24900,19:48:05.067659882,321.86,100,19:48:19.786741841,321.86,170,19:48:59.999999999,321.86,100,321.90,900,19:48:46.389288019,321.88,3,0.01,0.04,,321.86035,4,170,0,3,0,0,0,173,2,0,,173,0,0,0,0,-1.96532,-0.49133,321.8567,321.88765
20200131,SPY,19:49,19:49:00.000000000,321.86,100,321.90,900,,,,19:49:00.000000000,321.86,100,19:49:00.000000000,321.90,900,,,,19:49:00.000000000,321.86,100,19:49:00.000000000,321.90,900,,,,19:49:59.999999999,321.86,100,321.90,900,,,,0.04,0.04,,,0,0,0,0,0,0,0,0,0,0,,0,0,0,0,0,,,321.86,321.90
20200131,SPY,19:50,19:50:00.000000000,321.86,100,321.90,900,19:50:41.944047468,321.86,16,19:50:00.000000000,321.86,100,19:50:00.000000000,321.90,900,19:50:57.347970986,321.89,1,19:50:51.063380694,321.85,24900,19:50:51.587339715,321.89,100,19:50:57.613249484,321.85,70,19:50:59.999999999,321.85,24800,321.89,100,19:50:57.613249484,321.85,70,0.04,0.05,,321.85213,6,89,0,0,0,1,0,89,4,1,321.89,1,86,0,3,0,-2.00,-0.50,321.85851,321.8986
20200131,SPY,19:51,19:51:00.000000000,321.85,24800,321.89,100,19:51:08.372895199,321.89,1,19:51:00.000000000,321.85,24800,19:51:00.000000000,321.89,100,19:51:08.372895199,321.89,1,19:51:00.000000000,321.85,24800,19:51:00.000000000,321.89,100,19:51:29.665471011,321.86,47,19:51:59.999999999,321.85,24900,321.89,100,19:51:29.665490720,321.88,3,0.04,0.04,,321.8612,2,0,47,0,3,1,0,50,3,1,321.89,4,47,0,0,0,-0.88,-0.22,321.85,321.89
20200131,SPY,19:52,19:52:00.000000000,321.85,24900,321.89,100,19:52:03.173461436,321.86,27,19:52:00.000000000,321.85,24900,19:52:03.097250821,321.90,800,19:52:28.468892429,321.89,1,19:52:00.000000000,321.85,24900,19:52:00.000000000,321.89,100,19:52:46.197087719,321.84,10,19:52:59.999999999,321.85,23900,321.90,800,19:52:46.199846152,321.84,10,0.04,0.05,,321.85001,4,1006,69,0,75,0,0,1050,11,100,321.8746,1,996,0,153,0,-2.49905,-0.49981,321.85,321.89948
20200131,SPY,19:53,19:53:00.000000000,321.85,23900,321.90,800,19:53:02.229343614,321.89,1,19:53:33.341791495,321.86,100,19:53:00.000000000,321.90,800,19:53:07.556000659,321.90,22,19:53:00.000000000,321.85,23900,19:53:00.000000000,321.90,800,19:53:35.370674998,321.84,5,19:53:59.999999999,321.86,100,321.90,600,19:53:51.242841293,321.84,10,0.04,0.05,,321.8561,6,1950,31,0,98,197,0,2276,17,0,,109,2042,89,36,0,-1.90158,-0.38462,321.85444,321.90
20200131,SPY,19:54,19:54:00.000000000,321.86,100,321.90,600,19:54:10.187799406,321.90,1,19:54:00.000000000,321.86,100,19:54:00.000000000,321.90,600,19:54:10.187799406,321.90,1,19:54:00.000000000,321.86,100,19:54:35.922203712,321.89,300,19:54:45.542229027,321.89,100,19:54:59.999999999,321.86,100,321.89,200,19:54:45.542229027,321.89,100,0.03,0.04,,321.8901,4,0,0,0,0,101,0,101,2,0,,1,100,0,0,0,1.50495,0.50,321.86,321.89599
20200131,SPY,19:55,19:55:00.000000000,321.86,100,321.89,200,,,,19:55:00.000000000,321.86,100,19:55:00.000000000,321.89,200,,,,19:55:00.000000000,321.86,100,19:55:15.426374680,321.88,600,,,,19:55:59.999999999,321.86,100,321.88,600,,,,0.02,0.03,,,2,0,0,0,0,0,0,0,0,0,,0,0,0,0,0,,,321.86,321.88257
20200131,SPY,19:56,19:56:00.000000000,321.86,100,321.88,600,19:56:00.626104529,321.88,25,19:56:00.000000000,321.86,100,19:56:00.000000000,321.88,600,19:56:00.626104529,321.88,25,19:56:05.162063460,321.85,22000,19:56:05.169586983,321.86,800,19:56:17.478282734,321.85,850,19:56:59.999999999,321.85,21200,321.88,500,19:56:37.678619591,321.88,100,0.01,0.03,,321.85467,16,1000,0,0,0,126,0,1125,5,1,321.88,1,1025,100,0,0,-1.11111,-0.38889,321.85086,321.8759
20200131,SPY,19:57,19:57:00.000000000,321.85,21200,321.88,500,19:57:09.203104565,321.87,1,19:57:10.048895393,321.86,100,19:57:00.000000000,321.88,500,19:57:09.203104565,321.87,1,19:57:00.000000000,321.85,21200,19:57:32.866489967,321.86,100,19:57:47.537499144,321.84,3,19:57:59.999999999,321.85,20100,321.86,100,19:57:58.720331312,321.85,500,0.01,0.03,,321.85301,14,1042,0,100,0,170,94,1406,22,0,,500,73,500,333,0,-0.33962,-0.33997,321.8538,321.86885
20200131,SPY,19:58,19:58:00.000000000,321.85,20100,321.86,100,19:58:01.823335607,321.85,85,19:58:00.000000000,321.85,20100,19:58:26.726380799,321.90,600,19:58:26.726288576,321.89,138,19:58:00.000000000,321.85,20100,19:58:00.000000000,321.86,100,19:58:25.680052247,321.84,2,19:58:59.999999999,321.85,16200,321.90,1400,19:58:55.998003203,321.85,98,0.01,0.05,,321.85522,18,5715,312,0,575,148,0,4940,18,1810,321.85006,835,4927,384,604,0,-1.80364,-0.37136,321.85,321.88218
20200131,SPY,19:59,19:59:00.000000000,321.85,16200,321.90,1400,19:59:02.208002209,321.85,100,19:59:02.399379197,321.86,100,19:59:00.000000000,321.90,1400,19:59:35.636140999,322.00,9,19:59:00.000000000,321.85,16200,19:59:38.312813972,321.89,100,19:59:02.208002209,321.85,100,19:59:59.999999999,321.85,15700,321.89,100,19:59:57.135100768,321.89,1,0.03,0.05,,321.85704,26,809,128,0,1,42,0,926,14,54,321.86222,42,309,1,628,0,-1.66199,-0.4108,321.8549,321.89639
20200131,SPY,20:00,20:00:00.000000000,321.85,15700,321.89,100,,,,20:00:00.000000000,321.85,15700,20:00:00.000000000,321.89,100,,,,20:00:00.000000000,321.85,15700,20:00:00.000000000,321.89,100,,,,20:00:59.999999999,321.85,15700,321.89,100,,,,0.04,0.04,,,0,0,0,0,0,0,0,0,0,0,,0,0,0,0,0,,,321.85,321.89
